,Random Forest HOO Accuracy,Decision Tree HOO Accuracy,Feature  1,Feature  2,Feature  3
1,0.8235294117647058,0.6176470588235294,molWeight,molVolume,molLogS
3,0.8235294117647058,0.7058823529411765,molWeight,molVolume,molArea
14,0.8235294117647058,0.6176470588235294,molWeight,molVolume,a_heavy
15,0.8529411764705882,0.6764705882352942,molWeight,molVolume,C_R2
19,0.8529411764705882,0.6764705882352942,molWeight,molVolume,posCharge/Volume
22,0.8235294117647058,0.7058823529411765,molWeight,molVolume,nof_Fragments
23,0.8529411764705882,0.6764705882352942,molWeight,molVolume,nof_PO4
24,0.8235294117647058,0.6470588235294118,molWeight,molVolume,nof_SO3H
25,0.8529411764705882,0.6764705882352942,molWeight,molVolume,nof_SH
40,0.8235294117647058,0.7647058823529411,molWeight,molLogP,Complexity
42,0.8235294117647058,0.7352941176470589,molWeight,molLogP,nof_negCharge
56,0.8823529411764706,0.7058823529411765,molWeight,molLogP,nof_COOH
60,0.8235294117647058,0.6176470588235294,molWeight,molLogS,molArea
79,0.8235294117647058,0.7058823529411765,molWeight,molLogS,nof_Fragments
97,0.8529411764705882,0.7352941176470589,molWeight,molPSA,nof_negCharge
116,0.8235294117647058,0.7352941176470589,molWeight,molArea,nof_Chirals
117,0.8235294117647058,0.6764705882352942,molWeight,molArea,nof_HBA
121,0.8235294117647058,0.8529411764705882,molWeight,molArea,Complexity
125,0.8235294117647058,0.7058823529411765,molWeight,molArea,C_R2
129,0.8235294117647058,0.7058823529411765,molWeight,molArea,posCharge/Volume
130,0.8235294117647058,0.7352941176470589,molWeight,molArea,negCharge/Volume
132,0.8235294117647058,0.7352941176470589,molWeight,molArea,nof_Fragments
134,0.8235294117647058,0.7058823529411765,molWeight,molArea,nof_SO3H
135,0.8235294117647058,0.7058823529411765,molWeight,molArea,nof_SH
137,0.8235294117647058,0.7058823529411765,molWeight,molArea,nof_COOH
138,0.8235294117647058,0.7058823529411765,molWeight,molArea,nof_OH
144,0.8235294117647058,0.6470588235294118,molWeight,PSA/Area,molCharge_total
148,0.8529411764705882,0.6764705882352942,molWeight,PSA/Area,nof_negCharge
162,0.8529411764705882,0.7058823529411765,molWeight,PSA/Area,nof_COOH
169,0.8235294117647058,0.7941176470588235,molWeight,nof_Atoms,nof_Rings
173,0.8235294117647058,0.7352941176470589,molWeight,nof_Atoms,a_heavy
193,0.8529411764705882,0.7941176470588235,molWeight,nof_Chirals,Complexity
212,0.8235294117647058,0.7058823529411765,molWeight,nof_HBA,nof_HBD
213,0.8529411764705882,0.7058823529411765,molWeight,nof_HBA,molCharge_total
215,0.8235294117647058,0.8823529411764706,molWeight,nof_HBA,Complexity
217,0.8529411764705882,0.7352941176470589,molWeight,nof_HBA,nof_negCharge
225,0.8823529411764706,0.7058823529411765,molWeight,nof_HBA,nof_RotB
231,0.8529411764705882,0.7058823529411765,molWeight,nof_HBA,nof_COOH
246,0.8235294117647058,0.7058823529411765,molWeight,nof_HBD,nof_RotB
251,0.8235294117647058,0.7352941176470589,molWeight,nof_HBD,nof_NH2
256,0.8529411764705882,0.8235294117647058,molWeight,molCharge_total,Complexity
266,0.8235294117647058,0.7058823529411765,molWeight,molCharge_total,nof_RotB
271,0.8529411764705882,0.7058823529411765,molWeight,molCharge_total,nof_NH2
273,0.8235294117647058,0.7058823529411765,molWeight,molCharge_total,nof_OH
275,0.8529411764705882,0.8235294117647058,molWeight,nof_Rings,Complexity
278,0.8529411764705882,0.7058823529411765,molWeight,nof_Rings,a_heavy
285,0.8235294117647058,0.7352941176470589,molWeight,nof_Rings,nof_RotB
295,0.8823529411764706,0.8235294117647058,molWeight,Complexity,nof_negCharge
305,0.8529411764705882,0.7941176470588235,molWeight,Complexity,nof_PO4
306,0.8235294117647058,0.7941176470588235,molWeight,Complexity,nof_SO3H
308,0.8235294117647058,0.7941176470588235,molWeight,Complexity,nof_NH2
309,0.8529411764705882,0.7941176470588235,molWeight,Complexity,nof_COOH
325,0.8235294117647058,0.7058823529411765,molWeight,nof_posCharge,nof_NH2
332,0.8235294117647058,0.6764705882352942,molWeight,nof_negCharge,C_R0
334,0.8235294117647058,0.6764705882352942,molWeight,nof_negCharge,posCharge/Volume
336,0.8235294117647058,0.7058823529411765,molWeight,nof_negCharge,nof_RotB
341,0.8529411764705882,0.7058823529411765,molWeight,nof_negCharge,nof_NH2
351,0.8235294117647058,0.7058823529411765,molWeight,a_heavy,nof_RotB
356,0.8235294117647058,0.6764705882352942,molWeight,a_heavy,nof_NH2
363,0.8235294117647058,0.7058823529411765,molWeight,C_R2,posCharge/Volume
371,0.8235294117647058,0.7058823529411765,molWeight,C_R2,nof_COOH
410,0.8235294117647058,0.7647058823529411,molWeight,posCharge/Volume,negCharge/Volume
413,0.8235294117647058,0.7058823529411765,molWeight,posCharge/Volume,nof_PO4
414,0.8235294117647058,0.7058823529411765,molWeight,posCharge/Volume,nof_SO3H
415,0.8235294117647058,0.7058823529411765,molWeight,posCharge/Volume,nof_SH
417,0.8529411764705882,0.7058823529411765,molWeight,posCharge/Volume,nof_COOH
418,0.8235294117647058,0.7058823529411765,molWeight,posCharge/Volume,nof_OH
430,0.8235294117647058,0.7058823529411765,molWeight,nof_RotB,nof_PO4
431,0.8235294117647058,0.7058823529411765,molWeight,nof_RotB,nof_SO3H
434,0.8235294117647058,0.7058823529411765,molWeight,nof_RotB,nof_COOH
446,0.8529411764705882,0.7058823529411765,molWeight,nof_PO4,nof_NH2
451,0.8235294117647058,0.7058823529411765,molWeight,nof_SO3H,nof_NH2
455,0.8235294117647058,0.7058823529411765,molWeight,nof_SH,nof_NH2
456,0.8235294117647058,0.7058823529411765,molWeight,nof_SH,nof_COOH
459,0.8823529411764706,0.7352941176470589,molWeight,nof_NH2,nof_COOH
460,0.8529411764705882,0.7058823529411765,molWeight,nof_NH2,nof_OH
462,0.8235294117647058,0.7058823529411765,molWeight,nof_COOH,nof_OH
499,0.8235294117647058,0.6470588235294118,molVolume,molLogS,nof_HBA
597,0.8529411764705882,0.7058823529411765,molVolume,PSA/Area,nof_COOH
604,0.8235294117647058,0.6176470588235294,molVolume,nof_Atoms,nof_Rings
624,0.8235294117647058,0.7058823529411765,molVolume,nof_Chirals,nof_HBA
627,0.8235294117647058,0.6470588235294118,molVolume,nof_Chirals,nof_Rings
628,0.8235294117647058,0.7941176470588235,molVolume,nof_Chirals,Complexity
652,0.8529411764705882,0.7058823529411765,molVolume,nof_HBA,nof_negCharge
666,0.8823529411764706,0.6764705882352942,molVolume,nof_HBA,nof_COOH
671,0.8529411764705882,0.7941176470588235,molVolume,nof_HBD,Complexity
691,0.8235294117647058,0.7941176470588235,molVolume,molCharge_total,Complexity
706,0.8529411764705882,0.6764705882352942,molVolume,molCharge_total,nof_NH2
710,0.8235294117647058,0.7941176470588235,molVolume,nof_Rings,Complexity
730,0.8235294117647058,0.7941176470588235,molVolume,Complexity,nof_negCharge
744,0.8529411764705882,0.7941176470588235,molVolume,Complexity,nof_COOH
798,0.8235294117647058,0.6764705882352942,molVolume,C_R2,posCharge/Volume
848,0.8235294117647058,0.6764705882352942,molVolume,posCharge/Volume,nof_PO4
849,0.8235294117647058,0.6764705882352942,molVolume,posCharge/Volume,nof_SO3H
894,0.8235294117647058,0.7352941176470589,molVolume,nof_NH2,nof_COOH
1198,0.8235294117647058,0.6176470588235294,molLogP,a_heavy,nof_COOH
1312,0.8529411764705882,0.8235294117647058,molLogS,molPSA,molCharge_total
1316,0.8529411764705882,0.8235294117647058,molLogS,molPSA,nof_negCharge
1323,0.8235294117647058,0.8235294117647058,molLogS,molPSA,negCharge/Volume
1336,0.8235294117647058,0.6176470588235294,molLogS,molArea,nof_HBA
1340,0.9117647058823528,0.7647058823529411,molLogS,molArea,Complexity
1362,0.8235294117647058,0.5882352941176471,molLogS,PSA/Area,nof_HBD
1525,0.8235294117647058,0.7941176470588235,molLogS,Complexity,nof_SO3H
1526,0.8235294117647058,0.7941176470588235,molLogS,Complexity,nof_SH
1689,0.8235294117647058,0.7058823529411765,molPSA,molArea,molCharge_total
1693,0.8235294117647058,0.7352941176470589,molPSA,molArea,nof_negCharge
1732,0.8235294117647058,0.6176470588235294,molPSA,PSA/Area,nof_COOH
2057,0.8529411764705882,0.7058823529411765,molArea,PSA/Area,nof_COOH
2084,0.8529411764705882,0.6764705882352942,molArea,nof_Chirals,nof_HBA
2088,0.8235294117647058,0.8529411764705882,molArea,nof_Chirals,Complexity
2108,0.8529411764705882,0.7058823529411765,molArea,nof_HBA,molCharge_total
2110,0.8235294117647058,0.8823529411764706,molArea,nof_HBA,Complexity
2112,0.8529411764705882,0.6764705882352942,molArea,nof_HBA,nof_negCharge
2122,0.8235294117647058,0.7058823529411765,molArea,nof_HBA,nof_PO4
2123,0.8235294117647058,0.7352941176470589,molArea,nof_HBA,nof_SO3H
2126,0.8529411764705882,0.7058823529411765,molArea,nof_HBA,nof_COOH
2131,0.8235294117647058,0.8529411764705882,molArea,nof_HBD,Complexity
2170,0.8235294117647058,0.8529411764705882,molArea,nof_Rings,Complexity
2190,0.8823529411764706,0.8529411764705882,molArea,Complexity,nof_negCharge
2191,0.8235294117647058,0.8529411764705882,molArea,Complexity,a_heavy
2192,0.8235294117647058,0.8529411764705882,molArea,Complexity,C_R2
2196,0.8529411764705882,0.8529411764705882,molArea,Complexity,posCharge/Volume
2200,0.8529411764705882,0.8529411764705882,molArea,Complexity,nof_PO4
2201,0.8529411764705882,0.8529411764705882,molArea,Complexity,nof_SO3H
2202,0.8529411764705882,0.8529411764705882,molArea,Complexity,nof_SH
2204,0.8823529411764706,0.8529411764705882,molArea,Complexity,nof_COOH
2205,0.8529411764705882,0.8529411764705882,molArea,Complexity,nof_OH
2229,0.8235294117647058,0.7647058823529411,molArea,nof_negCharge,posCharge/Volume
2305,0.8823529411764706,0.6764705882352942,molArea,posCharge/Volume,negCharge/Volume
2312,0.8529411764705882,0.7647058823529411,molArea,posCharge/Volume,nof_COOH
2317,0.8235294117647058,0.6764705882352942,molArea,negCharge/Volume,nof_PO4
2364,0.8235294117647058,0.7058823529411765,PSA/Area,nof_Atoms,nof_Rings
2450,0.8529411764705882,0.6176470588235294,PSA/Area,molCharge_total,nof_Rings
2466,0.8235294117647058,0.6764705882352942,PSA/Area,molCharge_total,nof_NH2
2471,0.8529411764705882,0.6764705882352942,PSA/Area,nof_Rings,nof_posCharge
2472,0.8823529411764706,0.6470588235294118,PSA/Area,nof_Rings,nof_negCharge
2481,0.8529411764705882,0.7058823529411765,PSA/Area,nof_Rings,nof_Fragments
2482,0.8235294117647058,0.6764705882352942,PSA/Area,nof_Rings,nof_PO4
2486,0.8235294117647058,0.7058823529411765,PSA/Area,nof_Rings,nof_COOH
2532,0.8235294117647058,0.6764705882352942,PSA/Area,nof_negCharge,nof_Fragments
2552,0.8529411764705882,0.6470588235294118,PSA/Area,a_heavy,nof_COOH
2746,0.8235294117647058,0.6470588235294118,nof_Atoms,nof_Rings,Complexity
3306,0.8235294117647058,0.6176470588235294,nof_HBA,a_heavy,nof_RotB
3312,0.8529411764705882,0.6764705882352942,nof_HBA,a_heavy,nof_COOH
3362,0.8529411764705882,0.4705882352941176,nof_HBA,C_sp3,nof_COOH
3389,0.8235294117647058,0.6470588235294118,nof_HBA,nof_RotB,nof_COOH
3651,0.8235294117647058,0.7941176470588235,molCharge_total,Complexity,a_heavy
3822,0.8529411764705882,0.8529411764705882,nof_Rings,Complexity,a_heavy
3829,0.8235294117647058,0.7352941176470589,nof_Rings,Complexity,nof_RotB
3830,0.8529411764705882,0.6764705882352942,nof_Rings,Complexity,nof_Fragments
3878,0.8235294117647058,0.7647058823529411,nof_Rings,a_heavy,nof_Fragments
3889,0.8235294117647058,0.6470588235294118,nof_Rings,C_R2,posCharge/Volume
3940,0.8235294117647058,0.6470588235294118,nof_Rings,posCharge/Volume,nof_SO3H
3941,0.8235294117647058,0.6470588235294118,nof_Rings,posCharge/Volume,nof_SH
4008,0.8529411764705882,0.7941176470588235,Complexity,nof_negCharge,a_heavy
4036,0.8529411764705882,0.7941176470588235,Complexity,a_heavy,nof_COOH
4203,0.8235294117647058,0.7058823529411765,nof_posCharge,C_R0,posCharge/Volume
4346,0.8235294117647058,0.5294117647058824,nof_negCharge,posCharge/Volume,nof_RotB
4457,0.8529411764705882,0.6470588235294118,a_heavy,posCharge/Volume,nof_COOH
4499,0.8235294117647058,0.7941176470588235,a_heavy,nof_NH2,nof_COOH
4519,0.8823529411764706,0.7058823529411765,C_R2,C_R0,posCharge/Volume
4542,0.8529411764705882,0.6176470588235294,C_R2,posCharge/Volume,nof_RotB
4688,0.8823529411764706,0.7058823529411765,C_R0,posCharge/Volume,nof_PO4
4689,0.8529411764705882,0.7058823529411765,C_R0,posCharge/Volume,nof_SO3H
4690,0.8823529411764706,0.7058823529411765,C_R0,posCharge/Volume,nof_SH
4692,0.8235294117647058,0.7058823529411765,C_R0,posCharge/Volume,nof_COOH
4693,0.8235294117647058,0.7058823529411765,C_R0,posCharge/Volume,nof_OH
4798,0.8235294117647058,0.6470588235294118,posCharge/Volume,negCharge/Volume,nof_SO3H
4805,0.8529411764705882,0.6176470588235294,posCharge/Volume,nof_RotB,nof_PO4
4806,0.8235294117647058,0.6176470588235294,posCharge/Volume,nof_RotB,nof_SO3H
4807,0.8529411764705882,0.6176470588235294,posCharge/Volume,nof_RotB,nof_SH
4809,0.8235294117647058,0.6176470588235294,posCharge/Volume,nof_RotB,nof_COOH
