,Random Forest HOO Accuracy,Decision Tree HOO Accuracy,Feature  1,Feature  2,Feature  3,Feature  4
91,0.8529411764705882,0.8529411764705882,molWeight,molVolume,molArea,Complexity
185,0.7941176470588235,0.8529411764705882,molWeight,molVolume,nof_HBA,Complexity
471,0.7941176470588235,0.8235294117647058,molWeight,molLogP,molPSA,Complexity
569,0.8235294117647058,0.8235294117647058,molWeight,molLogP,nof_Chirals,Complexity
591,0.7941176470588235,0.8235294117647058,molWeight,molLogP,nof_HBA,Complexity
670,0.8235294117647058,0.8235294117647058,molWeight,molLogP,Complexity,nof_posCharge
678,0.7941176470588235,0.8235294117647058,molWeight,molLogP,Complexity,negCharge/Volume
685,0.8529411764705882,0.8235294117647058,molWeight,molLogP,Complexity,nof_COOH
969,0.7647058823529411,0.8235294117647058,molWeight,molLogS,nof_HBA,Complexity
1226,0.7941176470588235,0.8235294117647058,molWeight,molPSA,molArea,Complexity
1320,0.7058823529411765,0.8823529411764706,molWeight,molPSA,nof_HBA,Complexity
1361,0.8529411764705882,0.8235294117647058,molWeight,molPSA,molCharge_total,Complexity
1380,0.8235294117647058,0.8235294117647058,molWeight,molPSA,nof_Rings,Complexity
1400,0.8529411764705882,0.8235294117647058,molWeight,molPSA,Complexity,nof_negCharge
1403,0.8529411764705882,0.8235294117647058,molWeight,molPSA,Complexity,C_R1
1405,0.7647058823529411,0.8235294117647058,molWeight,molPSA,Complexity,C_sp3
1407,0.7647058823529411,0.8235294117647058,molWeight,molPSA,Complexity,negCharge/Volume
1410,0.8235294117647058,0.8235294117647058,molWeight,molPSA,Complexity,nof_PO4
1413,0.7941176470588235,0.8235294117647058,molWeight,molPSA,Complexity,nof_NH2
1414,0.8235294117647058,0.8235294117647058,molWeight,molPSA,Complexity,nof_COOH
1600,0.8529411764705882,0.8529411764705882,molWeight,molArea,nof_Atoms,Complexity
1623,0.8529411764705882,0.8529411764705882,molWeight,molArea,nof_Chirals,Complexity
1645,0.8235294117647058,0.8529411764705882,molWeight,molArea,nof_HBA,Complexity
1666,0.8235294117647058,0.8235294117647058,molWeight,molArea,nof_HBD,Complexity
1686,0.8529411764705882,0.8529411764705882,molWeight,molArea,molCharge_total,Complexity
1705,0.8235294117647058,0.8235294117647058,molWeight,molArea,nof_Rings,Complexity
1724,0.8235294117647058,0.8235294117647058,molWeight,molArea,Complexity,nof_posCharge
1725,0.8235294117647058,0.8235294117647058,molWeight,molArea,Complexity,nof_negCharge
1726,0.8529411764705882,0.8235294117647058,molWeight,molArea,Complexity,a_heavy
1727,0.8235294117647058,0.8529411764705882,molWeight,molArea,Complexity,C_R2
1728,0.8235294117647058,0.8529411764705882,molWeight,molArea,Complexity,C_R1
1729,0.8235294117647058,0.8235294117647058,molWeight,molArea,Complexity,C_R0
1730,0.8529411764705882,0.8529411764705882,molWeight,molArea,Complexity,C_sp3
1731,0.8529411764705882,0.8529411764705882,molWeight,molArea,Complexity,posCharge/Volume
1732,0.8529411764705882,0.8235294117647058,molWeight,molArea,Complexity,negCharge/Volume
1733,0.8235294117647058,0.8235294117647058,molWeight,molArea,Complexity,nof_RotB
1734,0.8235294117647058,0.8529411764705882,molWeight,molArea,Complexity,nof_Fragments
1735,0.8235294117647058,0.8235294117647058,molWeight,molArea,Complexity,nof_PO4
1736,0.8235294117647058,0.8529411764705882,molWeight,molArea,Complexity,nof_SO3H
1737,0.8235294117647058,0.8529411764705882,molWeight,molArea,Complexity,nof_SH
1738,0.8235294117647058,0.8529411764705882,molWeight,molArea,Complexity,nof_NH2
1739,0.8529411764705882,0.8235294117647058,molWeight,molArea,Complexity,nof_COOH
1740,0.8235294117647058,0.8235294117647058,molWeight,molArea,Complexity,nof_OH
1741,0.8529411764705882,0.8235294117647058,molWeight,molArea,Complexity,nof_acetyl
2199,0.7647058823529411,0.8235294117647058,molWeight,nof_Atoms,nof_Chirals,Complexity
2221,0.7941176470588235,0.8235294117647058,molWeight,nof_Atoms,nof_HBA,Complexity
2242,0.7941176470588235,0.8235294117647058,molWeight,nof_Atoms,nof_HBD,Complexity
2262,0.8529411764705882,0.8235294117647058,molWeight,nof_Atoms,molCharge_total,Complexity
2300,0.7647058823529411,0.8235294117647058,molWeight,nof_Atoms,Complexity,nof_posCharge
2301,0.8235294117647058,0.8235294117647058,molWeight,nof_Atoms,Complexity,nof_negCharge
2302,0.7941176470588235,0.8235294117647058,molWeight,nof_Atoms,Complexity,a_heavy
2306,0.7647058823529411,0.8235294117647058,molWeight,nof_Atoms,Complexity,C_sp3
2309,0.7941176470588235,0.8235294117647058,molWeight,nof_Atoms,Complexity,nof_RotB
2310,0.7352941176470589,0.8235294117647058,molWeight,nof_Atoms,Complexity,nof_Fragments
2311,0.7941176470588235,0.8235294117647058,molWeight,nof_Atoms,Complexity,nof_PO4
2312,0.7941176470588235,0.8235294117647058,molWeight,nof_Atoms,Complexity,nof_SO3H
2313,0.7647058823529411,0.8235294117647058,molWeight,nof_Atoms,Complexity,nof_SH
2314,0.7941176470588235,0.8235294117647058,molWeight,nof_Atoms,Complexity,nof_NH2
2317,0.7941176470588235,0.8235294117647058,molWeight,nof_Atoms,Complexity,nof_acetyl
2474,0.7941176470588235,0.8529411764705882,molWeight,nof_Chirals,nof_HBA,Complexity
2495,0.7647058823529411,0.8235294117647058,molWeight,nof_Chirals,nof_HBD,Complexity
2534,0.8235294117647058,0.8235294117647058,molWeight,nof_Chirals,nof_Rings,Complexity
2554,0.8823529411764706,0.8235294117647058,molWeight,nof_Chirals,Complexity,nof_negCharge
2555,0.7941176470588235,0.8235294117647058,molWeight,nof_Chirals,Complexity,a_heavy
2556,0.8235294117647058,0.8235294117647058,molWeight,nof_Chirals,Complexity,C_R2
2561,0.7941176470588235,0.8235294117647058,molWeight,nof_Chirals,Complexity,negCharge/Volume
2562,0.8235294117647058,0.8235294117647058,molWeight,nof_Chirals,Complexity,nof_RotB
2564,0.8529411764705882,0.8235294117647058,molWeight,nof_Chirals,Complexity,nof_PO4
2565,0.8235294117647058,0.8235294117647058,molWeight,nof_Chirals,Complexity,nof_SO3H
2566,0.8235294117647058,0.8235294117647058,molWeight,nof_Chirals,Complexity,nof_SH
2568,0.8823529411764706,0.8235294117647058,molWeight,nof_Chirals,Complexity,nof_COOH
2569,0.8235294117647058,0.8235294117647058,molWeight,nof_Chirals,Complexity,nof_OH
2726,0.8235294117647058,0.8235294117647058,molWeight,nof_HBA,nof_HBD,Complexity
2746,0.8823529411764706,0.8823529411764706,molWeight,nof_HBA,molCharge_total,Complexity
2765,0.8235294117647058,0.8235294117647058,molWeight,nof_HBA,nof_Rings,Complexity
2784,0.7941176470588235,0.9117647058823529,molWeight,nof_HBA,Complexity,nof_posCharge
2785,0.8823529411764706,0.8529411764705882,molWeight,nof_HBA,Complexity,nof_negCharge
2786,0.7941176470588235,0.9117647058823529,molWeight,nof_HBA,Complexity,a_heavy
2787,0.8235294117647058,0.8529411764705882,molWeight,nof_HBA,Complexity,C_R2
2788,0.7941176470588235,0.8823529411764706,molWeight,nof_HBA,Complexity,C_R1
2789,0.8235294117647058,0.8529411764705882,molWeight,nof_HBA,Complexity,C_R0
2790,0.7941176470588235,0.8235294117647058,molWeight,nof_HBA,Complexity,C_sp3
2791,0.7941176470588235,0.9117647058823529,molWeight,nof_HBA,Complexity,posCharge/Volume
2792,0.7941176470588235,0.8529411764705882,molWeight,nof_HBA,Complexity,negCharge/Volume
2793,0.7941176470588235,0.8529411764705882,molWeight,nof_HBA,Complexity,nof_RotB
2794,0.7647058823529411,0.8529411764705882,molWeight,nof_HBA,Complexity,nof_Fragments
2795,0.7941176470588235,0.8529411764705882,molWeight,nof_HBA,Complexity,nof_PO4
2796,0.7941176470588235,0.8529411764705882,molWeight,nof_HBA,Complexity,nof_SO3H
2797,0.7941176470588235,0.8823529411764706,molWeight,nof_HBA,Complexity,nof_SH
2798,0.7941176470588235,0.8529411764705882,molWeight,nof_HBA,Complexity,nof_NH2
2799,0.8529411764705882,0.9117647058823529,molWeight,nof_HBA,Complexity,nof_COOH
2800,0.7941176470588235,0.8529411764705882,molWeight,nof_HBA,Complexity,nof_OH
2801,0.7941176470588235,0.8529411764705882,molWeight,nof_HBA,Complexity,nof_acetyl
2975,0.7941176470588235,0.8235294117647058,molWeight,nof_HBD,nof_Rings,Complexity
2994,0.7941176470588235,0.8235294117647058,molWeight,nof_HBD,Complexity,nof_posCharge
2996,0.7941176470588235,0.8235294117647058,molWeight,nof_HBD,Complexity,a_heavy
3001,0.7941176470588235,0.8235294117647058,molWeight,nof_HBD,Complexity,posCharge/Volume
3002,0.7647058823529411,0.8235294117647058,molWeight,nof_HBD,Complexity,negCharge/Volume
3005,0.8235294117647058,0.8235294117647058,molWeight,nof_HBD,Complexity,nof_PO4
3006,0.8235294117647058,0.8235294117647058,molWeight,nof_HBD,Complexity,nof_SO3H
3008,0.8235294117647058,0.8235294117647058,molWeight,nof_HBD,Complexity,nof_NH2
3009,0.8235294117647058,0.8235294117647058,molWeight,nof_HBD,Complexity,nof_COOH
3010,0.8235294117647058,0.8235294117647058,molWeight,nof_HBD,Complexity,nof_OH
3165,0.8529411764705882,0.8235294117647058,molWeight,molCharge_total,nof_Rings,Complexity
3185,0.9117647058823528,0.8235294117647058,molWeight,molCharge_total,Complexity,nof_negCharge
3187,0.8823529411764706,0.8235294117647058,molWeight,molCharge_total,Complexity,C_R2
3189,0.7941176470588235,0.8235294117647058,molWeight,molCharge_total,Complexity,C_R0
3192,0.8529411764705882,0.8235294117647058,molWeight,molCharge_total,Complexity,negCharge/Volume
3197,0.8823529411764706,0.8235294117647058,molWeight,molCharge_total,Complexity,nof_SH
3199,0.8823529411764706,0.8235294117647058,molWeight,molCharge_total,Complexity,nof_COOH
3361,0.7941176470588235,0.8235294117647058,molWeight,nof_Rings,Complexity,C_sp3
3362,0.8235294117647058,0.8235294117647058,molWeight,nof_Rings,Complexity,posCharge/Volume
3363,0.8235294117647058,0.8235294117647058,molWeight,nof_Rings,Complexity,negCharge/Volume
3365,0.8529411764705882,0.8235294117647058,molWeight,nof_Rings,Complexity,nof_Fragments
3366,0.8529411764705882,0.8235294117647058,molWeight,nof_Rings,Complexity,nof_PO4
3368,0.8235294117647058,0.8235294117647058,molWeight,nof_Rings,Complexity,nof_SH
3370,0.8235294117647058,0.8235294117647058,molWeight,nof_Rings,Complexity,nof_COOH
3371,0.8235294117647058,0.8235294117647058,molWeight,nof_Rings,Complexity,nof_OH
3527,0.7941176470588235,0.8235294117647058,molWeight,Complexity,nof_posCharge,a_heavy
3529,0.7941176470588235,0.8235294117647058,molWeight,Complexity,nof_posCharge,C_R1
3531,0.7647058823529411,0.8235294117647058,molWeight,Complexity,nof_posCharge,C_sp3
3534,0.8235294117647058,0.8235294117647058,molWeight,Complexity,nof_posCharge,nof_RotB
3535,0.7941176470588235,0.8235294117647058,molWeight,Complexity,nof_posCharge,nof_Fragments
3537,0.7941176470588235,0.8235294117647058,molWeight,Complexity,nof_posCharge,nof_SO3H
3538,0.7647058823529411,0.8235294117647058,molWeight,Complexity,nof_posCharge,nof_SH
3539,0.7941176470588235,0.8235294117647058,molWeight,Complexity,nof_posCharge,nof_NH2
3543,0.8823529411764706,0.8235294117647058,molWeight,Complexity,nof_negCharge,a_heavy
3548,0.9117647058823528,0.8235294117647058,molWeight,Complexity,nof_negCharge,posCharge/Volume
3549,0.8823529411764706,0.8235294117647058,molWeight,Complexity,nof_negCharge,negCharge/Volume
3550,0.7647058823529411,0.8235294117647058,molWeight,Complexity,nof_negCharge,nof_RotB
3553,0.8823529411764706,0.8235294117647058,molWeight,Complexity,nof_negCharge,nof_SO3H
3558,0.8823529411764706,0.8235294117647058,molWeight,Complexity,nof_negCharge,nof_acetyl
3560,0.7941176470588235,0.8235294117647058,molWeight,Complexity,a_heavy,C_R1
3564,0.7941176470588235,0.8235294117647058,molWeight,Complexity,a_heavy,negCharge/Volume
3570,0.7647058823529411,0.8235294117647058,molWeight,Complexity,a_heavy,nof_NH2
3572,0.7941176470588235,0.8235294117647058,molWeight,Complexity,a_heavy,nof_OH
3576,0.7647058823529411,0.8235294117647058,molWeight,Complexity,C_R2,C_sp3
3578,0.7941176470588235,0.8235294117647058,molWeight,Complexity,C_R2,negCharge/Volume
3579,0.8235294117647058,0.8235294117647058,molWeight,Complexity,C_R2,nof_RotB
3580,0.7647058823529411,0.8235294117647058,molWeight,Complexity,C_R2,nof_Fragments
3583,0.8529411764705882,0.8235294117647058,molWeight,Complexity,C_R2,nof_SH
3585,0.9117647058823528,0.8235294117647058,molWeight,Complexity,C_R2,nof_COOH
3587,0.7941176470588235,0.8235294117647058,molWeight,Complexity,C_R2,nof_acetyl
3589,0.7941176470588235,0.8235294117647058,molWeight,Complexity,C_R1,C_sp3
3591,0.7941176470588235,0.8235294117647058,molWeight,Complexity,C_R1,negCharge/Volume
3593,0.7941176470588235,0.8235294117647058,molWeight,Complexity,C_R1,nof_Fragments
3596,0.7941176470588235,0.8235294117647058,molWeight,Complexity,C_R1,nof_SH
3599,0.7941176470588235,0.8235294117647058,molWeight,Complexity,C_R1,nof_OH
3601,0.7647058823529411,0.8235294117647058,molWeight,Complexity,C_R0,C_sp3
3607,0.7647058823529411,0.8235294117647058,molWeight,Complexity,C_R0,nof_SO3H
3613,0.7941176470588235,0.8235294117647058,molWeight,Complexity,C_sp3,posCharge/Volume
3615,0.7647058823529411,0.8235294117647058,molWeight,Complexity,C_sp3,nof_RotB
3617,0.7941176470588235,0.8235294117647058,molWeight,Complexity,C_sp3,nof_PO4
3618,0.7647058823529411,0.8235294117647058,molWeight,Complexity,C_sp3,nof_SO3H
3619,0.7941176470588235,0.8235294117647058,molWeight,Complexity,C_sp3,nof_SH
3620,0.8235294117647058,0.8235294117647058,molWeight,Complexity,C_sp3,nof_NH2
3623,0.7941176470588235,0.8235294117647058,molWeight,Complexity,C_sp3,nof_acetyl
3624,0.7941176470588235,0.8235294117647058,molWeight,Complexity,posCharge/Volume,negCharge/Volume
3625,0.7941176470588235,0.8235294117647058,molWeight,Complexity,posCharge/Volume,nof_RotB
3627,0.8529411764705882,0.8235294117647058,molWeight,Complexity,posCharge/Volume,nof_PO4
3628,0.8235294117647058,0.8235294117647058,molWeight,Complexity,posCharge/Volume,nof_SO3H
3630,0.7941176470588235,0.8235294117647058,molWeight,Complexity,posCharge/Volume,nof_NH2
3632,0.8235294117647058,0.8235294117647058,molWeight,Complexity,posCharge/Volume,nof_OH
3633,0.7941176470588235,0.8235294117647058,molWeight,Complexity,posCharge/Volume,nof_acetyl
3634,0.7941176470588235,0.8235294117647058,molWeight,Complexity,negCharge/Volume,nof_RotB
3638,0.7941176470588235,0.8235294117647058,molWeight,Complexity,negCharge/Volume,nof_SH
3639,0.7941176470588235,0.8235294117647058,molWeight,Complexity,negCharge/Volume,nof_NH2
3640,0.8529411764705882,0.8235294117647058,molWeight,Complexity,negCharge/Volume,nof_COOH
3643,0.7941176470588235,0.8235294117647058,molWeight,Complexity,nof_RotB,nof_Fragments
3644,0.7941176470588235,0.8235294117647058,molWeight,Complexity,nof_RotB,nof_PO4
3646,0.7941176470588235,0.8235294117647058,molWeight,Complexity,nof_RotB,nof_SH
3648,0.7941176470588235,0.8235294117647058,molWeight,Complexity,nof_RotB,nof_COOH
3649,0.7941176470588235,0.8235294117647058,molWeight,Complexity,nof_RotB,nof_OH
3653,0.7941176470588235,0.8235294117647058,molWeight,Complexity,nof_Fragments,nof_SH
3658,0.7941176470588235,0.8235294117647058,molWeight,Complexity,nof_PO4,nof_SO3H
3660,0.7941176470588235,0.8235294117647058,molWeight,Complexity,nof_PO4,nof_NH2
3662,0.7941176470588235,0.8235294117647058,molWeight,Complexity,nof_PO4,nof_OH
3663,0.7941176470588235,0.8235294117647058,molWeight,Complexity,nof_PO4,nof_acetyl
3665,0.8235294117647058,0.8235294117647058,molWeight,Complexity,nof_SO3H,nof_NH2
3667,0.8529411764705882,0.8235294117647058,molWeight,Complexity,nof_SO3H,nof_OH
3668,0.7941176470588235,0.8235294117647058,molWeight,Complexity,nof_SO3H,nof_acetyl
3670,0.9117647058823528,0.8235294117647058,molWeight,Complexity,nof_SH,nof_COOH
3671,0.7941176470588235,0.8235294117647058,molWeight,Complexity,nof_SH,nof_OH
3675,0.7941176470588235,0.8235294117647058,molWeight,Complexity,nof_NH2,nof_acetyl
3676,0.8823529411764706,0.8235294117647058,molWeight,Complexity,nof_COOH,nof_OH
3678,0.7941176470588235,0.8235294117647058,molWeight,Complexity,nof_OH,nof_acetyl
4557,0.7941176470588235,0.8235294117647058,molVolume,molLogP,molArea,Complexity
5286,0.8235294117647058,0.8235294117647058,molVolume,molPSA,molArea,Complexity
5358,0.7941176470588235,0.8235294117647058,molVolume,molPSA,nof_Chirals,Complexity
5465,0.7058823529411765,0.8235294117647058,molVolume,molPSA,Complexity,C_sp3
5660,0.8235294117647058,0.8529411764705882,molVolume,molArea,nof_Atoms,Complexity
5683,0.8235294117647058,0.8529411764705882,molVolume,molArea,nof_Chirals,Complexity
5705,0.7941176470588235,0.8235294117647058,molVolume,molArea,nof_HBA,Complexity
5726,0.8235294117647058,0.8529411764705882,molVolume,molArea,nof_HBD,Complexity
5746,0.8235294117647058,0.8529411764705882,molVolume,molArea,molCharge_total,Complexity
5765,0.7941176470588235,0.8529411764705882,molVolume,molArea,nof_Rings,Complexity
5784,0.8235294117647058,0.8529411764705882,molVolume,molArea,Complexity,nof_posCharge
5785,0.8235294117647058,0.8529411764705882,molVolume,molArea,Complexity,nof_negCharge
5786,0.8235294117647058,0.8529411764705882,molVolume,molArea,Complexity,a_heavy
5787,0.8235294117647058,0.8529411764705882,molVolume,molArea,Complexity,C_R2
5788,0.8235294117647058,0.8529411764705882,molVolume,molArea,Complexity,C_R1
5789,0.7941176470588235,0.8529411764705882,molVolume,molArea,Complexity,C_R0
5790,0.8235294117647058,0.8529411764705882,molVolume,molArea,Complexity,C_sp3
5791,0.8235294117647058,0.8529411764705882,molVolume,molArea,Complexity,posCharge/Volume
5792,0.8235294117647058,0.8529411764705882,molVolume,molArea,Complexity,negCharge/Volume
5793,0.7941176470588235,0.8529411764705882,molVolume,molArea,Complexity,nof_RotB
5794,0.8235294117647058,0.8529411764705882,molVolume,molArea,Complexity,nof_Fragments
5795,0.8235294117647058,0.8529411764705882,molVolume,molArea,Complexity,nof_PO4
5796,0.7941176470588235,0.8529411764705882,molVolume,molArea,Complexity,nof_SO3H
5797,0.8235294117647058,0.8529411764705882,molVolume,molArea,Complexity,nof_SH
5798,0.8235294117647058,0.8529411764705882,molVolume,molArea,Complexity,nof_NH2
5799,0.8235294117647058,0.8529411764705882,molVolume,molArea,Complexity,nof_COOH
5800,0.8235294117647058,0.8529411764705882,molVolume,molArea,Complexity,nof_OH
5801,0.8235294117647058,0.8529411764705882,molVolume,molArea,Complexity,nof_acetyl
6281,0.7352941176470589,0.8235294117647058,molVolume,nof_Atoms,nof_HBA,Complexity
6534,0.7352941176470589,0.8235294117647058,molVolume,nof_Chirals,nof_HBA,Complexity
6786,0.7352941176470589,0.8235294117647058,molVolume,nof_HBA,nof_HBD,Complexity
6806,0.7647058823529411,0.8235294117647058,molVolume,nof_HBA,molCharge_total,Complexity
6825,0.7352941176470589,0.8529411764705882,molVolume,nof_HBA,nof_Rings,Complexity
6844,0.7647058823529411,0.8235294117647058,molVolume,nof_HBA,Complexity,nof_posCharge
6845,0.8235294117647058,0.8529411764705882,molVolume,nof_HBA,Complexity,nof_negCharge
6846,0.7647058823529411,0.8823529411764706,molVolume,nof_HBA,Complexity,a_heavy
6847,0.7647058823529411,0.8529411764705882,molVolume,nof_HBA,Complexity,C_R2
6848,0.7647058823529411,0.8529411764705882,molVolume,nof_HBA,Complexity,C_R1
6850,0.7352941176470589,0.8823529411764706,molVolume,nof_HBA,Complexity,C_sp3
6851,0.7647058823529411,0.8235294117647058,molVolume,nof_HBA,Complexity,posCharge/Volume
6852,0.7647058823529411,0.8235294117647058,molVolume,nof_HBA,Complexity,negCharge/Volume
6853,0.7647058823529411,0.8235294117647058,molVolume,nof_HBA,Complexity,nof_RotB
6854,0.7058823529411765,0.8235294117647058,molVolume,nof_HBA,Complexity,nof_Fragments
6855,0.7647058823529411,0.8529411764705882,molVolume,nof_HBA,Complexity,nof_PO4
6856,0.7647058823529411,0.8235294117647058,molVolume,nof_HBA,Complexity,nof_SO3H
6857,0.7647058823529411,0.8529411764705882,molVolume,nof_HBA,Complexity,nof_SH
6858,0.7647058823529411,0.8235294117647058,molVolume,nof_HBA,Complexity,nof_NH2
6860,0.7647058823529411,0.8235294117647058,molVolume,nof_HBA,Complexity,nof_OH
7258,0.7352941176470589,0.8235294117647058,molVolume,molCharge_total,Complexity,nof_NH2
7615,0.7352941176470589,0.8235294117647058,molVolume,Complexity,nof_negCharge,nof_NH2
7699,0.7941176470588235,0.8235294117647058,molVolume,Complexity,negCharge/Volume,nof_NH2
7733,0.7941176470588235,0.8235294117647058,molVolume,Complexity,nof_NH2,nof_COOH
8574,0.6176470588235294,0.8235294117647058,molLogP,molLogS,molPSA,nof_Fragments
9314,0.7647058823529411,0.8235294117647058,molLogP,molArea,nof_Atoms,Complexity
9337,0.7941176470588235,0.8235294117647058,molLogP,molArea,nof_Chirals,Complexity
9359,0.7647058823529411,0.8235294117647058,molLogP,molArea,nof_HBA,Complexity
9380,0.7941176470588235,0.8235294117647058,molLogP,molArea,nof_HBD,Complexity
9400,0.8235294117647058,0.8235294117647058,molLogP,molArea,molCharge_total,Complexity
9419,0.7941176470588235,0.8235294117647058,molLogP,molArea,nof_Rings,Complexity
9438,0.7941176470588235,0.8235294117647058,molLogP,molArea,Complexity,nof_posCharge
9439,0.8235294117647058,0.8235294117647058,molLogP,molArea,Complexity,nof_negCharge
9440,0.7941176470588235,0.8235294117647058,molLogP,molArea,Complexity,a_heavy
9441,0.7941176470588235,0.8235294117647058,molLogP,molArea,Complexity,C_R2
9442,0.7941176470588235,0.8235294117647058,molLogP,molArea,Complexity,C_R1
9443,0.7352941176470589,0.8235294117647058,molLogP,molArea,Complexity,C_R0
9444,0.7941176470588235,0.8235294117647058,molLogP,molArea,Complexity,C_sp3
9445,0.7941176470588235,0.8235294117647058,molLogP,molArea,Complexity,posCharge/Volume
9446,0.7647058823529411,0.8235294117647058,molLogP,molArea,Complexity,negCharge/Volume
9447,0.7941176470588235,0.8235294117647058,molLogP,molArea,Complexity,nof_RotB
9448,0.7941176470588235,0.8235294117647058,molLogP,molArea,Complexity,nof_Fragments
9449,0.7941176470588235,0.8235294117647058,molLogP,molArea,Complexity,nof_PO4
9450,0.7941176470588235,0.8235294117647058,molLogP,molArea,Complexity,nof_SO3H
9451,0.7941176470588235,0.8235294117647058,molLogP,molArea,Complexity,nof_SH
9452,0.7647058823529411,0.8235294117647058,molLogP,molArea,Complexity,nof_NH2
9453,0.8235294117647058,0.8235294117647058,molLogP,molArea,Complexity,nof_COOH
9454,0.7941176470588235,0.8235294117647058,molLogP,molArea,Complexity,nof_OH
9455,0.7941176470588235,0.8235294117647058,molLogP,molArea,Complexity,nof_acetyl
12260,0.7647058823529411,0.8235294117647058,molLogS,molPSA,nof_Atoms,nof_Chirals
12261,0.8235294117647058,0.8529411764705882,molLogS,molPSA,nof_Atoms,nof_HBA
12262,0.8235294117647058,0.8235294117647058,molLogS,molPSA,nof_Atoms,nof_HBD
12267,0.7647058823529411,0.8235294117647058,molLogS,molPSA,nof_Atoms,nof_negCharge
12268,0.8235294117647058,0.8529411764705882,molLogS,molPSA,nof_Atoms,a_heavy
12269,0.7941176470588235,0.8235294117647058,molLogS,molPSA,nof_Atoms,C_R2
12270,0.7352941176470589,0.8235294117647058,molLogS,molPSA,nof_Atoms,C_R1
12272,0.7352941176470589,0.8235294117647058,molLogS,molPSA,nof_Atoms,C_sp3
12273,0.8235294117647058,0.8529411764705882,molLogS,molPSA,nof_Atoms,posCharge/Volume
12275,0.7058823529411765,0.8235294117647058,molLogS,molPSA,nof_Atoms,nof_RotB
12276,0.7352941176470589,0.8235294117647058,molLogS,molPSA,nof_Atoms,nof_Fragments
12277,0.7647058823529411,0.8235294117647058,molLogS,molPSA,nof_Atoms,nof_PO4
12278,0.7941176470588235,0.8235294117647058,molLogS,molPSA,nof_Atoms,nof_SO3H
12279,0.7647058823529411,0.8529411764705882,molLogS,molPSA,nof_Atoms,nof_SH
12280,0.7352941176470589,0.8529411764705882,molLogS,molPSA,nof_Atoms,nof_NH2
12281,0.7647058823529411,0.8529411764705882,molLogS,molPSA,nof_Atoms,nof_COOH
12282,0.7647058823529411,0.8529411764705882,molLogS,molPSA,nof_Atoms,nof_OH
12283,0.7647058823529411,0.8235294117647058,molLogS,molPSA,nof_Atoms,nof_acetyl
12284,0.7058823529411765,0.8235294117647058,molLogS,molPSA,nof_Chirals,nof_HBA
12285,0.7352941176470589,0.8235294117647058,molLogS,molPSA,nof_Chirals,nof_HBD
12286,0.7647058823529411,0.8235294117647058,molLogS,molPSA,nof_Chirals,molCharge_total
12287,0.7647058823529411,0.8235294117647058,molLogS,molPSA,nof_Chirals,nof_Rings
12289,0.7352941176470589,0.8235294117647058,molLogS,molPSA,nof_Chirals,nof_posCharge
12290,0.7941176470588235,0.8235294117647058,molLogS,molPSA,nof_Chirals,nof_negCharge
12291,0.7647058823529411,0.8235294117647058,molLogS,molPSA,nof_Chirals,a_heavy
12292,0.7352941176470589,0.8235294117647058,molLogS,molPSA,nof_Chirals,C_R2
12293,0.7941176470588235,0.8235294117647058,molLogS,molPSA,nof_Chirals,C_R1
12295,0.7352941176470589,0.8235294117647058,molLogS,molPSA,nof_Chirals,C_sp3
12296,0.7352941176470589,0.8235294117647058,molLogS,molPSA,nof_Chirals,posCharge/Volume
12298,0.7058823529411765,0.8235294117647058,molLogS,molPSA,nof_Chirals,nof_RotB
12300,0.7352941176470589,0.8235294117647058,molLogS,molPSA,nof_Chirals,nof_PO4
12301,0.6764705882352942,0.8235294117647058,molLogS,molPSA,nof_Chirals,nof_SO3H
12302,0.6470588235294118,0.8235294117647058,molLogS,molPSA,nof_Chirals,nof_SH
12303,0.6470588235294118,0.8235294117647058,molLogS,molPSA,nof_Chirals,nof_NH2
12304,0.7647058823529411,0.8235294117647058,molLogS,molPSA,nof_Chirals,nof_COOH
12305,0.6764705882352942,0.8235294117647058,molLogS,molPSA,nof_Chirals,nof_OH
12306,0.6764705882352942,0.8235294117647058,molLogS,molPSA,nof_Chirals,nof_acetyl
12307,0.7352941176470589,0.8235294117647058,molLogS,molPSA,nof_HBA,nof_HBD
12308,0.7647058823529411,0.8235294117647058,molLogS,molPSA,nof_HBA,molCharge_total
12311,0.7058823529411765,0.8235294117647058,molLogS,molPSA,nof_HBA,nof_posCharge
12312,0.7941176470588235,0.8235294117647058,molLogS,molPSA,nof_HBA,nof_negCharge
12314,0.7647058823529411,0.8235294117647058,molLogS,molPSA,nof_HBA,C_R2
12315,0.7941176470588235,0.8235294117647058,molLogS,molPSA,nof_HBA,C_R1
12320,0.7941176470588235,0.8235294117647058,molLogS,molPSA,nof_HBA,nof_RotB
12321,0.7941176470588235,0.8235294117647058,molLogS,molPSA,nof_HBA,nof_Fragments
12323,0.7058823529411765,0.8235294117647058,molLogS,molPSA,nof_HBA,nof_SO3H
12325,0.7352941176470589,0.8235294117647058,molLogS,molPSA,nof_HBA,nof_NH2
12329,0.7058823529411765,0.8235294117647058,molLogS,molPSA,nof_HBD,molCharge_total
12330,0.7352941176470589,0.8235294117647058,molLogS,molPSA,nof_HBD,nof_Rings
12332,0.7352941176470589,0.8235294117647058,molLogS,molPSA,nof_HBD,nof_posCharge
12333,0.7352941176470589,0.8235294117647058,molLogS,molPSA,nof_HBD,nof_negCharge
12334,0.7058823529411765,0.8235294117647058,molLogS,molPSA,nof_HBD,a_heavy
12335,0.7352941176470589,0.8235294117647058,molLogS,molPSA,nof_HBD,C_R2
12336,0.7647058823529411,0.8235294117647058,molLogS,molPSA,nof_HBD,C_R1
12338,0.7352941176470589,0.8235294117647058,molLogS,molPSA,nof_HBD,C_sp3
12339,0.7647058823529411,0.8235294117647058,molLogS,molPSA,nof_HBD,posCharge/Volume
12340,0.7647058823529411,0.8235294117647058,molLogS,molPSA,nof_HBD,negCharge/Volume
12341,0.7352941176470589,0.8235294117647058,molLogS,molPSA,nof_HBD,nof_RotB
12342,0.7647058823529411,0.8235294117647058,molLogS,molPSA,nof_HBD,nof_Fragments
12343,0.7352941176470589,0.8235294117647058,molLogS,molPSA,nof_HBD,nof_PO4
12344,0.7352941176470589,0.8235294117647058,molLogS,molPSA,nof_HBD,nof_SO3H
12345,0.7058823529411765,0.8235294117647058,molLogS,molPSA,nof_HBD,nof_SH
12346,0.7352941176470589,0.8235294117647058,molLogS,molPSA,nof_HBD,nof_NH2
12347,0.7058823529411765,0.8235294117647058,molLogS,molPSA,nof_HBD,nof_COOH
12348,0.7352941176470589,0.8235294117647058,molLogS,molPSA,nof_HBD,nof_OH
12349,0.7058823529411765,0.8235294117647058,molLogS,molPSA,nof_HBD,nof_acetyl
12350,0.8235294117647058,0.8235294117647058,molLogS,molPSA,molCharge_total,nof_Rings
12352,0.8235294117647058,0.8235294117647058,molLogS,molPSA,molCharge_total,nof_posCharge
12353,0.8235294117647058,0.8235294117647058,molLogS,molPSA,molCharge_total,nof_negCharge
12354,0.7941176470588235,0.8235294117647058,molLogS,molPSA,molCharge_total,a_heavy
12355,0.8235294117647058,0.8235294117647058,molLogS,molPSA,molCharge_total,C_R2
12356,0.7941176470588235,0.8235294117647058,molLogS,molPSA,molCharge_total,C_R1
12358,0.7941176470588235,0.8235294117647058,molLogS,molPSA,molCharge_total,C_sp3
12359,0.8235294117647058,0.8235294117647058,molLogS,molPSA,molCharge_total,posCharge/Volume
12361,0.7647058823529411,0.8235294117647058,molLogS,molPSA,molCharge_total,nof_RotB
12362,0.8529411764705882,0.8529411764705882,molLogS,molPSA,molCharge_total,nof_Fragments
12363,0.8235294117647058,0.8235294117647058,molLogS,molPSA,molCharge_total,nof_PO4
12364,0.7941176470588235,0.8235294117647058,molLogS,molPSA,molCharge_total,nof_SO3H
12365,0.7941176470588235,0.8235294117647058,molLogS,molPSA,molCharge_total,nof_SH
12366,0.7941176470588235,0.8235294117647058,molLogS,molPSA,molCharge_total,nof_NH2
12367,0.8235294117647058,0.8235294117647058,molLogS,molPSA,molCharge_total,nof_COOH
12368,0.7941176470588235,0.8235294117647058,molLogS,molPSA,molCharge_total,nof_OH
12369,0.7647058823529411,0.8235294117647058,molLogS,molPSA,molCharge_total,nof_acetyl
12371,0.7941176470588235,0.8235294117647058,molLogS,molPSA,nof_Rings,nof_posCharge
12372,0.8529411764705882,0.8235294117647058,molLogS,molPSA,nof_Rings,nof_negCharge
12373,0.7647058823529411,0.8235294117647058,molLogS,molPSA,nof_Rings,a_heavy
12374,0.7941176470588235,0.8235294117647058,molLogS,molPSA,nof_Rings,C_R2
12375,0.7941176470588235,0.8235294117647058,molLogS,molPSA,nof_Rings,C_R1
12377,0.7352941176470589,0.8235294117647058,molLogS,molPSA,nof_Rings,C_sp3
12378,0.7647058823529411,0.8235294117647058,molLogS,molPSA,nof_Rings,posCharge/Volume
12380,0.7058823529411765,0.8235294117647058,molLogS,molPSA,nof_Rings,nof_RotB
12382,0.7352941176470589,0.8235294117647058,molLogS,molPSA,nof_Rings,nof_PO4
12383,0.7352941176470589,0.8235294117647058,molLogS,molPSA,nof_Rings,nof_SO3H
12384,0.7647058823529411,0.8235294117647058,molLogS,molPSA,nof_Rings,nof_SH
12385,0.7352941176470589,0.8235294117647058,molLogS,molPSA,nof_Rings,nof_NH2
12386,0.7647058823529411,0.8235294117647058,molLogS,molPSA,nof_Rings,nof_COOH
12387,0.7941176470588235,0.8235294117647058,molLogS,molPSA,nof_Rings,nof_OH
12388,0.7352941176470589,0.8235294117647058,molLogS,molPSA,nof_Rings,nof_acetyl
12407,0.8235294117647058,0.8235294117647058,molLogS,molPSA,nof_posCharge,nof_negCharge
12408,0.7352941176470589,0.8235294117647058,molLogS,molPSA,nof_posCharge,a_heavy
12409,0.7352941176470589,0.8235294117647058,molLogS,molPSA,nof_posCharge,C_R2
12410,0.7647058823529411,0.8235294117647058,molLogS,molPSA,nof_posCharge,C_R1
12412,0.7058823529411765,0.8235294117647058,molLogS,molPSA,nof_posCharge,C_sp3
12413,0.7647058823529411,0.8235294117647058,molLogS,molPSA,nof_posCharge,posCharge/Volume
12414,0.8235294117647058,0.8235294117647058,molLogS,molPSA,nof_posCharge,negCharge/Volume
12415,0.7058823529411765,0.8235294117647058,molLogS,molPSA,nof_posCharge,nof_RotB
12416,0.7647058823529411,0.8235294117647058,molLogS,molPSA,nof_posCharge,nof_Fragments
12417,0.6470588235294118,0.8235294117647058,molLogS,molPSA,nof_posCharge,nof_PO4
12418,0.6470588235294118,0.8235294117647058,molLogS,molPSA,nof_posCharge,nof_SO3H
12419,0.6470588235294118,0.8235294117647058,molLogS,molPSA,nof_posCharge,nof_SH
12420,0.6764705882352942,0.8235294117647058,molLogS,molPSA,nof_posCharge,nof_NH2
12421,0.7058823529411765,0.8235294117647058,molLogS,molPSA,nof_posCharge,nof_COOH
12422,0.7352941176470589,0.8235294117647058,molLogS,molPSA,nof_posCharge,nof_OH
12423,0.7058823529411765,0.8235294117647058,molLogS,molPSA,nof_posCharge,nof_acetyl
12424,0.7941176470588235,0.8235294117647058,molLogS,molPSA,nof_negCharge,a_heavy
12425,0.8235294117647058,0.8235294117647058,molLogS,molPSA,nof_negCharge,C_R2
12426,0.7941176470588235,0.8235294117647058,molLogS,molPSA,nof_negCharge,C_R1
12428,0.7941176470588235,0.8235294117647058,molLogS,molPSA,nof_negCharge,C_sp3
12429,0.8235294117647058,0.8235294117647058,molLogS,molPSA,nof_negCharge,posCharge/Volume
12431,0.7647058823529411,0.8235294117647058,molLogS,molPSA,nof_negCharge,nof_RotB
12433,0.7941176470588235,0.8235294117647058,molLogS,molPSA,nof_negCharge,nof_PO4
12434,0.7941176470588235,0.8235294117647058,molLogS,molPSA,nof_negCharge,nof_SO3H
12435,0.7941176470588235,0.8235294117647058,molLogS,molPSA,nof_negCharge,nof_SH
12436,0.7647058823529411,0.8235294117647058,molLogS,molPSA,nof_negCharge,nof_NH2
12437,0.8529411764705882,0.8235294117647058,molLogS,molPSA,nof_negCharge,nof_COOH
12438,0.7647058823529411,0.8235294117647058,molLogS,molPSA,nof_negCharge,nof_OH
12439,0.7647058823529411,0.8235294117647058,molLogS,molPSA,nof_negCharge,nof_acetyl
12440,0.7352941176470589,0.8235294117647058,molLogS,molPSA,a_heavy,C_R2
12441,0.7941176470588235,0.8235294117647058,molLogS,molPSA,a_heavy,C_R1
12443,0.7352941176470589,0.8235294117647058,molLogS,molPSA,a_heavy,C_sp3
12444,0.7647058823529411,0.8235294117647058,molLogS,molPSA,a_heavy,posCharge/Volume
12445,0.7941176470588235,0.8235294117647058,molLogS,molPSA,a_heavy,negCharge/Volume
12446,0.7058823529411765,0.8235294117647058,molLogS,molPSA,a_heavy,nof_RotB
12447,0.7647058823529411,0.8529411764705882,molLogS,molPSA,a_heavy,nof_Fragments
12448,0.7352941176470589,0.8235294117647058,molLogS,molPSA,a_heavy,nof_PO4
12449,0.7647058823529411,0.8235294117647058,molLogS,molPSA,a_heavy,nof_SO3H
12450,0.7352941176470589,0.8235294117647058,molLogS,molPSA,a_heavy,nof_SH
12451,0.7352941176470589,0.8235294117647058,molLogS,molPSA,a_heavy,nof_NH2
12452,0.7058823529411765,0.8235294117647058,molLogS,molPSA,a_heavy,nof_COOH
12453,0.7647058823529411,0.8235294117647058,molLogS,molPSA,a_heavy,nof_OH
12454,0.7352941176470589,0.8235294117647058,molLogS,molPSA,a_heavy,nof_acetyl
12455,0.8529411764705882,0.8235294117647058,molLogS,molPSA,C_R2,C_R1
12457,0.7941176470588235,0.8235294117647058,molLogS,molPSA,C_R2,C_sp3
12458,0.7647058823529411,0.8235294117647058,molLogS,molPSA,C_R2,posCharge/Volume
12460,0.7352941176470589,0.8235294117647058,molLogS,molPSA,C_R2,nof_RotB
12462,0.7352941176470589,0.8235294117647058,molLogS,molPSA,C_R2,nof_PO4
12463,0.7647058823529411,0.8235294117647058,molLogS,molPSA,C_R2,nof_SO3H
12464,0.7647058823529411,0.8235294117647058,molLogS,molPSA,C_R2,nof_SH
12465,0.7058823529411765,0.8235294117647058,molLogS,molPSA,C_R2,nof_NH2
12466,0.7352941176470589,0.8235294117647058,molLogS,molPSA,C_R2,nof_COOH
12467,0.7647058823529411,0.8235294117647058,molLogS,molPSA,C_R2,nof_OH
12468,0.7647058823529411,0.8235294117647058,molLogS,molPSA,C_R2,nof_acetyl
12470,0.7941176470588235,0.8235294117647058,molLogS,molPSA,C_R1,C_sp3
12471,0.7647058823529411,0.8235294117647058,molLogS,molPSA,C_R1,posCharge/Volume
12473,0.7941176470588235,0.8235294117647058,molLogS,molPSA,C_R1,nof_RotB
12474,0.8235294117647058,0.8529411764705882,molLogS,molPSA,C_R1,nof_Fragments
12475,0.7352941176470589,0.8235294117647058,molLogS,molPSA,C_R1,nof_PO4
12476,0.7647058823529411,0.8235294117647058,molLogS,molPSA,C_R1,nof_SO3H
12477,0.7647058823529411,0.8235294117647058,molLogS,molPSA,C_R1,nof_SH
12478,0.7352941176470589,0.8235294117647058,molLogS,molPSA,C_R1,nof_NH2
12479,0.7647058823529411,0.8235294117647058,molLogS,molPSA,C_R1,nof_COOH
12480,0.7647058823529411,0.8235294117647058,molLogS,molPSA,C_R1,nof_OH
12481,0.7941176470588235,0.8235294117647058,molLogS,molPSA,C_R1,nof_acetyl
12494,0.7058823529411765,0.8235294117647058,molLogS,molPSA,C_sp3,posCharge/Volume
12496,0.7352941176470589,0.8235294117647058,molLogS,molPSA,C_sp3,nof_RotB
12497,0.7058823529411765,0.8235294117647058,molLogS,molPSA,C_sp3,nof_Fragments
12498,0.7352941176470589,0.8235294117647058,molLogS,molPSA,C_sp3,nof_PO4
12499,0.7058823529411765,0.8235294117647058,molLogS,molPSA,C_sp3,nof_SO3H
12500,0.7058823529411765,0.8235294117647058,molLogS,molPSA,C_sp3,nof_SH
12501,0.7058823529411765,0.8235294117647058,molLogS,molPSA,C_sp3,nof_NH2
12502,0.7352941176470589,0.8235294117647058,molLogS,molPSA,C_sp3,nof_COOH
12503,0.6764705882352942,0.8235294117647058,molLogS,molPSA,C_sp3,nof_OH
12504,0.7058823529411765,0.8235294117647058,molLogS,molPSA,C_sp3,nof_acetyl
12506,0.7058823529411765,0.8235294117647058,molLogS,molPSA,posCharge/Volume,nof_RotB
12508,0.7647058823529411,0.8235294117647058,molLogS,molPSA,posCharge/Volume,nof_PO4
12509,0.7352941176470589,0.8235294117647058,molLogS,molPSA,posCharge/Volume,nof_SO3H
12510,0.7647058823529411,0.8235294117647058,molLogS,molPSA,posCharge/Volume,nof_SH
12511,0.6764705882352942,0.8235294117647058,molLogS,molPSA,posCharge/Volume,nof_NH2
12512,0.7647058823529411,0.8235294117647058,molLogS,molPSA,posCharge/Volume,nof_COOH
12513,0.7647058823529411,0.8235294117647058,molLogS,molPSA,posCharge/Volume,nof_OH
12514,0.7647058823529411,0.8235294117647058,molLogS,molPSA,posCharge/Volume,nof_acetyl
12515,0.7647058823529411,0.8235294117647058,molLogS,molPSA,negCharge/Volume,nof_RotB
12516,0.7941176470588235,0.8235294117647058,molLogS,molPSA,negCharge/Volume,nof_Fragments
12517,0.8529411764705882,0.8235294117647058,molLogS,molPSA,negCharge/Volume,nof_PO4
12518,0.8529411764705882,0.8235294117647058,molLogS,molPSA,negCharge/Volume,nof_SO3H
12519,0.7941176470588235,0.8235294117647058,molLogS,molPSA,negCharge/Volume,nof_SH
12520,0.7941176470588235,0.8235294117647058,molLogS,molPSA,negCharge/Volume,nof_NH2
12523,0.7941176470588235,0.8235294117647058,molLogS,molPSA,negCharge/Volume,nof_acetyl
12524,0.6764705882352942,0.8529411764705882,molLogS,molPSA,nof_RotB,nof_Fragments
12525,0.6764705882352942,0.8235294117647058,molLogS,molPSA,nof_RotB,nof_PO4
12526,0.7058823529411765,0.8235294117647058,molLogS,molPSA,nof_RotB,nof_SO3H
12527,0.7352941176470589,0.8235294117647058,molLogS,molPSA,nof_RotB,nof_SH
12528,0.7058823529411765,0.8235294117647058,molLogS,molPSA,nof_RotB,nof_NH2
12529,0.7352941176470589,0.8235294117647058,molLogS,molPSA,nof_RotB,nof_COOH
12530,0.7352941176470589,0.8235294117647058,molLogS,molPSA,nof_RotB,nof_OH
12531,0.6764705882352942,0.8235294117647058,molLogS,molPSA,nof_RotB,nof_acetyl
12532,0.7647058823529411,0.8235294117647058,molLogS,molPSA,nof_Fragments,nof_PO4
12533,0.7941176470588235,0.8235294117647058,molLogS,molPSA,nof_Fragments,nof_SO3H
12534,0.7647058823529411,0.8235294117647058,molLogS,molPSA,nof_Fragments,nof_SH
12535,0.7058823529411765,0.8235294117647058,molLogS,molPSA,nof_Fragments,nof_NH2
12536,0.8235294117647058,0.8235294117647058,molLogS,molPSA,nof_Fragments,nof_COOH
12538,0.7941176470588235,0.8235294117647058,molLogS,molPSA,nof_Fragments,nof_acetyl
12539,0.6470588235294118,0.8235294117647058,molLogS,molPSA,nof_PO4,nof_SO3H
12540,0.6470588235294118,0.8235294117647058,molLogS,molPSA,nof_PO4,nof_SH
12541,0.6176470588235294,0.8235294117647058,molLogS,molPSA,nof_PO4,nof_NH2
12542,0.7058823529411765,0.8235294117647058,molLogS,molPSA,nof_PO4,nof_COOH
12543,0.7058823529411765,0.8235294117647058,molLogS,molPSA,nof_PO4,nof_OH
12544,0.6764705882352942,0.8235294117647058,molLogS,molPSA,nof_PO4,nof_acetyl
12545,0.6470588235294118,0.8235294117647058,molLogS,molPSA,nof_SO3H,nof_SH
12546,0.6470588235294118,0.8235294117647058,molLogS,molPSA,nof_SO3H,nof_NH2
12547,0.7058823529411765,0.8235294117647058,molLogS,molPSA,nof_SO3H,nof_COOH
12548,0.7058823529411765,0.8235294117647058,molLogS,molPSA,nof_SO3H,nof_OH
12549,0.6470588235294118,0.8235294117647058,molLogS,molPSA,nof_SO3H,nof_acetyl
12550,0.6470588235294118,0.8235294117647058,molLogS,molPSA,nof_SH,nof_NH2
12551,0.6764705882352942,0.8235294117647058,molLogS,molPSA,nof_SH,nof_COOH
12552,0.6764705882352942,0.8235294117647058,molLogS,molPSA,nof_SH,nof_OH
12553,0.6176470588235294,0.8235294117647058,molLogS,molPSA,nof_SH,nof_acetyl
12554,0.6764705882352942,0.8235294117647058,molLogS,molPSA,nof_NH2,nof_COOH
12555,0.6470588235294118,0.8235294117647058,molLogS,molPSA,nof_NH2,nof_OH
12556,0.6470588235294118,0.8235294117647058,molLogS,molPSA,nof_NH2,nof_acetyl
12557,0.7352941176470589,0.8235294117647058,molLogS,molPSA,nof_COOH,nof_OH
12558,0.6470588235294118,0.8235294117647058,molLogS,molPSA,nof_COOH,nof_acetyl
12559,0.7058823529411765,0.8235294117647058,molLogS,molPSA,nof_OH,nof_acetyl
13299,0.7647058823529411,0.8235294117647058,molLogS,nof_Atoms,Complexity,nof_RotB
13552,0.7352941176470589,0.8235294117647058,molLogS,nof_Chirals,Complexity,nof_RotB
13993,0.7352941176470589,0.8235294117647058,molLogS,nof_HBD,Complexity,nof_RotB
14180,0.7647058823529411,0.8235294117647058,molLogS,molCharge_total,Complexity,C_sp3
14183,0.7352941176470589,0.8235294117647058,molLogS,molCharge_total,Complexity,nof_RotB
14351,0.7941176470588235,0.8235294117647058,molLogS,nof_Rings,Complexity,C_sp3
14354,0.7352941176470589,0.8235294117647058,molLogS,nof_Rings,Complexity,nof_RotB
14524,0.7352941176470589,0.8235294117647058,molLogS,Complexity,nof_posCharge,nof_RotB
14569,0.7352941176470589,0.8235294117647058,molLogS,Complexity,C_R2,nof_RotB
14579,0.8235294117647058,0.8235294117647058,molLogS,Complexity,C_R1,C_sp3
14603,0.7647058823529411,0.8235294117647058,molLogS,Complexity,C_sp3,posCharge/Volume
14605,0.7058823529411765,0.8235294117647058,molLogS,Complexity,C_sp3,nof_RotB
14610,0.7647058823529411,0.8235294117647058,molLogS,Complexity,C_sp3,nof_NH2
14611,0.7647058823529411,0.8235294117647058,molLogS,Complexity,C_sp3,nof_COOH
14613,0.7352941176470589,0.8235294117647058,molLogS,Complexity,C_sp3,nof_acetyl
14615,0.7352941176470589,0.8235294117647058,molLogS,Complexity,posCharge/Volume,nof_RotB
14624,0.7352941176470589,0.8235294117647058,molLogS,Complexity,negCharge/Volume,nof_RotB
14634,0.7352941176470589,0.8235294117647058,molLogS,Complexity,nof_RotB,nof_PO4
14636,0.7352941176470589,0.8235294117647058,molLogS,Complexity,nof_RotB,nof_SH
14640,0.7352941176470589,0.8235294117647058,molLogS,Complexity,nof_RotB,nof_acetyl
15515,0.8235294117647058,0.8529411764705882,molPSA,molArea,nof_Atoms,Complexity
15538,0.7647058823529411,0.8235294117647058,molPSA,molArea,nof_Chirals,Complexity
15560,0.7647058823529411,0.8529411764705882,molPSA,molArea,nof_HBA,Complexity
15581,0.7941176470588235,0.8235294117647058,molPSA,molArea,nof_HBD,Complexity
15601,0.8235294117647058,0.8529411764705882,molPSA,molArea,molCharge_total,Complexity
15620,0.8235294117647058,0.8235294117647058,molPSA,molArea,nof_Rings,Complexity
15639,0.7647058823529411,0.8529411764705882,molPSA,molArea,Complexity,nof_posCharge
15640,0.8235294117647058,0.8235294117647058,molPSA,molArea,Complexity,nof_negCharge
15641,0.8235294117647058,0.8235294117647058,molPSA,molArea,Complexity,a_heavy
15642,0.8235294117647058,0.8235294117647058,molPSA,molArea,Complexity,C_R2
15643,0.7941176470588235,0.8529411764705882,molPSA,molArea,Complexity,C_R1
15644,0.7941176470588235,0.8529411764705882,molPSA,molArea,Complexity,C_R0
15645,0.7941176470588235,0.8529411764705882,molPSA,molArea,Complexity,C_sp3
15646,0.7941176470588235,0.8235294117647058,molPSA,molArea,Complexity,posCharge/Volume
15647,0.8235294117647058,0.8235294117647058,molPSA,molArea,Complexity,negCharge/Volume
15648,0.7941176470588235,0.8235294117647058,molPSA,molArea,Complexity,nof_RotB
15649,0.8235294117647058,0.8235294117647058,molPSA,molArea,Complexity,nof_Fragments
15650,0.8235294117647058,0.8235294117647058,molPSA,molArea,Complexity,nof_PO4
15651,0.7941176470588235,0.8235294117647058,molPSA,molArea,Complexity,nof_SO3H
15652,0.8235294117647058,0.8235294117647058,molPSA,molArea,Complexity,nof_SH
15653,0.8235294117647058,0.8529411764705882,molPSA,molArea,Complexity,nof_NH2
15654,0.8235294117647058,0.8529411764705882,molPSA,molArea,Complexity,nof_COOH
15655,0.8235294117647058,0.8235294117647058,molPSA,molArea,Complexity,nof_OH
17101,0.7941176470588235,0.8235294117647058,molPSA,molCharge_total,Complexity,a_heavy
18714,0.8235294117647058,0.8529411764705882,molArea,nof_Atoms,nof_Chirals,Complexity
18736,0.7941176470588235,0.9117647058823529,molArea,nof_Atoms,nof_HBA,Complexity
18757,0.7941176470588235,0.8529411764705882,molArea,nof_Atoms,nof_HBD,Complexity
18777,0.8235294117647058,0.8529411764705882,molArea,nof_Atoms,molCharge_total,Complexity
18780,0.7941176470588235,0.8235294117647058,molArea,nof_Atoms,molCharge_total,a_heavy
18796,0.8235294117647058,0.8529411764705882,molArea,nof_Atoms,nof_Rings,Complexity
18799,0.7941176470588235,0.8235294117647058,molArea,nof_Atoms,nof_Rings,a_heavy
18815,0.7941176470588235,0.8529411764705882,molArea,nof_Atoms,Complexity,nof_posCharge
18816,0.7941176470588235,0.8529411764705882,molArea,nof_Atoms,Complexity,nof_negCharge
18817,0.8235294117647058,0.8529411764705882,molArea,nof_Atoms,Complexity,a_heavy
18818,0.8235294117647058,0.8529411764705882,molArea,nof_Atoms,Complexity,C_R2
18819,0.7941176470588235,0.8529411764705882,molArea,nof_Atoms,Complexity,C_R1
18820,0.7941176470588235,0.8529411764705882,molArea,nof_Atoms,Complexity,C_R0
18821,0.8235294117647058,0.8529411764705882,molArea,nof_Atoms,Complexity,C_sp3
18822,0.7941176470588235,0.8529411764705882,molArea,nof_Atoms,Complexity,posCharge/Volume
18823,0.8235294117647058,0.8529411764705882,molArea,nof_Atoms,Complexity,negCharge/Volume
18824,0.7647058823529411,0.8529411764705882,molArea,nof_Atoms,Complexity,nof_RotB
18825,0.7941176470588235,0.8529411764705882,molArea,nof_Atoms,Complexity,nof_Fragments
18826,0.8235294117647058,0.8529411764705882,molArea,nof_Atoms,Complexity,nof_PO4
18827,0.8235294117647058,0.8529411764705882,molArea,nof_Atoms,Complexity,nof_SO3H
18828,0.8235294117647058,0.8529411764705882,molArea,nof_Atoms,Complexity,nof_SH
18829,0.7941176470588235,0.8529411764705882,molArea,nof_Atoms,Complexity,nof_NH2
18830,0.8235294117647058,0.8529411764705882,molArea,nof_Atoms,Complexity,nof_COOH
18831,0.7941176470588235,0.8529411764705882,molArea,nof_Atoms,Complexity,nof_OH
18832,0.8235294117647058,0.8529411764705882,molArea,nof_Atoms,Complexity,nof_acetyl
18850,0.7647058823529411,0.8235294117647058,molArea,nof_Atoms,nof_negCharge,a_heavy
18868,0.7941176470588235,0.8235294117647058,molArea,nof_Atoms,a_heavy,C_R0
18870,0.7941176470588235,0.8235294117647058,molArea,nof_Atoms,a_heavy,posCharge/Volume
18871,0.7941176470588235,0.8235294117647058,molArea,nof_Atoms,a_heavy,negCharge/Volume
18872,0.7647058823529411,0.8235294117647058,molArea,nof_Atoms,a_heavy,nof_RotB
18873,0.7941176470588235,0.8235294117647058,molArea,nof_Atoms,a_heavy,nof_Fragments
18874,0.7941176470588235,0.8235294117647058,molArea,nof_Atoms,a_heavy,nof_PO4
18875,0.7941176470588235,0.8235294117647058,molArea,nof_Atoms,a_heavy,nof_SO3H
18878,0.7941176470588235,0.8235294117647058,molArea,nof_Atoms,a_heavy,nof_COOH
18879,0.7941176470588235,0.8235294117647058,molArea,nof_Atoms,a_heavy,nof_OH
18880,0.7352941176470589,0.8235294117647058,molArea,nof_Atoms,a_heavy,nof_acetyl
19010,0.8529411764705882,0.8529411764705882,molArea,nof_Chirals,nof_HBD,Complexity
19030,0.8529411764705882,0.8529411764705882,molArea,nof_Chirals,molCharge_total,Complexity
19049,0.8235294117647058,0.8529411764705882,molArea,nof_Chirals,nof_Rings,Complexity
19068,0.8529411764705882,0.8529411764705882,molArea,nof_Chirals,Complexity,nof_posCharge
19069,0.8529411764705882,0.8529411764705882,molArea,nof_Chirals,Complexity,nof_negCharge
19070,0.8235294117647058,0.8529411764705882,molArea,nof_Chirals,Complexity,a_heavy
19071,0.8529411764705882,0.8529411764705882,molArea,nof_Chirals,Complexity,C_R2
19072,0.8529411764705882,0.8529411764705882,molArea,nof_Chirals,Complexity,C_R1
19073,0.7647058823529411,0.8529411764705882,molArea,nof_Chirals,Complexity,C_R0
19074,0.8235294117647058,0.8529411764705882,molArea,nof_Chirals,Complexity,C_sp3
19075,0.8529411764705882,0.8529411764705882,molArea,nof_Chirals,Complexity,posCharge/Volume
19076,0.8235294117647058,0.8529411764705882,molArea,nof_Chirals,Complexity,negCharge/Volume
19077,0.8235294117647058,0.8529411764705882,molArea,nof_Chirals,Complexity,nof_RotB
19078,0.8235294117647058,0.8529411764705882,molArea,nof_Chirals,Complexity,nof_Fragments
19079,0.8235294117647058,0.8529411764705882,molArea,nof_Chirals,Complexity,nof_PO4
19080,0.8529411764705882,0.8529411764705882,molArea,nof_Chirals,Complexity,nof_SO3H
19081,0.8529411764705882,0.8529411764705882,molArea,nof_Chirals,Complexity,nof_SH
19082,0.8235294117647058,0.8529411764705882,molArea,nof_Chirals,Complexity,nof_NH2
19083,0.8529411764705882,0.8529411764705882,molArea,nof_Chirals,Complexity,nof_COOH
19084,0.8529411764705882,0.8529411764705882,molArea,nof_Chirals,Complexity,nof_OH
19085,0.8529411764705882,0.8529411764705882,molArea,nof_Chirals,Complexity,nof_acetyl
19241,0.8235294117647058,0.8529411764705882,molArea,nof_HBA,nof_HBD,Complexity
19261,0.8235294117647058,0.8823529411764706,molArea,nof_HBA,molCharge_total,Complexity
19280,0.8235294117647058,0.8235294117647058,molArea,nof_HBA,nof_Rings,Complexity
19299,0.7941176470588235,0.8529411764705882,molArea,nof_HBA,Complexity,nof_posCharge
19300,0.7941176470588235,0.8529411764705882,molArea,nof_HBA,Complexity,nof_negCharge
19301,0.7941176470588235,0.8529411764705882,molArea,nof_HBA,Complexity,a_heavy
19302,0.7941176470588235,0.8235294117647058,molArea,nof_HBA,Complexity,C_R2
19303,0.8235294117647058,0.8235294117647058,molArea,nof_HBA,Complexity,C_R1
19304,0.8235294117647058,0.8529411764705882,molArea,nof_HBA,Complexity,C_R0
19305,0.8235294117647058,0.8235294117647058,molArea,nof_HBA,Complexity,C_sp3
19307,0.8235294117647058,0.8235294117647058,molArea,nof_HBA,Complexity,negCharge/Volume
19308,0.7647058823529411,0.8529411764705882,molArea,nof_HBA,Complexity,nof_RotB
19309,0.8235294117647058,0.8529411764705882,molArea,nof_HBA,Complexity,nof_Fragments
19310,0.8235294117647058,0.8529411764705882,molArea,nof_HBA,Complexity,nof_PO4
19311,0.8235294117647058,0.8235294117647058,molArea,nof_HBA,Complexity,nof_SO3H
19312,0.7941176470588235,0.8529411764705882,molArea,nof_HBA,Complexity,nof_SH
19313,0.8235294117647058,0.8529411764705882,molArea,nof_HBA,Complexity,nof_NH2
19315,0.7941176470588235,0.8529411764705882,molArea,nof_HBA,Complexity,nof_OH
19316,0.7941176470588235,0.9117647058823529,molArea,nof_HBA,Complexity,nof_acetyl
19471,0.8235294117647058,0.8529411764705882,molArea,nof_HBD,molCharge_total,Complexity
19490,0.8235294117647058,0.8529411764705882,molArea,nof_HBD,nof_Rings,Complexity
19509,0.8235294117647058,0.8529411764705882,molArea,nof_HBD,Complexity,nof_posCharge
19510,0.8529411764705882,0.8529411764705882,molArea,nof_HBD,Complexity,nof_negCharge
19511,0.8235294117647058,0.8529411764705882,molArea,nof_HBD,Complexity,a_heavy
19512,0.8529411764705882,0.8529411764705882,molArea,nof_HBD,Complexity,C_R2
19513,0.8529411764705882,0.8529411764705882,molArea,nof_HBD,Complexity,C_R1
19514,0.7941176470588235,0.8529411764705882,molArea,nof_HBD,Complexity,C_R0
19515,0.8235294117647058,0.8529411764705882,molArea,nof_HBD,Complexity,C_sp3
19516,0.8235294117647058,0.8529411764705882,molArea,nof_HBD,Complexity,posCharge/Volume
19517,0.8529411764705882,0.8529411764705882,molArea,nof_HBD,Complexity,negCharge/Volume
19518,0.8235294117647058,0.8529411764705882,molArea,nof_HBD,Complexity,nof_RotB
19519,0.7941176470588235,0.8529411764705882,molArea,nof_HBD,Complexity,nof_Fragments
19520,0.8529411764705882,0.8529411764705882,molArea,nof_HBD,Complexity,nof_PO4
19521,0.8529411764705882,0.8529411764705882,molArea,nof_HBD,Complexity,nof_SO3H
19522,0.8529411764705882,0.8529411764705882,molArea,nof_HBD,Complexity,nof_SH
19523,0.8235294117647058,0.8529411764705882,molArea,nof_HBD,Complexity,nof_NH2
19524,0.8529411764705882,0.8529411764705882,molArea,nof_HBD,Complexity,nof_COOH
19525,0.8529411764705882,0.8529411764705882,molArea,nof_HBD,Complexity,nof_OH
19526,0.8529411764705882,0.8529411764705882,molArea,nof_HBD,Complexity,nof_acetyl
19680,0.8235294117647058,0.8529411764705882,molArea,molCharge_total,nof_Rings,Complexity
19699,0.8235294117647058,0.8529411764705882,molArea,molCharge_total,Complexity,nof_posCharge
19700,0.8529411764705882,0.8529411764705882,molArea,molCharge_total,Complexity,nof_negCharge
19701,0.8235294117647058,0.8529411764705882,molArea,molCharge_total,Complexity,a_heavy
19702,0.8235294117647058,0.8529411764705882,molArea,molCharge_total,Complexity,C_R2
19703,0.8529411764705882,0.8529411764705882,molArea,molCharge_total,Complexity,C_R1
19704,0.7647058823529411,0.8529411764705882,molArea,molCharge_total,Complexity,C_R0
19705,0.7941176470588235,0.8529411764705882,molArea,molCharge_total,Complexity,C_sp3
19706,0.8235294117647058,0.8529411764705882,molArea,molCharge_total,Complexity,posCharge/Volume
19707,0.8235294117647058,0.8529411764705882,molArea,molCharge_total,Complexity,negCharge/Volume
19708,0.7647058823529411,0.8529411764705882,molArea,molCharge_total,Complexity,nof_RotB
19709,0.8235294117647058,0.8529411764705882,molArea,molCharge_total,Complexity,nof_Fragments
19710,0.8235294117647058,0.8529411764705882,molArea,molCharge_total,Complexity,nof_PO4
19711,0.8235294117647058,0.8529411764705882,molArea,molCharge_total,Complexity,nof_SO3H
19712,0.8235294117647058,0.8529411764705882,molArea,molCharge_total,Complexity,nof_SH
19713,0.7941176470588235,0.8529411764705882,molArea,molCharge_total,Complexity,nof_NH2
19714,0.8529411764705882,0.8529411764705882,molArea,molCharge_total,Complexity,nof_COOH
19715,0.8235294117647058,0.8529411764705882,molArea,molCharge_total,Complexity,nof_OH
19716,0.7941176470588235,0.8529411764705882,molArea,molCharge_total,Complexity,nof_acetyl
19757,0.7647058823529411,0.8235294117647058,molArea,molCharge_total,a_heavy,nof_Fragments
19870,0.8235294117647058,0.8529411764705882,molArea,nof_Rings,Complexity,nof_posCharge
19871,0.8235294117647058,0.8529411764705882,molArea,nof_Rings,Complexity,nof_negCharge
19872,0.8235294117647058,0.8529411764705882,molArea,nof_Rings,Complexity,a_heavy
19873,0.8235294117647058,0.8529411764705882,molArea,nof_Rings,Complexity,C_R2
19874,0.8235294117647058,0.8529411764705882,molArea,nof_Rings,Complexity,C_R1
19875,0.7941176470588235,0.8529411764705882,molArea,nof_Rings,Complexity,C_R0
19876,0.8235294117647058,0.8529411764705882,molArea,nof_Rings,Complexity,C_sp3
19877,0.8235294117647058,0.8529411764705882,molArea,nof_Rings,Complexity,posCharge/Volume
19878,0.8235294117647058,0.8529411764705882,molArea,nof_Rings,Complexity,negCharge/Volume
19879,0.8235294117647058,0.8529411764705882,molArea,nof_Rings,Complexity,nof_RotB
19880,0.7941176470588235,0.8529411764705882,molArea,nof_Rings,Complexity,nof_Fragments
19881,0.8235294117647058,0.8529411764705882,molArea,nof_Rings,Complexity,nof_PO4
19882,0.8235294117647058,0.8529411764705882,molArea,nof_Rings,Complexity,nof_SO3H
19883,0.8235294117647058,0.8529411764705882,molArea,nof_Rings,Complexity,nof_SH
19884,0.7941176470588235,0.8529411764705882,molArea,nof_Rings,Complexity,nof_NH2
19885,0.8235294117647058,0.8529411764705882,molArea,nof_Rings,Complexity,nof_COOH
19886,0.8235294117647058,0.8529411764705882,molArea,nof_Rings,Complexity,nof_OH
19887,0.8235294117647058,0.8529411764705882,molArea,nof_Rings,Complexity,nof_acetyl
20041,0.8235294117647058,0.8529411764705882,molArea,Complexity,nof_posCharge,nof_negCharge
20042,0.8235294117647058,0.8529411764705882,molArea,Complexity,nof_posCharge,a_heavy
20043,0.8235294117647058,0.8529411764705882,molArea,Complexity,nof_posCharge,C_R2
20044,0.8235294117647058,0.8529411764705882,molArea,Complexity,nof_posCharge,C_R1
20045,0.8235294117647058,0.8529411764705882,molArea,Complexity,nof_posCharge,C_R0
20046,0.8235294117647058,0.8529411764705882,molArea,Complexity,nof_posCharge,C_sp3
20047,0.8529411764705882,0.8529411764705882,molArea,Complexity,nof_posCharge,posCharge/Volume
20048,0.8235294117647058,0.8529411764705882,molArea,Complexity,nof_posCharge,negCharge/Volume
20049,0.7941176470588235,0.8529411764705882,molArea,Complexity,nof_posCharge,nof_RotB
20050,0.7941176470588235,0.8529411764705882,molArea,Complexity,nof_posCharge,nof_Fragments
20051,0.8235294117647058,0.8529411764705882,molArea,Complexity,nof_posCharge,nof_PO4
20052,0.8235294117647058,0.8529411764705882,molArea,Complexity,nof_posCharge,nof_SO3H
20053,0.8235294117647058,0.8529411764705882,molArea,Complexity,nof_posCharge,nof_SH
20054,0.7941176470588235,0.8529411764705882,molArea,Complexity,nof_posCharge,nof_NH2
20055,0.8235294117647058,0.8529411764705882,molArea,Complexity,nof_posCharge,nof_COOH
20056,0.8235294117647058,0.8529411764705882,molArea,Complexity,nof_posCharge,nof_OH
20057,0.8235294117647058,0.8529411764705882,molArea,Complexity,nof_posCharge,nof_acetyl
20058,0.8235294117647058,0.8529411764705882,molArea,Complexity,nof_negCharge,a_heavy
20059,0.8529411764705882,0.8529411764705882,molArea,Complexity,nof_negCharge,C_R2
20060,0.8235294117647058,0.8529411764705882,molArea,Complexity,nof_negCharge,C_R1
20061,0.8235294117647058,0.8529411764705882,molArea,Complexity,nof_negCharge,C_R0
20062,0.8529411764705882,0.8529411764705882,molArea,Complexity,nof_negCharge,C_sp3
20063,0.8529411764705882,0.8529411764705882,molArea,Complexity,nof_negCharge,posCharge/Volume
20064,0.8235294117647058,0.8529411764705882,molArea,Complexity,nof_negCharge,negCharge/Volume
20065,0.7647058823529411,0.8529411764705882,molArea,Complexity,nof_negCharge,nof_RotB
20066,0.8235294117647058,0.8529411764705882,molArea,Complexity,nof_negCharge,nof_Fragments
20067,0.8529411764705882,0.8529411764705882,molArea,Complexity,nof_negCharge,nof_PO4
20068,0.8529411764705882,0.8529411764705882,molArea,Complexity,nof_negCharge,nof_SO3H
20069,0.8529411764705882,0.8529411764705882,molArea,Complexity,nof_negCharge,nof_SH
20070,0.8235294117647058,0.8529411764705882,molArea,Complexity,nof_negCharge,nof_NH2
20071,0.8529411764705882,0.8529411764705882,molArea,Complexity,nof_negCharge,nof_COOH
20072,0.8235294117647058,0.8529411764705882,molArea,Complexity,nof_negCharge,nof_OH
20073,0.8235294117647058,0.8529411764705882,molArea,Complexity,nof_negCharge,nof_acetyl
20074,0.8235294117647058,0.8529411764705882,molArea,Complexity,a_heavy,C_R2
20075,0.8235294117647058,0.8529411764705882,molArea,Complexity,a_heavy,C_R1
20076,0.8235294117647058,0.8529411764705882,molArea,Complexity,a_heavy,C_R0
20077,0.8235294117647058,0.8529411764705882,molArea,Complexity,a_heavy,C_sp3
20078,0.8235294117647058,0.8529411764705882,molArea,Complexity,a_heavy,posCharge/Volume
20079,0.8235294117647058,0.8529411764705882,molArea,Complexity,a_heavy,negCharge/Volume
20080,0.7941176470588235,0.8529411764705882,molArea,Complexity,a_heavy,nof_RotB
20081,0.8235294117647058,0.8529411764705882,molArea,Complexity,a_heavy,nof_Fragments
20082,0.8235294117647058,0.8529411764705882,molArea,Complexity,a_heavy,nof_PO4
20083,0.8235294117647058,0.8529411764705882,molArea,Complexity,a_heavy,nof_SO3H
20084,0.8235294117647058,0.8529411764705882,molArea,Complexity,a_heavy,nof_SH
20085,0.8235294117647058,0.8529411764705882,molArea,Complexity,a_heavy,nof_NH2
20086,0.8235294117647058,0.8529411764705882,molArea,Complexity,a_heavy,nof_COOH
20087,0.8235294117647058,0.8529411764705882,molArea,Complexity,a_heavy,nof_OH
20088,0.8235294117647058,0.8529411764705882,molArea,Complexity,a_heavy,nof_acetyl
20089,0.8235294117647058,0.8529411764705882,molArea,Complexity,C_R2,C_R1
20090,0.7647058823529411,0.8529411764705882,molArea,Complexity,C_R2,C_R0
20091,0.8235294117647058,0.8529411764705882,molArea,Complexity,C_R2,C_sp3
20092,0.8529411764705882,0.8529411764705882,molArea,Complexity,C_R2,posCharge/Volume
20093,0.8235294117647058,0.8529411764705882,molArea,Complexity,C_R2,negCharge/Volume
20094,0.7647058823529411,0.8529411764705882,molArea,Complexity,C_R2,nof_RotB
20095,0.8235294117647058,0.8529411764705882,molArea,Complexity,C_R2,nof_Fragments
20096,0.8529411764705882,0.8529411764705882,molArea,Complexity,C_R2,nof_PO4
20097,0.8235294117647058,0.8529411764705882,molArea,Complexity,C_R2,nof_SO3H
20098,0.8529411764705882,0.8529411764705882,molArea,Complexity,C_R2,nof_SH
20099,0.7941176470588235,0.8529411764705882,molArea,Complexity,C_R2,nof_NH2
20100,0.8529411764705882,0.8529411764705882,molArea,Complexity,C_R2,nof_COOH
20101,0.8529411764705882,0.8529411764705882,molArea,Complexity,C_R2,nof_OH
20102,0.8235294117647058,0.8529411764705882,molArea,Complexity,C_R2,nof_acetyl
20103,0.7941176470588235,0.8529411764705882,molArea,Complexity,C_R1,C_R0
20104,0.8235294117647058,0.8529411764705882,molArea,Complexity,C_R1,C_sp3
20105,0.8529411764705882,0.8529411764705882,molArea,Complexity,C_R1,posCharge/Volume
20106,0.8235294117647058,0.8529411764705882,molArea,Complexity,C_R1,negCharge/Volume
20107,0.8235294117647058,0.8529411764705882,molArea,Complexity,C_R1,nof_RotB
20108,0.8235294117647058,0.8529411764705882,molArea,Complexity,C_R1,nof_Fragments
20109,0.8529411764705882,0.8529411764705882,molArea,Complexity,C_R1,nof_PO4
20110,0.8235294117647058,0.8529411764705882,molArea,Complexity,C_R1,nof_SO3H
20111,0.8529411764705882,0.8529411764705882,molArea,Complexity,C_R1,nof_SH
20112,0.7941176470588235,0.8529411764705882,molArea,Complexity,C_R1,nof_NH2
20113,0.8235294117647058,0.8529411764705882,molArea,Complexity,C_R1,nof_COOH
20114,0.8235294117647058,0.8529411764705882,molArea,Complexity,C_R1,nof_OH
20115,0.8235294117647058,0.8529411764705882,molArea,Complexity,C_R1,nof_acetyl
20116,0.7647058823529411,0.8529411764705882,molArea,Complexity,C_R0,C_sp3
20117,0.7647058823529411,0.8529411764705882,molArea,Complexity,C_R0,posCharge/Volume
20118,0.7647058823529411,0.8529411764705882,molArea,Complexity,C_R0,negCharge/Volume
20119,0.7647058823529411,0.8529411764705882,molArea,Complexity,C_R0,nof_RotB
20120,0.7941176470588235,0.8529411764705882,molArea,Complexity,C_R0,nof_Fragments
20121,0.7941176470588235,0.8529411764705882,molArea,Complexity,C_R0,nof_PO4
20122,0.7941176470588235,0.8529411764705882,molArea,Complexity,C_R0,nof_SO3H
20123,0.7941176470588235,0.8529411764705882,molArea,Complexity,C_R0,nof_SH
20124,0.7941176470588235,0.8529411764705882,molArea,Complexity,C_R0,nof_NH2
20125,0.7647058823529411,0.8529411764705882,molArea,Complexity,C_R0,nof_COOH
20126,0.7647058823529411,0.8529411764705882,molArea,Complexity,C_R0,nof_OH
20127,0.8235294117647058,0.8529411764705882,molArea,Complexity,C_R0,nof_acetyl
20128,0.8235294117647058,0.8529411764705882,molArea,Complexity,C_sp3,posCharge/Volume
20129,0.8235294117647058,0.8529411764705882,molArea,Complexity,C_sp3,negCharge/Volume
20130,0.7647058823529411,0.8529411764705882,molArea,Complexity,C_sp3,nof_RotB
20131,0.8235294117647058,0.8529411764705882,molArea,Complexity,C_sp3,nof_Fragments
20132,0.8235294117647058,0.8529411764705882,molArea,Complexity,C_sp3,nof_PO4
20133,0.8235294117647058,0.8529411764705882,molArea,Complexity,C_sp3,nof_SO3H
20134,0.8235294117647058,0.8529411764705882,molArea,Complexity,C_sp3,nof_SH
20135,0.7941176470588235,0.8529411764705882,molArea,Complexity,C_sp3,nof_NH2
20136,0.7941176470588235,0.8529411764705882,molArea,Complexity,C_sp3,nof_COOH
20137,0.8235294117647058,0.8529411764705882,molArea,Complexity,C_sp3,nof_OH
20138,0.8235294117647058,0.8529411764705882,molArea,Complexity,C_sp3,nof_acetyl
20139,0.8235294117647058,0.8529411764705882,molArea,Complexity,posCharge/Volume,negCharge/Volume
20140,0.8529411764705882,0.8529411764705882,molArea,Complexity,posCharge/Volume,nof_RotB
20141,0.7941176470588235,0.8529411764705882,molArea,Complexity,posCharge/Volume,nof_Fragments
20142,0.8529411764705882,0.8529411764705882,molArea,Complexity,posCharge/Volume,nof_PO4
20143,0.8529411764705882,0.8529411764705882,molArea,Complexity,posCharge/Volume,nof_SO3H
20144,0.8529411764705882,0.8529411764705882,molArea,Complexity,posCharge/Volume,nof_SH
20145,0.8235294117647058,0.8529411764705882,molArea,Complexity,posCharge/Volume,nof_NH2
20146,0.8529411764705882,0.8529411764705882,molArea,Complexity,posCharge/Volume,nof_COOH
20147,0.8529411764705882,0.8529411764705882,molArea,Complexity,posCharge/Volume,nof_OH
20148,0.8235294117647058,0.8529411764705882,molArea,Complexity,posCharge/Volume,nof_acetyl
20149,0.7647058823529411,0.8529411764705882,molArea,Complexity,negCharge/Volume,nof_RotB
20150,0.8235294117647058,0.8529411764705882,molArea,Complexity,negCharge/Volume,nof_Fragments
20151,0.8235294117647058,0.8529411764705882,molArea,Complexity,negCharge/Volume,nof_PO4
20152,0.8235294117647058,0.8529411764705882,molArea,Complexity,negCharge/Volume,nof_SO3H
20153,0.8529411764705882,0.8529411764705882,molArea,Complexity,negCharge/Volume,nof_SH
20154,0.7941176470588235,0.8529411764705882,molArea,Complexity,negCharge/Volume,nof_NH2
20155,0.8235294117647058,0.8529411764705882,molArea,Complexity,negCharge/Volume,nof_COOH
20156,0.8235294117647058,0.8529411764705882,molArea,Complexity,negCharge/Volume,nof_OH
20157,0.8529411764705882,0.8529411764705882,molArea,Complexity,negCharge/Volume,nof_acetyl
20158,0.7941176470588235,0.8529411764705882,molArea,Complexity,nof_RotB,nof_Fragments
20159,0.8235294117647058,0.8529411764705882,molArea,Complexity,nof_RotB,nof_PO4
20160,0.7647058823529411,0.8529411764705882,molArea,Complexity,nof_RotB,nof_SO3H
20161,0.8235294117647058,0.8529411764705882,molArea,Complexity,nof_RotB,nof_SH
20162,0.8235294117647058,0.8529411764705882,molArea,Complexity,nof_RotB,nof_NH2
20163,0.7647058823529411,0.8529411764705882,molArea,Complexity,nof_RotB,nof_COOH
20164,0.8235294117647058,0.8529411764705882,molArea,Complexity,nof_RotB,nof_OH
20165,0.8235294117647058,0.8529411764705882,molArea,Complexity,nof_RotB,nof_acetyl
20166,0.8235294117647058,0.8529411764705882,molArea,Complexity,nof_Fragments,nof_PO4
20167,0.8235294117647058,0.8529411764705882,molArea,Complexity,nof_Fragments,nof_SO3H
20168,0.7941176470588235,0.8529411764705882,molArea,Complexity,nof_Fragments,nof_SH
20169,0.7941176470588235,0.8529411764705882,molArea,Complexity,nof_Fragments,nof_NH2
20170,0.7941176470588235,0.8529411764705882,molArea,Complexity,nof_Fragments,nof_COOH
20171,0.8235294117647058,0.8529411764705882,molArea,Complexity,nof_Fragments,nof_OH
20172,0.8235294117647058,0.8529411764705882,molArea,Complexity,nof_Fragments,nof_acetyl
20173,0.8529411764705882,0.8529411764705882,molArea,Complexity,nof_PO4,nof_SO3H
20174,0.8529411764705882,0.8529411764705882,molArea,Complexity,nof_PO4,nof_SH
20175,0.7941176470588235,0.8529411764705882,molArea,Complexity,nof_PO4,nof_NH2
20176,0.8529411764705882,0.8529411764705882,molArea,Complexity,nof_PO4,nof_COOH
20177,0.8529411764705882,0.8529411764705882,molArea,Complexity,nof_PO4,nof_OH
20178,0.8235294117647058,0.8529411764705882,molArea,Complexity,nof_PO4,nof_acetyl
20179,0.8529411764705882,0.8529411764705882,molArea,Complexity,nof_SO3H,nof_SH
20180,0.7941176470588235,0.8529411764705882,molArea,Complexity,nof_SO3H,nof_NH2
20181,0.8529411764705882,0.8529411764705882,molArea,Complexity,nof_SO3H,nof_COOH
20182,0.8529411764705882,0.8529411764705882,molArea,Complexity,nof_SO3H,nof_OH
20183,0.7941176470588235,0.8529411764705882,molArea,Complexity,nof_SO3H,nof_acetyl
20184,0.8235294117647058,0.8529411764705882,molArea,Complexity,nof_SH,nof_NH2
20185,0.8529411764705882,0.8529411764705882,molArea,Complexity,nof_SH,nof_COOH
20186,0.8529411764705882,0.8529411764705882,molArea,Complexity,nof_SH,nof_OH
20187,0.8235294117647058,0.8529411764705882,molArea,Complexity,nof_SH,nof_acetyl
20188,0.8235294117647058,0.8529411764705882,molArea,Complexity,nof_NH2,nof_COOH
20189,0.7647058823529411,0.8529411764705882,molArea,Complexity,nof_NH2,nof_OH
20190,0.7941176470588235,0.8529411764705882,molArea,Complexity,nof_NH2,nof_acetyl
20191,0.8529411764705882,0.8529411764705882,molArea,Complexity,nof_COOH,nof_OH
20192,0.8529411764705882,0.8529411764705882,molArea,Complexity,nof_COOH,nof_acetyl
20193,0.8235294117647058,0.8529411764705882,molArea,Complexity,nof_OH,nof_acetyl
20469,0.7941176470588235,0.8235294117647058,molArea,a_heavy,C_R1,nof_Fragments
20502,0.7941176470588235,0.8235294117647058,molArea,a_heavy,posCharge/Volume,nof_Fragments
20511,0.7941176470588235,0.8235294117647058,molArea,a_heavy,negCharge/Volume,nof_Fragments
20519,0.7647058823529411,0.8235294117647058,molArea,a_heavy,nof_RotB,nof_Fragments
20527,0.7941176470588235,0.8235294117647058,molArea,a_heavy,nof_Fragments,nof_PO4
20529,0.7647058823529411,0.8235294117647058,molArea,a_heavy,nof_Fragments,nof_SH
20533,0.7352941176470589,0.8235294117647058,molArea,a_heavy,nof_Fragments,nof_acetyl
24255,0.8235294117647058,0.8235294117647058,nof_Atoms,nof_Rings,a_heavy,nof_SH
25396,0.8235294117647058,0.8529411764705882,nof_Chirals,nof_HBA,Complexity,a_heavy
25769,0.5588235294117647,0.8235294117647058,nof_Chirals,nof_HBD,nof_NH2,nof_COOH
25967,0.8529411764705882,0.8823529411764706,nof_Chirals,nof_Rings,Complexity,a_heavy
26419,0.6470588235294118,0.8235294117647058,nof_Chirals,nof_posCharge,nof_NH2,nof_COOH
26735,0.7058823529411765,0.8235294117647058,nof_Chirals,C_R2,nof_NH2,nof_COOH
26979,0.7647058823529411,0.8235294117647058,nof_Chirals,posCharge/Volume,nof_NH2,nof_COOH
27079,0.6764705882352942,0.8235294117647058,nof_Chirals,nof_PO4,nof_NH2,nof_COOH
27089,0.6764705882352942,0.8235294117647058,nof_Chirals,nof_SO3H,nof_NH2,nof_COOH
27095,0.6764705882352942,0.8235294117647058,nof_Chirals,nof_SH,nof_NH2,nof_COOH
27101,0.6470588235294118,0.8235294117647058,nof_Chirals,nof_NH2,nof_COOH,nof_OH
27102,0.7352941176470589,0.8235294117647058,nof_Chirals,nof_NH2,nof_COOH,nof_acetyl
27146,0.7647058823529411,0.8235294117647058,nof_HBA,nof_HBD,Complexity,a_heavy
27309,0.7352941176470589,0.8235294117647058,nof_HBA,nof_HBD,nof_NH2,nof_COOH
27336,0.8235294117647058,0.8529411764705882,nof_HBA,molCharge_total,Complexity,a_heavy
27499,0.7058823529411765,0.8235294117647058,nof_HBA,molCharge_total,nof_NH2,nof_COOH
27677,0.7941176470588235,0.8235294117647058,nof_HBA,Complexity,nof_posCharge,a_heavy
27693,0.8235294117647058,0.8235294117647058,nof_HBA,Complexity,nof_negCharge,a_heavy
27709,0.8235294117647058,0.8235294117647058,nof_HBA,Complexity,a_heavy,C_R2
27712,0.7647058823529411,0.8529411764705882,nof_HBA,Complexity,a_heavy,C_sp3
27713,0.8235294117647058,0.8823529411764706,nof_HBA,Complexity,a_heavy,posCharge/Volume
27717,0.8235294117647058,0.8235294117647058,nof_HBA,Complexity,a_heavy,nof_PO4
27718,0.7941176470588235,0.8529411764705882,nof_HBA,Complexity,a_heavy,nof_SO3H
27719,0.8235294117647058,0.8529411764705882,nof_HBA,Complexity,a_heavy,nof_SH
27720,0.7647058823529411,0.8235294117647058,nof_HBA,Complexity,a_heavy,nof_NH2
27721,0.8235294117647058,0.8235294117647058,nof_HBA,Complexity,a_heavy,nof_COOH
27722,0.7941176470588235,0.8235294117647058,nof_HBA,Complexity,a_heavy,nof_OH
27723,0.8235294117647058,0.8529411764705882,nof_HBA,Complexity,a_heavy,nof_acetyl
27959,0.6764705882352942,0.8235294117647058,nof_HBA,nof_posCharge,nof_NH2,nof_COOH
28079,0.7647058823529411,0.8235294117647058,nof_HBA,nof_negCharge,nof_NH2,nof_COOH
28275,0.7058823529411765,0.8235294117647058,nof_HBA,C_R2,nof_NH2,nof_COOH
28519,0.6764705882352942,0.8235294117647058,nof_HBA,posCharge/Volume,nof_NH2,nof_COOH
28619,0.7352941176470589,0.8235294117647058,nof_HBA,nof_PO4,nof_NH2,nof_COOH
28629,0.7352941176470589,0.8235294117647058,nof_HBA,nof_SO3H,nof_NH2,nof_COOH
28635,0.7352941176470589,0.8235294117647058,nof_HBA,nof_SH,nof_NH2,nof_COOH
28641,0.7352941176470589,0.8235294117647058,nof_HBA,nof_NH2,nof_COOH,nof_OH
28642,0.7352941176470589,0.8235294117647058,nof_HBA,nof_NH2,nof_COOH,nof_acetyl
28837,0.7941176470588235,0.8529411764705882,nof_HBD,nof_Rings,Complexity,a_heavy
28975,0.7058823529411765,0.8235294117647058,nof_HBD,nof_Rings,nof_RotB,nof_COOH
29260,0.5882352941176471,0.8235294117647058,nof_HBD,nof_posCharge,nof_RotB,nof_PO4
29261,0.5882352941176471,0.8235294117647058,nof_HBD,nof_posCharge,nof_RotB,nof_SO3H
29899,0.6176470588235294,0.8235294117647058,nof_HBD,nof_RotB,nof_PO4,nof_SH
29900,0.6176470588235294,0.8235294117647058,nof_HBD,nof_RotB,nof_PO4,nof_NH2
29904,0.6176470588235294,0.8235294117647058,nof_HBD,nof_RotB,nof_SO3H,nof_SH
29909,0.6176470588235294,0.8235294117647058,nof_HBD,nof_RotB,nof_SH,nof_NH2
29911,0.6470588235294118,0.8235294117647058,nof_HBD,nof_RotB,nof_SH,nof_OH
29912,0.6470588235294118,0.8235294117647058,nof_HBD,nof_RotB,nof_SH,nof_acetyl
29977,0.8235294117647058,0.8529411764705882,molCharge_total,nof_Rings,Complexity,a_heavy
30190,0.7352941176470589,0.8529411764705882,molCharge_total,Complexity,a_heavy,nof_NH2
30293,0.7058823529411765,0.8235294117647058,molCharge_total,Complexity,nof_NH2,nof_COOH
31116,0.8529411764705882,0.8823529411764706,nof_Rings,Complexity,nof_posCharge,a_heavy
31132,0.8235294117647058,0.8823529411764706,nof_Rings,Complexity,nof_negCharge,a_heavy
31148,0.8529411764705882,0.8529411764705882,nof_Rings,Complexity,a_heavy,C_R2
31149,0.8529411764705882,0.8823529411764706,nof_Rings,Complexity,a_heavy,C_R1
31151,0.8235294117647058,0.8823529411764706,nof_Rings,Complexity,a_heavy,C_sp3
31152,0.8529411764705882,0.8529411764705882,nof_Rings,Complexity,a_heavy,posCharge/Volume
31153,0.8529411764705882,0.8529411764705882,nof_Rings,Complexity,a_heavy,negCharge/Volume
31154,0.8529411764705882,0.8235294117647058,nof_Rings,Complexity,a_heavy,nof_RotB
31156,0.8529411764705882,0.8529411764705882,nof_Rings,Complexity,a_heavy,nof_PO4
31157,0.8529411764705882,0.8235294117647058,nof_Rings,Complexity,a_heavy,nof_SO3H
31158,0.8235294117647058,0.8529411764705882,nof_Rings,Complexity,a_heavy,nof_SH
31160,0.7941176470588235,0.8235294117647058,nof_Rings,Complexity,a_heavy,nof_COOH
31161,0.8529411764705882,0.8529411764705882,nof_Rings,Complexity,a_heavy,nof_OH
31162,0.8235294117647058,0.8235294117647058,nof_Rings,Complexity,a_heavy,nof_acetyl
31619,0.7647058823529411,0.8235294117647058,nof_Rings,a_heavy,nof_SH,nof_NH2
31625,0.7647058823529411,0.8235294117647058,nof_Rings,a_heavy,nof_NH2,nof_acetyl
32231,0.7941176470588235,0.8823529411764706,Complexity,nof_negCharge,a_heavy,nof_NH2
32439,0.7647058823529411,0.8823529411764706,Complexity,a_heavy,nof_NH2,nof_COOH
