,Random Forest HOO Accuracy,Decision Tree HOO Accuracy,Feature  1,Feature  2,Feature  3,Feature  4,Feature  5
107,0.7380952380952381,0.8285714285714285,molWeight,molVolume,molLogP,nof_Atoms,nof_HBA
156,0.7857142857142858,0.8285714285714285,molWeight,molVolume,molLogP,nof_HBA,Complexity
280,0.7047619047619047,0.8190476190476189,molWeight,molVolume,molLogP,nof_negCharge,nof_SO3H
474,0.7619047619047619,0.8238095238095239,molWeight,molVolume,molLogS,PSA/Area,negCharge/Volume
483,0.7428571428571429,0.8238095238095238,molWeight,molVolume,molLogS,PSA/Area,nof_acetyl
625,0.7714285714285715,0.8190476190476189,molWeight,molVolume,molLogS,Complexity,nof_SO3H
791,0.7666666666666667,0.8190476190476189,molWeight,molVolume,molPSA,molArea,Complexity
964,0.7904761904761904,0.8523809523809524,molWeight,molVolume,molPSA,Complexity,nof_posCharge
974,0.6857142857142857,0.8190476190476191,molWeight,molVolume,molPSA,Complexity,nof_Fragments
1163,0.8190476190476189,0.8238095238095239,molWeight,molVolume,molArea,nof_Atoms,molCharge_total
1174,0.8238095238095239,0.8285714285714286,molWeight,molVolume,molArea,nof_Atoms,negCharge/Volume
1231,0.7857142857142858,0.8285714285714285,molWeight,molVolume,molArea,nof_HBD,Complexity
1290,0.7904761904761904,0.8190476190476189,molWeight,molVolume,molArea,Complexity,nof_negCharge
1292,0.8,0.8523809523809524,molWeight,molVolume,molArea,Complexity,C_R2
1293,0.8285714285714285,0.8476190476190476,molWeight,molVolume,molArea,Complexity,C_R1
1296,0.7952380952380953,0.8142857142857143,molWeight,molVolume,molArea,Complexity,posCharge/Volume
1297,0.7952380952380953,0.8285714285714285,molWeight,molVolume,molArea,Complexity,negCharge/Volume
1301,0.8238095238095238,0.880952380952381,molWeight,molVolume,molArea,Complexity,nof_SO3H
1407,0.7619047619047619,0.8285714285714285,molWeight,molVolume,molArea,posCharge/Volume,nof_Fragments
1470,0.7380952380952379,0.8238095238095238,molWeight,molVolume,PSA/Area,nof_Atoms,C_R1
1496,0.7047619047619047,0.8238095238095239,molWeight,molVolume,PSA/Area,nof_Chirals,posCharge/Volume
1499,0.7047619047619047,0.8476190476190476,molWeight,molVolume,PSA/Area,nof_Chirals,nof_Fragments
1645,0.7666666666666666,0.8285714285714285,molWeight,molVolume,PSA/Area,a_heavy,negCharge/Volume
1666,0.7952380952380953,0.8238095238095238,molWeight,molVolume,PSA/Area,C_R2,nof_COOH
1765,0.7380952380952381,0.8190476190476191,molWeight,molVolume,nof_Atoms,nof_Chirals,nof_posCharge
1879,0.7904761904761906,0.8238095238095238,molWeight,molVolume,nof_Atoms,Complexity,nof_NH2
1923,0.7666666666666667,0.8285714285714286,molWeight,molVolume,nof_Atoms,a_heavy,nof_Fragments
1928,0.6809523809523811,0.8238095238095238,molWeight,molVolume,nof_Atoms,a_heavy,nof_COOH
1970,0.7333333333333333,0.8238095238095238,molWeight,molVolume,nof_Atoms,C_sp3,posCharge/Volume
2023,0.8238095238095238,0.8285714285714285,molWeight,molVolume,nof_Atoms,nof_SO3H,nof_COOH
2132,0.8190476190476189,0.8190476190476189,molWeight,molVolume,nof_Chirals,Complexity,nof_NH2
2361,0.7666666666666667,0.8238095238095239,molWeight,molVolume,nof_HBA,Complexity,nof_SO3H
2364,0.7904761904761906,0.8285714285714286,molWeight,molVolume,nof_HBA,Complexity,nof_COOH
2434,0.7619047619047619,0.8238095238095238,molWeight,molVolume,nof_HBA,C_R1,nof_Fragments
2617,0.7047619047619047,0.8238095238095238,molWeight,molVolume,nof_HBD,a_heavy,nof_Fragments
2920,0.8,0.8571428571428573,molWeight,molVolume,nof_Rings,Complexity,nof_posCharge
3068,0.7952380952380953,0.8285714285714286,molWeight,molVolume,nof_Rings,nof_Fragments,nof_OH
3172,0.7095238095238094,0.8238095238095238,molWeight,molVolume,Complexity,C_R0,nof_SO3H
3174,0.7619047619047619,0.8285714285714285,molWeight,molVolume,Complexity,C_R0,nof_NH2
3210,0.7,0.8285714285714285,molWeight,molVolume,Complexity,nof_RotB,nof_SO3H
3230,0.8,0.8285714285714285,molWeight,molVolume,Complexity,nof_SO3H,nof_NH2
3237,0.7857142857142858,0.8190476190476191,molWeight,molVolume,Complexity,nof_SH,nof_acetyl
3336,0.7952380952380953,0.8190476190476189,molWeight,molVolume,nof_posCharge,negCharge/Volume,nof_Fragments
3610,0.7380952380952381,0.8285714285714285,molWeight,molVolume,C_R2,C_R1,nof_Fragments
3616,0.6761904761904762,0.8571428571428571,molWeight,molVolume,C_R2,C_R1,nof_OH
3871,0.7047619047619047,0.8761904761904763,molWeight,molVolume,C_sp3,nof_Fragments,nof_COOH
4544,0.6428571428571429,0.8238095238095239,molWeight,molLogP,molPSA,nof_HBA,C_R1
4622,0.8190476190476191,0.8523809523809524,molWeight,molLogP,molPSA,Complexity,C_R1
4842,0.7380952380952381,0.8285714285714285,molWeight,molLogP,molArea,nof_Chirals,Complexity
4947,0.8,0.8238095238095238,molWeight,molLogP,molArea,Complexity,C_R1
5037,0.7619047619047618,0.8238095238095238,molWeight,molLogP,molArea,C_R0,posCharge/Volume
5059,0.7619047619047618,0.8285714285714286,molWeight,molLogP,molArea,posCharge/Volume,negCharge/Volume
5067,0.8238095238095238,0.8285714285714285,molWeight,molLogP,molArea,posCharge/Volume,nof_OH
5088,0.6809523809523811,0.8238095238095239,molWeight,molLogP,molArea,nof_Fragments,nof_SH
5096,0.7952380952380953,0.8190476190476191,molWeight,molLogP,molArea,nof_PO4,nof_COOH
5102,0.6714285714285715,0.8238095238095238,molWeight,molLogP,molArea,nof_SO3H,nof_OH
5278,0.7380952380952381,0.8238095238095239,molWeight,molLogP,PSA/Area,nof_negCharge,a_heavy
5285,0.7619047619047619,0.8238095238095238,molWeight,molLogP,PSA/Area,nof_negCharge,nof_RotB
5452,0.7619047619047619,0.8285714285714286,molWeight,molLogP,nof_Atoms,nof_HBA,nof_PO4
5563,0.7952380952380953,0.8190476190476189,molWeight,molLogP,nof_Atoms,nof_negCharge,nof_PO4
5785,0.7952380952380953,0.8238095238095238,molWeight,molLogP,nof_Chirals,Complexity,nof_SH
5833,0.7619047619047619,0.8190476190476191,molWeight,molLogP,nof_Chirals,a_heavy,nof_SH
5984,0.7714285714285714,0.8476190476190476,molWeight,molLogP,nof_HBA,nof_Rings,Complexity
6004,0.7952380952380953,0.8190476190476189,molWeight,molLogP,nof_HBA,Complexity,nof_negCharge
6228,0.7,0.8285714285714285,molWeight,molLogP,nof_HBD,Complexity,nof_COOH
6230,0.7666666666666667,0.8238095238095239,molWeight,molLogP,nof_HBD,Complexity,nof_acetyl
6410,0.8523809523809524,0.8285714285714285,molWeight,molLogP,molCharge_total,Complexity,posCharge/Volume
6425,0.7619047619047619,0.8238095238095239,molWeight,molLogP,molCharge_total,nof_posCharge,C_R0
6580,0.7666666666666667,0.8571428571428571,molWeight,molLogP,nof_Rings,Complexity,C_sp3
7019,0.7380952380952379,0.8190476190476189,molWeight,molLogP,nof_posCharge,nof_SO3H,nof_SH
7229,0.7285714285714285,0.8238095238095238,molWeight,molLogP,a_heavy,nof_RotB,nof_OH
7772,0.7904761904761904,0.8857142857142858,molWeight,molLogS,molPSA,nof_Atoms,nof_negCharge
7790,0.7333333333333333,0.8285714285714285,molWeight,molLogS,molPSA,nof_Chirals,nof_HBD
7815,0.7285714285714285,0.8285714285714285,molWeight,molLogS,molPSA,nof_HBA,Complexity
7823,0.7714285714285714,0.8285714285714285,molWeight,molLogS,molPSA,nof_HBA,posCharge/Volume
7836,0.8285714285714285,0.8238095238095238,molWeight,molLogS,molPSA,nof_HBD,Complexity
7895,0.8571428571428571,0.8571428571428571,molWeight,molLogS,molPSA,Complexity,nof_negCharge
7900,0.7380952380952379,0.8190476190476189,molWeight,molLogS,molPSA,Complexity,C_sp3
7928,0.7666666666666666,0.8238095238095239,molWeight,molLogS,molPSA,nof_posCharge,nof_acetyl
7953,0.6523809523809524,0.8523809523809524,molWeight,molLogS,molPSA,a_heavy,nof_PO4
8185,0.7952380952380952,0.8238095238095238,molWeight,molLogS,molArea,molCharge_total,C_R2
8222,0.8476190476190476,0.8285714285714285,molWeight,molLogS,molArea,Complexity,C_R2
8229,0.8523809523809524,0.8285714285714285,molWeight,molLogS,molArea,Complexity,nof_Fragments
8234,0.8142857142857143,0.880952380952381,molWeight,molLogS,molArea,Complexity,nof_COOH
8277,0.8285714285714286,0.8238095238095238,molWeight,molLogS,molArea,a_heavy,nof_Fragments
8419,0.6809523809523811,0.8238095238095239,molWeight,molLogS,PSA/Area,nof_Chirals,nof_posCharge
8440,0.6238095238095238,0.8238095238095238,molWeight,molLogS,PSA/Area,nof_HBA,Complexity
8442,0.7047619047619047,0.8523809523809524,molWeight,molLogS,PSA/Area,nof_HBA,nof_negCharge
8445,0.7619047619047619,0.8285714285714285,molWeight,molLogS,PSA/Area,nof_HBA,C_R1
8463,0.7904761904761904,0.8238095238095238,molWeight,molLogS,PSA/Area,nof_HBD,nof_negCharge
8481,0.7666666666666667,0.8142857142857143,molWeight,molLogS,PSA/Area,molCharge_total,Complexity
8510,0.7333333333333333,0.8523809523809524,molWeight,molLogS,PSA/Area,nof_Rings,nof_RotB
8514,0.7095238095238096,0.8190476190476189,molWeight,molLogS,PSA/Area,nof_Rings,nof_SH
8518,0.7714285714285714,0.8238095238095238,molWeight,molLogS,PSA/Area,nof_Rings,nof_acetyl
8522,0.7904761904761904,0.8285714285714285,molWeight,molLogS,PSA/Area,Complexity,C_R2
8524,0.8190476190476189,0.8142857142857143,molWeight,molLogS,PSA/Area,Complexity,C_R0
8575,0.7047619047619047,0.8238095238095239,molWeight,molLogS,PSA/Area,a_heavy,negCharge/Volume
8588,0.7904761904761904,0.8238095238095239,molWeight,molLogS,PSA/Area,C_R2,posCharge/Volume
8604,0.7333333333333333,0.8571428571428571,molWeight,molLogS,PSA/Area,C_R1,nof_Fragments
8609,0.7857142857142857,0.8285714285714285,molWeight,molLogS,PSA/Area,C_R1,nof_COOH
8619,0.6428571428571429,0.8523809523809524,molWeight,molLogS,PSA/Area,C_R0,nof_SH
8633,0.6809523809523811,0.8238095238095238,molWeight,molLogS,PSA/Area,C_sp3,nof_OH
8663,0.7333333333333333,0.8190476190476189,molWeight,molLogS,PSA/Area,nof_Fragments,nof_SO3H
8665,0.8285714285714285,0.8238095238095238,molWeight,molLogS,PSA/Area,nof_Fragments,nof_NH2
9226,0.7380952380952381,0.8190476190476189,molWeight,molLogS,nof_HBA,nof_HBD,C_R1
9283,0.7619047619047621,0.8238095238095238,molWeight,molLogS,nof_HBA,Complexity,C_R1
9290,0.7904761904761904,0.8238095238095238,molWeight,molLogS,nof_HBA,Complexity,nof_PO4
9292,0.7857142857142858,0.8238095238095238,molWeight,molLogS,nof_HBA,Complexity,nof_SH
9296,0.7619047619047619,0.8190476190476191,molWeight,molLogS,nof_HBA,Complexity,nof_acetyl
9405,0.8476190476190476,0.8285714285714285,molWeight,molLogS,nof_HBA,negCharge/Volume,nof_RotB
9444,0.7952380952380953,0.8238095238095238,molWeight,molLogS,nof_HBA,nof_NH2,nof_COOH
9504,0.7666666666666667,0.8238095238095238,molWeight,molLogS,nof_HBD,Complexity,nof_COOH
9506,0.7095238095238096,0.8238095238095239,molWeight,molLogS,nof_HBD,Complexity,nof_acetyl
9856,0.7952380952380953,0.8285714285714285,molWeight,molLogS,nof_Rings,Complexity,C_sp3
9867,0.7619047619047619,0.8190476190476191,molWeight,molLogS,nof_Rings,Complexity,nof_acetyl
10021,0.7428571428571429,0.8523809523809524,molWeight,molLogS,Complexity,nof_posCharge,nof_negCharge
10038,0.8285714285714285,0.8523809523809524,molWeight,molLogS,Complexity,nof_negCharge,a_heavy
10047,0.8285714285714286,0.8238095238095239,molWeight,molLogS,Complexity,nof_negCharge,nof_PO4
10056,0.7380952380952381,0.8238095238095238,molWeight,molLogS,Complexity,a_heavy,C_R0
10066,0.7666666666666667,0.8190476190476189,molWeight,molLogS,Complexity,a_heavy,nof_COOH
10067,0.7619047619047619,0.8285714285714285,molWeight,molLogS,Complexity,a_heavy,nof_OH
10116,0.8523809523809524,0.8238095238095238,molWeight,molLogS,Complexity,C_sp3,nof_COOH
11014,0.7333333333333333,0.8285714285714285,molWeight,molPSA,molArea,PSA/Area,nof_acetyl
11043,0.8523809523809524,0.8238095238095238,molWeight,molPSA,molArea,nof_Chirals,Complexity
11086,0.7619047619047619,0.8285714285714286,molWeight,molPSA,molArea,nof_HBD,Complexity
11108,0.8,0.8238095238095239,molWeight,molPSA,molArea,molCharge_total,nof_negCharge
11149,0.7619047619047619,0.8238095238095238,molWeight,molPSA,molArea,Complexity,C_R0
11152,0.8285714285714285,0.8285714285714285,molWeight,molPSA,molArea,Complexity,negCharge/Volume
11161,0.8238095238095238,0.8285714285714285,molWeight,molPSA,molArea,Complexity,nof_acetyl
11249,0.7666666666666667,0.8190476190476189,molWeight,molPSA,molArea,C_sp3,posCharge/Volume
11269,0.7,0.8238095238095238,molWeight,molPSA,molArea,posCharge/Volume,nof_acetyl
11281,0.7047619047619047,0.8285714285714285,molWeight,molPSA,molArea,nof_RotB,nof_SO3H
11366,0.7142857142857142,0.8095238095238095,molWeight,molPSA,PSA/Area,nof_HBA,nof_posCharge
11496,0.6809523809523811,0.8190476190476191,molWeight,molPSA,PSA/Area,a_heavy,C_R1
11518,0.7380952380952379,0.8238095238095239,molWeight,molPSA,PSA/Area,C_R2,nof_SO3H
11633,0.7380952380952379,0.8523809523809524,molWeight,molPSA,nof_Atoms,nof_Chirals,nof_SH
11652,0.6857142857142857,0.8571428571428573,molWeight,molPSA,nof_Atoms,nof_HBA,nof_Fragments
11693,0.7380952380952381,0.8857142857142858,molWeight,molPSA,nof_Atoms,molCharge_total,nof_Fragments
11701,0.8238095238095239,0.8238095238095238,molWeight,molPSA,nof_Atoms,nof_Rings,Complexity
11727,0.7619047619047619,0.8238095238095238,molWeight,molPSA,nof_Atoms,Complexity,posCharge/Volume
11732,0.8190476190476189,0.8238095238095238,molWeight,molPSA,nof_Atoms,Complexity,nof_SO3H
11733,0.7952380952380952,0.8190476190476191,molWeight,molPSA,nof_Atoms,Complexity,nof_SH
11747,0.8142857142857143,0.8285714285714285,molWeight,molPSA,nof_Atoms,nof_posCharge,nof_Fragments
11750,0.7380952380952379,0.8238095238095238,molWeight,molPSA,nof_Atoms,nof_posCharge,nof_SH
11774,0.7952380952380953,0.8238095238095238,molWeight,molPSA,nof_Atoms,a_heavy,C_sp3
11870,0.8476190476190476,0.8238095238095238,molWeight,molPSA,nof_Atoms,nof_PO4,nof_SO3H
11898,0.7380952380952379,0.8857142857142858,molWeight,molPSA,nof_Chirals,nof_HBA,C_R2
11909,0.6761904761904762,0.8190476190476191,molWeight,molPSA,nof_Chirals,nof_HBA,nof_NH2
11910,0.7095238095238096,0.8238095238095238,molWeight,molPSA,nof_Chirals,nof_HBA,nof_COOH
11915,0.6809523809523811,0.8523809523809524,molWeight,molPSA,nof_Chirals,nof_HBD,Complexity
11975,0.8285714285714285,0.8285714285714285,molWeight,molPSA,nof_Chirals,Complexity,a_heavy
11979,0.7047619047619047,0.8571428571428571,molWeight,molPSA,nof_Chirals,Complexity,C_sp3
12007,0.7380952380952379,0.8238095238095238,molWeight,molPSA,nof_Chirals,nof_posCharge,nof_acetyl
12050,0.8238095238095238,0.8238095238095239,molWeight,molPSA,nof_Chirals,C_R2,nof_COOH
12146,0.7619047619047619,0.8238095238095238,molWeight,molPSA,nof_HBA,nof_HBD,Complexity
12148,0.7285714285714286,0.8238095238095238,molWeight,molPSA,nof_HBA,nof_HBD,nof_negCharge
12160,0.5857142857142857,0.8285714285714285,molWeight,molPSA,nof_HBA,nof_HBD,nof_SH
12171,0.7571428571428571,0.8285714285714285,molWeight,molPSA,nof_HBA,molCharge_total,C_R1
12181,0.7285714285714285,0.8190476190476191,molWeight,molPSA,nof_HBA,molCharge_total,nof_NH2
12185,0.7666666666666667,0.8238095238095239,molWeight,molPSA,nof_HBA,nof_Rings,Complexity
12189,0.6714285714285715,0.8142857142857143,molWeight,molPSA,nof_HBA,nof_Rings,C_R2
12208,0.8,0.8571428571428573,molWeight,molPSA,nof_HBA,Complexity,C_R1
12210,0.7666666666666667,0.8523809523809524,molWeight,molPSA,nof_HBA,Complexity,C_sp3
12216,0.8523809523809524,0.8523809523809524,molWeight,molPSA,nof_HBA,Complexity,nof_SO3H
12220,0.7714285714285715,0.8285714285714285,molWeight,molPSA,nof_HBA,Complexity,nof_OH
12231,0.7142857142857143,0.8476190476190476,molWeight,molPSA,nof_HBA,nof_posCharge,nof_Fragments
12234,0.7047619047619047,0.8285714285714285,molWeight,molPSA,nof_HBA,nof_posCharge,nof_SH
12247,0.8238095238095238,0.8571428571428573,molWeight,molPSA,nof_HBA,nof_negCharge,nof_Fragments
12251,0.8,0.8285714285714285,molWeight,molPSA,nof_HBA,nof_negCharge,nof_NH2
12255,0.7333333333333333,0.8190476190476191,molWeight,molPSA,nof_HBA,a_heavy,C_R2
12283,0.6666666666666667,0.8238095238095238,molWeight,molPSA,nof_HBA,C_R2,nof_acetyl
12319,0.7047619047619047,0.8142857142857143,molWeight,molPSA,nof_HBA,C_sp3,nof_acetyl
12359,0.7666666666666667,0.8571428571428571,molWeight,molPSA,nof_HBA,nof_PO4,nof_acetyl
12368,0.6761904761904762,0.8238095238095239,molWeight,molPSA,nof_HBA,nof_SH,nof_acetyl
12376,0.8238095238095239,0.8285714285714285,molWeight,molPSA,nof_HBD,molCharge_total,Complexity
12446,0.6714285714285714,0.8238095238095238,molWeight,molPSA,nof_HBD,nof_posCharge,nof_COOH
12499,0.7333333333333333,0.8142857142857143,molWeight,molPSA,nof_HBD,C_R1,nof_Fragments
12501,0.6523809523809524,0.8190476190476191,molWeight,molPSA,nof_HBD,C_R1,nof_SO3H
12611,0.8523809523809524,0.8190476190476191,molWeight,molPSA,molCharge_total,Complexity,posCharge/Volume
12619,0.7047619047619047,0.8571428571428571,molWeight,molPSA,molCharge_total,Complexity,nof_COOH
12621,0.880952380952381,0.8238095238095238,molWeight,molPSA,molCharge_total,Complexity,nof_acetyl
12776,0.7333333333333333,0.8285714285714285,molWeight,molPSA,nof_Rings,Complexity,nof_negCharge
12788,0.7666666666666667,0.8238095238095238,molWeight,molPSA,nof_Rings,Complexity,nof_SH
12850,0.7047619047619047,0.8238095238095238,molWeight,molPSA,nof_Rings,C_R2,nof_SH
12909,0.7285714285714285,0.8238095238095238,molWeight,molPSA,nof_Rings,negCharge/Volume,nof_acetyl
12946,0.8190476190476191,0.8285714285714285,molWeight,molPSA,Complexity,nof_posCharge,nof_negCharge
12947,0.7904761904761904,0.8285714285714285,molWeight,molPSA,Complexity,nof_posCharge,a_heavy
12953,0.8,0.8238095238095238,molWeight,molPSA,Complexity,nof_posCharge,negCharge/Volume
12957,0.7380952380952379,0.8238095238095238,molWeight,molPSA,Complexity,nof_posCharge,nof_SO3H
12962,0.6714285714285714,0.8285714285714286,molWeight,molPSA,Complexity,nof_posCharge,nof_acetyl
12965,0.8190476190476191,0.8285714285714285,molWeight,molPSA,Complexity,nof_negCharge,C_R1
12967,0.6523809523809524,0.8285714285714285,molWeight,molPSA,Complexity,nof_negCharge,C_sp3
12978,0.8190476190476191,0.8238095238095238,molWeight,molPSA,Complexity,nof_negCharge,nof_acetyl
12987,0.8857142857142858,0.8476190476190476,molWeight,molPSA,Complexity,a_heavy,nof_PO4
12995,0.7333333333333333,0.8285714285714285,molWeight,molPSA,Complexity,C_R2,C_R0
13005,0.8857142857142858,0.8285714285714285,molWeight,molPSA,Complexity,C_R2,nof_COOH
13011,0.7666666666666667,0.8285714285714285,molWeight,molPSA,Complexity,C_R1,negCharge/Volume
13034,0.7857142857142857,0.8238095238095238,molWeight,molPSA,Complexity,C_sp3,negCharge/Volume
13036,0.7380952380952381,0.8285714285714285,molWeight,molPSA,Complexity,C_sp3,nof_Fragments
13047,0.8,0.8238095238095238,molWeight,molPSA,Complexity,posCharge/Volume,nof_PO4
13052,0.7619047619047619,0.8285714285714286,molWeight,molPSA,Complexity,posCharge/Volume,nof_OH
13053,0.7571428571428572,0.8238095238095238,molWeight,molPSA,Complexity,posCharge/Volume,nof_acetyl
13083,0.7714285714285715,0.8238095238095238,molWeight,molPSA,Complexity,nof_PO4,nof_acetyl
13094,0.7714285714285714,0.8238095238095238,molWeight,molPSA,Complexity,nof_NH2,nof_OH
13096,0.7666666666666667,0.8238095238095238,molWeight,molPSA,Complexity,nof_COOH,nof_OH
13097,0.8523809523809524,0.8238095238095238,molWeight,molPSA,Complexity,nof_COOH,nof_acetyl
13305,0.6809523809523811,0.8190476190476189,molWeight,molPSA,nof_negCharge,posCharge/Volume,nof_SH
13315,0.7714285714285714,0.8238095238095239,molWeight,molPSA,nof_negCharge,negCharge/Volume,nof_NH2
13334,0.7714285714285715,0.8571428571428571,molWeight,molPSA,nof_negCharge,nof_PO4,nof_SO3H
13416,0.7904761904761904,0.8238095238095239,molWeight,molPSA,a_heavy,negCharge/Volume,nof_Fragments
13481,0.6857142857142857,0.8190476190476191,molWeight,molPSA,C_R2,C_R0,nof_NH2
13581,0.6714285714285715,0.8190476190476191,molWeight,molPSA,C_R1,posCharge/Volume,nof_COOH
13929,0.6761904761904762,0.8238095238095238,molWeight,molArea,PSA/Area,nof_Atoms,negCharge/Volume
13941,0.8476190476190476,0.8285714285714285,molWeight,molArea,PSA/Area,nof_Chirals,molCharge_total
13950,0.7333333333333333,0.8190476190476189,molWeight,molArea,PSA/Area,nof_Chirals,C_sp3
13978,0.7047619047619047,0.8190476190476189,molWeight,molArea,PSA/Area,nof_HBA,nof_SO3H
13986,0.8238095238095239,0.8190476190476191,molWeight,molArea,PSA/Area,nof_HBD,Complexity
13994,0.7666666666666667,0.8285714285714286,molWeight,molArea,PSA/Area,nof_HBD,posCharge/Volume
14017,0.7380952380952379,0.8238095238095239,molWeight,molArea,PSA/Area,molCharge_total,nof_Fragments
14061,0.7333333333333333,0.8142857142857143,molWeight,molArea,PSA/Area,Complexity,nof_acetyl
14062,0.7952380952380953,0.8190476190476191,molWeight,molArea,PSA/Area,nof_posCharge,nof_negCharge
14074,0.7666666666666667,0.8285714285714286,molWeight,molArea,PSA/Area,nof_posCharge,nof_SH
14080,0.7333333333333333,0.8285714285714285,molWeight,molArea,PSA/Area,nof_negCharge,C_R2
14086,0.7333333333333333,0.8285714285714285,molWeight,molArea,PSA/Area,nof_negCharge,nof_RotB
14119,0.7380952380952379,0.8476190476190476,molWeight,molArea,PSA/Area,C_R2,nof_SH
14133,0.7952380952380953,0.8523809523809524,molWeight,molArea,PSA/Area,C_R1,nof_NH2
14136,0.8238095238095238,0.8190476190476189,molWeight,molArea,PSA/Area,C_R1,nof_acetyl
14163,0.7666666666666667,0.8238095238095239,molWeight,molArea,PSA/Area,posCharge/Volume,nof_PO4
14208,0.7380952380952381,0.8238095238095239,molWeight,molArea,PSA/Area,nof_SH,nof_acetyl
14235,0.7904761904761904,0.8476190476190476,molWeight,molArea,nof_Atoms,nof_Chirals,nof_COOH
14241,0.7952380952380953,0.8857142857142858,molWeight,molArea,nof_Atoms,nof_HBA,Complexity
14262,0.8190476190476189,0.8476190476190476,molWeight,molArea,nof_Atoms,nof_HBD,Complexity
14322,0.7999999999999999,0.8523809523809524,molWeight,molArea,nof_Atoms,Complexity,a_heavy
14323,0.8285714285714285,0.8190476190476189,molWeight,molArea,nof_Atoms,Complexity,C_R2
14329,0.8285714285714285,0.8285714285714285,molWeight,molArea,nof_Atoms,Complexity,nof_RotB
14335,0.8285714285714285,0.8571428571428573,molWeight,molArea,nof_Atoms,Complexity,nof_COOH
14343,0.8476190476190476,0.8238095238095238,molWeight,molArea,nof_Atoms,nof_posCharge,C_sp3
14366,0.8238095238095239,0.8523809523809524,molWeight,molArea,nof_Atoms,nof_negCharge,nof_SH
14379,0.7619047619047619,0.8238095238095238,molWeight,molArea,nof_Atoms,a_heavy,nof_PO4
14416,0.6523809523809524,0.8238095238095238,molWeight,molArea,nof_Atoms,C_R0,nof_RotB
14422,0.7380952380952381,0.8190476190476191,molWeight,molArea,nof_Atoms,C_R0,nof_COOH
14439,0.8190476190476189,0.8190476190476189,molWeight,molArea,nof_Atoms,posCharge/Volume,nof_PO4
14449,0.7428571428571429,0.8238095238095238,molWeight,molArea,nof_Atoms,negCharge/Volume,nof_SO3H
14465,0.7380952380952379,0.8285714285714285,molWeight,molArea,nof_Atoms,nof_Fragments,nof_SH
14469,0.8285714285714286,0.8238095238095238,molWeight,molArea,nof_Atoms,nof_Fragments,nof_acetyl
14470,0.7571428571428572,0.8238095238095238,molWeight,molArea,nof_Atoms,nof_PO4,nof_SO3H
14473,0.8190476190476189,0.8238095238095238,molWeight,molArea,nof_Atoms,nof_PO4,nof_COOH
14481,0.7952380952380953,0.8190476190476191,molWeight,molArea,nof_Atoms,nof_SH,nof_NH2
14488,0.7666666666666667,0.8142857142857143,molWeight,molArea,nof_Atoms,nof_COOH,nof_OH
14494,0.8571428571428573,0.8571428571428571,molWeight,molArea,nof_Chirals,nof_HBA,Complexity
14535,0.7619047619047619,0.8476190476190476,molWeight,molArea,nof_Chirals,molCharge_total,Complexity
14549,0.7380952380952381,0.8238095238095238,molWeight,molArea,nof_Chirals,molCharge_total,nof_SH
14574,0.8857142857142858,0.8571428571428571,molWeight,molArea,nof_Chirals,Complexity,nof_negCharge
14577,0.8238095238095238,0.8238095238095239,molWeight,molArea,nof_Chirals,Complexity,C_R1
14580,0.8523809523809524,0.8285714285714285,molWeight,molArea,nof_Chirals,Complexity,posCharge/Volume
14583,0.8571428571428571,0.9047619047619048,molWeight,molArea,nof_Chirals,Complexity,nof_Fragments
14585,0.8285714285714285,0.8238095238095238,molWeight,molArea,nof_Chirals,Complexity,nof_SO3H
14600,0.7619047619047619,0.8238095238095238,molWeight,molArea,nof_Chirals,nof_posCharge,nof_Fragments
14631,0.7952380952380952,0.8190476190476189,molWeight,molArea,nof_Chirals,a_heavy,nof_Fragments
14746,0.8857142857142858,0.8190476190476189,molWeight,molArea,nof_HBA,nof_HBD,Complexity
14784,0.8,0.8238095238095239,molWeight,molArea,nof_HBA,molCharge_total,nof_acetyl
14785,0.7666666666666667,0.8523809523809524,molWeight,molArea,nof_HBA,nof_Rings,Complexity
14804,0.8285714285714286,0.8238095238095238,molWeight,molArea,nof_HBA,Complexity,nof_posCharge
14806,0.8190476190476191,0.8238095238095238,molWeight,molArea,nof_HBA,Complexity,a_heavy
14807,0.8285714285714285,0.8285714285714285,molWeight,molArea,nof_HBA,Complexity,C_R2
14808,0.8238095238095238,0.8523809523809524,molWeight,molArea,nof_HBA,Complexity,C_R1
14809,0.8238095238095238,0.8428571428571429,molWeight,molArea,nof_HBA,Complexity,C_R0
14810,0.7952380952380952,0.8285714285714285,molWeight,molArea,nof_HBA,Complexity,C_sp3
14811,0.7666666666666667,0.8285714285714285,molWeight,molArea,nof_HBA,Complexity,posCharge/Volume
14812,0.7952380952380953,0.8190476190476191,molWeight,molArea,nof_HBA,Complexity,negCharge/Volume
14813,0.8285714285714286,0.8238095238095238,molWeight,molArea,nof_HBA,Complexity,nof_RotB
14815,0.8238095238095238,0.8476190476190476,molWeight,molArea,nof_HBA,Complexity,nof_PO4
14819,0.8571428571428571,0.8285714285714285,molWeight,molArea,nof_HBA,Complexity,nof_COOH
14821,0.8285714285714285,0.8857142857142858,molWeight,molArea,nof_HBA,Complexity,nof_acetyl
14836,0.7571428571428571,0.8238095238095238,molWeight,molArea,nof_HBA,nof_posCharge,nof_COOH
14976,0.8571428571428571,0.8238095238095238,molWeight,molArea,nof_HBD,molCharge_total,Complexity
14995,0.7952380952380952,0.8190476190476191,molWeight,molArea,nof_HBD,nof_Rings,Complexity
15015,0.7666666666666667,0.8857142857142858,molWeight,molArea,nof_HBD,Complexity,nof_negCharge
15016,0.8523809523809524,0.8142857142857143,molWeight,molArea,nof_HBD,Complexity,a_heavy
15020,0.8142857142857143,0.8190476190476189,molWeight,molArea,nof_HBD,Complexity,C_sp3
15023,0.7,0.8190476190476191,molWeight,molArea,nof_HBD,Complexity,nof_RotB
15029,0.8238095238095238,0.8523809523809524,molWeight,molArea,nof_HBD,Complexity,nof_COOH
15031,0.7952380952380953,0.8523809523809524,molWeight,molArea,nof_HBD,Complexity,nof_acetyl
15065,0.8190476190476189,0.8285714285714285,molWeight,molArea,nof_HBD,a_heavy,C_R2
15091,0.7666666666666667,0.8285714285714285,molWeight,molArea,nof_HBD,C_R2,nof_COOH
15135,0.8285714285714285,0.8238095238095238,molWeight,molArea,nof_HBD,posCharge/Volume,nof_SH
15204,0.8523809523809524,0.8857142857142858,molWeight,molArea,molCharge_total,Complexity,nof_posCharge
15207,0.7999999999999999,0.8285714285714285,molWeight,molArea,molCharge_total,Complexity,C_R2
15208,0.7523809523809525,0.8523809523809524,molWeight,molArea,molCharge_total,Complexity,C_R1
15212,0.8476190476190476,0.8285714285714286,molWeight,molArea,molCharge_total,Complexity,negCharge/Volume
15216,0.7952380952380953,0.8571428571428571,molWeight,molArea,molCharge_total,Complexity,nof_SO3H
15217,0.8428571428571429,0.8238095238095238,molWeight,molArea,molCharge_total,Complexity,nof_SH
15219,0.8523809523809524,0.8285714285714285,molWeight,molArea,molCharge_total,Complexity,nof_COOH
15321,0.7571428571428571,0.8285714285714285,molWeight,molArea,molCharge_total,posCharge/Volume,nof_RotB
15322,0.8571428571428571,0.8238095238095238,molWeight,molArea,molCharge_total,posCharge/Volume,nof_Fragments
15376,0.8238095238095239,0.8523809523809524,molWeight,molArea,nof_Rings,Complexity,nof_negCharge
15381,0.7809523809523811,0.8523809523809524,molWeight,molArea,nof_Rings,Complexity,C_sp3
15386,0.7333333333333333,0.8571428571428571,molWeight,molArea,nof_Rings,Complexity,nof_PO4
15387,0.8285714285714285,0.8523809523809524,molWeight,molArea,nof_Rings,Complexity,nof_SO3H
15388,0.7904761904761904,0.8238095238095238,molWeight,molArea,nof_Rings,Complexity,nof_SH
15389,0.8857142857142858,0.8571428571428571,molWeight,molArea,nof_Rings,Complexity,nof_NH2
15391,0.7666666666666667,0.8285714285714285,molWeight,molArea,nof_Rings,Complexity,nof_OH
15504,0.7571428571428571,0.8285714285714285,molWeight,molArea,nof_Rings,negCharge/Volume,nof_SO3H
15550,0.7333333333333333,0.8238095238095238,molWeight,molArea,Complexity,nof_posCharge,C_R0
15552,0.7952380952380953,0.8809523809523808,molWeight,molArea,Complexity,nof_posCharge,posCharge/Volume
15553,0.7952380952380952,0.8238095238095238,molWeight,molArea,Complexity,nof_posCharge,negCharge/Volume
15556,0.8857142857142858,0.8571428571428571,molWeight,molArea,Complexity,nof_posCharge,nof_PO4
15558,0.8238095238095239,0.8523809523809524,molWeight,molArea,Complexity,nof_posCharge,nof_SH
15559,0.8285714285714285,0.8238095238095238,molWeight,molArea,Complexity,nof_posCharge,nof_NH2
15562,0.7904761904761904,0.8190476190476189,molWeight,molArea,Complexity,nof_posCharge,nof_acetyl
15564,0.8,0.8523809523809524,molWeight,molArea,Complexity,nof_negCharge,C_R2
15566,0.8238095238095239,0.8238095238095238,molWeight,molArea,Complexity,nof_negCharge,C_R0
15567,0.7952380952380953,0.8523809523809524,molWeight,molArea,Complexity,nof_negCharge,C_sp3
15568,0.8142857142857143,0.8857142857142858,molWeight,molArea,Complexity,nof_negCharge,posCharge/Volume
15569,0.8190476190476189,0.8476190476190476,molWeight,molArea,Complexity,nof_negCharge,negCharge/Volume
15570,0.8285714285714286,0.8238095238095239,molWeight,molArea,Complexity,nof_negCharge,nof_RotB
15574,0.8190476190476189,0.8523809523809524,molWeight,molArea,Complexity,nof_negCharge,nof_SH
15576,0.8523809523809524,0.8285714285714286,molWeight,molArea,Complexity,nof_negCharge,nof_COOH
15580,0.8190476190476189,0.8285714285714285,molWeight,molArea,Complexity,a_heavy,C_R1
15582,0.8571428571428571,0.8238095238095238,molWeight,molArea,Complexity,a_heavy,C_sp3
15583,0.8285714285714286,0.8238095238095238,molWeight,molArea,Complexity,a_heavy,posCharge/Volume
15586,0.8238095238095238,0.8571428571428571,molWeight,molArea,Complexity,a_heavy,nof_Fragments
15587,0.8571428571428571,0.8476190476190476,molWeight,molArea,Complexity,a_heavy,nof_PO4
15589,0.8523809523809524,0.8238095238095238,molWeight,molArea,Complexity,a_heavy,nof_SH
15591,0.8285714285714285,0.8190476190476191,molWeight,molArea,Complexity,a_heavy,nof_COOH
15592,0.7952380952380953,0.8190476190476191,molWeight,molArea,Complexity,a_heavy,nof_OH
15595,0.7428571428571429,0.8190476190476191,molWeight,molArea,Complexity,C_R2,C_R0
15596,0.8285714285714285,0.8238095238095239,molWeight,molArea,Complexity,C_R2,C_sp3
15597,0.7666666666666667,0.8238095238095239,molWeight,molArea,Complexity,C_R2,posCharge/Volume
15598,0.8190476190476189,0.8285714285714285,molWeight,molArea,Complexity,C_R2,negCharge/Volume
15599,0.8523809523809524,0.8190476190476191,molWeight,molArea,Complexity,C_R2,nof_RotB
15603,0.8190476190476189,0.8190476190476189,molWeight,molArea,Complexity,C_R2,nof_SH
15605,0.8857142857142858,0.8190476190476189,molWeight,molArea,Complexity,C_R2,nof_COOH
15606,0.8285714285714285,0.8809523809523808,molWeight,molArea,Complexity,C_R2,nof_OH
15611,0.7904761904761906,0.880952380952381,molWeight,molArea,Complexity,C_R1,negCharge/Volume
15612,0.7904761904761906,0.8523809523809524,molWeight,molArea,Complexity,C_R1,nof_RotB
15613,0.8238095238095238,0.8238095238095239,molWeight,molArea,Complexity,C_R1,nof_Fragments
15615,0.8190476190476191,0.8238095238095238,molWeight,molArea,Complexity,C_R1,nof_SO3H
15616,0.8571428571428571,0.8190476190476191,molWeight,molArea,Complexity,C_R1,nof_SH
15617,0.7619047619047621,0.8476190476190476,molWeight,molArea,Complexity,C_R1,nof_NH2
15620,0.7666666666666667,0.8523809523809524,molWeight,molArea,Complexity,C_R1,nof_acetyl
15623,0.8238095238095238,0.8571428571428571,molWeight,molArea,Complexity,C_R0,negCharge/Volume
15624,0.7047619047619047,0.8571428571428571,molWeight,molArea,Complexity,C_R0,nof_RotB
15629,0.7666666666666667,0.8857142857142858,molWeight,molArea,Complexity,C_R0,nof_NH2
15631,0.7952380952380953,0.8238095238095239,molWeight,molArea,Complexity,C_R0,nof_OH
15637,0.7666666666666667,0.8238095238095238,molWeight,molArea,Complexity,C_sp3,nof_PO4
15638,0.8238095238095238,0.8476190476190476,molWeight,molArea,Complexity,C_sp3,nof_SO3H
15639,0.8190476190476191,0.8238095238095239,molWeight,molArea,Complexity,C_sp3,nof_SH
15642,0.7714285714285715,0.8142857142857143,molWeight,molArea,Complexity,C_sp3,nof_OH
15643,0.7904761904761904,0.8285714285714285,molWeight,molArea,Complexity,C_sp3,nof_acetyl
15644,0.8523809523809524,0.8523809523809524,molWeight,molArea,Complexity,posCharge/Volume,negCharge/Volume
15651,0.7,0.8523809523809524,molWeight,molArea,Complexity,posCharge/Volume,nof_COOH
15654,0.8523809523809524,0.8238095238095238,molWeight,molArea,Complexity,negCharge/Volume,nof_RotB
15657,0.8285714285714285,0.8238095238095238,molWeight,molArea,Complexity,negCharge/Volume,nof_SO3H
15662,0.7714285714285714,0.8238095238095238,molWeight,molArea,Complexity,negCharge/Volume,nof_acetyl
15663,0.7571428571428571,0.8523809523809524,molWeight,molArea,Complexity,nof_RotB,nof_Fragments
15666,0.7952380952380953,0.8476190476190476,molWeight,molArea,Complexity,nof_RotB,nof_SH
15670,0.7904761904761904,0.8238095238095238,molWeight,molArea,Complexity,nof_RotB,nof_acetyl
15671,0.8238095238095239,0.8476190476190476,molWeight,molArea,Complexity,nof_Fragments,nof_PO4
15672,0.8190476190476191,0.8238095238095238,molWeight,molArea,Complexity,nof_Fragments,nof_SO3H
15674,0.7666666666666667,0.8476190476190476,molWeight,molArea,Complexity,nof_Fragments,nof_NH2
15678,0.8190476190476191,0.8238095238095238,molWeight,molArea,Complexity,nof_PO4,nof_SO3H
15681,0.8523809523809524,0.8238095238095239,molWeight,molArea,Complexity,nof_PO4,nof_COOH
15684,0.8238095238095238,0.8523809523809524,molWeight,molArea,Complexity,nof_SO3H,nof_SH
15687,0.8571428571428571,0.8285714285714285,molWeight,molArea,Complexity,nof_SO3H,nof_OH
15688,0.8238095238095238,0.8523809523809524,molWeight,molArea,Complexity,nof_SO3H,nof_acetyl
15689,0.8571428571428573,0.8190476190476189,molWeight,molArea,Complexity,nof_SH,nof_NH2
15697,0.7619047619047619,0.8190476190476191,molWeight,molArea,Complexity,nof_COOH,nof_acetyl
15698,0.8476190476190476,0.8238095238095238,molWeight,molArea,Complexity,nof_OH,nof_acetyl
15746,0.8523809523809524,0.8238095238095238,molWeight,molArea,nof_posCharge,C_R1,posCharge/Volume
15974,0.8238095238095239,0.8238095238095238,molWeight,molArea,a_heavy,C_R1,nof_Fragments
15980,0.8285714285714285,0.8190476190476189,molWeight,molArea,a_heavy,C_R1,nof_OH
16084,0.7952380952380953,0.8238095238095239,molWeight,molArea,C_R2,C_R0,nof_acetyl
16134,0.7952380952380953,0.8238095238095238,molWeight,molArea,C_R2,nof_PO4,nof_OH
16169,0.7714285714285715,0.8238095238095239,molWeight,molArea,C_R1,C_sp3,nof_SH
16194,0.8,0.8238095238095238,molWeight,molArea,C_R1,nof_RotB,nof_PO4
16196,0.6952380952380952,0.8190476190476189,molWeight,molArea,C_R1,nof_RotB,nof_SH
16201,0.8190476190476191,0.8238095238095238,molWeight,molArea,C_R1,nof_Fragments,nof_PO4
16272,0.7904761904761904,0.8571428571428571,molWeight,molArea,C_R0,nof_Fragments,nof_OH
16310,0.7619047619047619,0.8238095238095238,molWeight,molArea,C_sp3,negCharge/Volume,nof_NH2
16314,0.6523809523809524,0.8238095238095238,molWeight,molArea,C_sp3,nof_RotB,nof_Fragments
16355,0.7666666666666667,0.8285714285714285,molWeight,molArea,posCharge/Volume,negCharge/Volume,nof_NH2
16409,0.7666666666666667,0.8238095238095239,molWeight,molArea,negCharge/Volume,nof_Fragments,nof_acetyl
16463,0.7380952380952381,0.8238095238095238,molWeight,molArea,nof_Fragments,nof_PO4,nof_OH
16466,0.7619047619047621,0.8238095238095239,molWeight,molArea,nof_Fragments,nof_SO3H,nof_NH2
16575,0.7666666666666667,0.8238095238095238,molWeight,PSA/Area,nof_Atoms,nof_HBD,nof_SO3H
16578,0.8,0.8190476190476191,molWeight,PSA/Area,nof_Atoms,nof_HBD,nof_COOH
16597,0.7285714285714285,0.8238095238095238,molWeight,PSA/Area,nof_Atoms,molCharge_total,nof_NH2
16663,0.7714285714285715,0.8190476190476191,molWeight,PSA/Area,nof_Atoms,nof_negCharge,nof_Fragments
16669,0.7285714285714285,0.8238095238095238,molWeight,PSA/Area,nof_Atoms,nof_negCharge,nof_OH
16689,0.7571428571428571,0.8238095238095239,molWeight,PSA/Area,nof_Atoms,C_R2,posCharge/Volume
16702,0.7380952380952381,0.8285714285714285,molWeight,PSA/Area,nof_Atoms,C_R1,posCharge/Volume
16739,0.7047619047619047,0.8571428571428571,molWeight,PSA/Area,nof_Atoms,posCharge/Volume,nof_PO4
16766,0.7952380952380953,0.8238095238095238,molWeight,PSA/Area,nof_Atoms,nof_Fragments,nof_NH2
16812,0.6714285714285715,0.8857142857142858,molWeight,PSA/Area,nof_Chirals,nof_HBA,nof_acetyl
16817,0.7666666666666667,0.8238095238095239,molWeight,PSA/Area,nof_Chirals,nof_HBD,nof_negCharge
16847,0.6809523809523811,0.8238095238095238,molWeight,PSA/Area,nof_Chirals,molCharge_total,nof_PO4
16880,0.7380952380952381,0.8285714285714285,molWeight,PSA/Area,nof_Chirals,Complexity,posCharge/Volume
16884,0.7619047619047621,0.8476190476190476,molWeight,PSA/Area,nof_Chirals,Complexity,nof_PO4
16902,0.7714285714285715,0.8238095238095238,molWeight,PSA/Area,nof_Chirals,nof_posCharge,nof_SO3H
16907,0.7428571428571428,0.8238095238095238,molWeight,PSA/Area,nof_Chirals,nof_posCharge,nof_acetyl
16952,0.7095238095238094,0.8190476190476191,molWeight,PSA/Area,nof_Chirals,C_R2,nof_acetyl
16964,0.7285714285714285,0.8857142857142858,molWeight,PSA/Area,nof_Chirals,C_R1,nof_OH
16978,0.6809523809523811,0.8238095238095239,molWeight,PSA/Area,nof_Chirals,C_sp3,posCharge/Volume
17022,0.8238095238095239,0.8523809523809524,molWeight,PSA/Area,nof_Chirals,nof_Fragments,nof_acetyl
17029,0.7142857142857142,0.8285714285714285,molWeight,PSA/Area,nof_Chirals,nof_SO3H,nof_SH
17051,0.7571428571428572,0.8285714285714285,molWeight,PSA/Area,nof_HBA,nof_HBD,C_R1
17060,0.7333333333333333,0.8238095238095239,molWeight,PSA/Area,nof_HBA,nof_HBD,nof_SH
17105,0.6857142857142857,0.8857142857142858,molWeight,PSA/Area,nof_HBA,Complexity,nof_negCharge
17118,0.7666666666666667,0.8285714285714285,molWeight,PSA/Area,nof_HBA,Complexity,nof_NH2
17126,0.7619047619047621,0.8285714285714285,molWeight,PSA/Area,nof_HBA,nof_posCharge,C_R0
17128,0.7714285714285715,0.8285714285714285,molWeight,PSA/Area,nof_HBA,nof_posCharge,posCharge/Volume
17163,0.7380952380952381,0.8285714285714285,molWeight,PSA/Area,nof_HBA,a_heavy,nof_PO4
17164,0.7666666666666667,0.8571428571428573,molWeight,PSA/Area,nof_HBA,a_heavy,nof_SO3H
17165,0.7666666666666667,0.8190476190476189,molWeight,PSA/Area,nof_HBA,a_heavy,nof_SH
17168,0.7333333333333333,0.8238095238095239,molWeight,PSA/Area,nof_HBA,a_heavy,nof_OH
17173,0.7666666666666667,0.8190476190476191,molWeight,PSA/Area,nof_HBA,C_R2,posCharge/Volume
17196,0.7285714285714285,0.8238095238095238,molWeight,PSA/Area,nof_HBA,C_R1,nof_acetyl
17214,0.7380952380952381,0.8190476190476191,molWeight,PSA/Area,nof_HBA,C_sp3,nof_SO3H
17220,0.7952380952380953,0.8238095238095238,molWeight,PSA/Area,nof_HBA,posCharge/Volume,negCharge/Volume
17254,0.7380952380952381,0.9142857142857144,molWeight,PSA/Area,nof_HBA,nof_PO4,nof_SO3H
17288,0.7666666666666667,0.8238095238095238,molWeight,PSA/Area,nof_HBD,molCharge_total,nof_PO4
17323,0.7619047619047619,0.8238095238095238,molWeight,PSA/Area,nof_HBD,Complexity,nof_RotB
17357,0.8238095238095238,0.8523809523809524,molWeight,PSA/Area,nof_HBD,nof_negCharge,nof_Fragments
17384,0.7714285714285714,0.8238095238095238,molWeight,PSA/Area,nof_HBD,C_R2,negCharge/Volume
17430,0.7904761904761904,0.8238095238095238,molWeight,PSA/Area,nof_HBD,posCharge/Volume,negCharge/Volume
17434,0.8285714285714286,0.8285714285714285,molWeight,PSA/Area,nof_HBD,posCharge/Volume,nof_SO3H
17497,0.8238095238095239,0.8190476190476189,molWeight,PSA/Area,molCharge_total,nof_Rings,nof_PO4
17514,0.7666666666666667,0.8571428571428573,molWeight,PSA/Area,molCharge_total,Complexity,nof_Fragments
17531,0.7095238095238096,0.8190476190476189,molWeight,PSA/Area,molCharge_total,nof_posCharge,nof_Fragments
17553,0.7142857142857142,0.8285714285714285,molWeight,PSA/Area,molCharge_total,nof_negCharge,nof_OH
17588,0.7904761904761904,0.8238095238095238,molWeight,PSA/Area,molCharge_total,C_R1,nof_RotB
17756,0.8238095238095238,0.8285714285714286,molWeight,PSA/Area,nof_Rings,C_R1,C_sp3
17775,0.7428571428571428,0.8285714285714285,molWeight,PSA/Area,nof_Rings,C_R0,nof_SH
17789,0.7666666666666667,0.8190476190476189,molWeight,PSA/Area,nof_Rings,C_sp3,nof_OH
17799,0.880952380952381,0.8285714285714285,molWeight,PSA/Area,nof_Rings,posCharge/Volume,nof_OH
17857,0.8,0.8190476190476191,molWeight,PSA/Area,Complexity,nof_posCharge,nof_SO3H
17887,0.7952380952380953,0.8238095238095238,molWeight,PSA/Area,Complexity,a_heavy,nof_PO4
17901,0.8285714285714285,0.8238095238095238,molWeight,PSA/Area,Complexity,C_R2,nof_PO4
17921,0.7095238095238094,0.8523809523809524,molWeight,PSA/Area,Complexity,C_R0,C_sp3
18083,0.7666666666666667,0.8285714285714285,molWeight,PSA/Area,nof_posCharge,posCharge/Volume,nof_PO4
18084,0.8190476190476189,0.8238095238095238,molWeight,PSA/Area,nof_posCharge,posCharge/Volume,nof_SO3H
18086,0.7904761904761906,0.8238095238095239,molWeight,PSA/Area,nof_posCharge,posCharge/Volume,nof_NH2
18093,0.7380952380952381,0.8238095238095238,molWeight,PSA/Area,nof_posCharge,negCharge/Volume,nof_SO3H
18183,0.7,0.8190476190476189,molWeight,PSA/Area,nof_negCharge,C_R0,nof_SO3H
18192,0.7142857142857143,0.8238095238095238,molWeight,PSA/Area,nof_negCharge,C_sp3,nof_Fragments
18219,0.7666666666666667,0.8238095238095238,molWeight,PSA/Area,nof_negCharge,nof_RotB,nof_Fragments
18225,0.5904761904761904,0.8190476190476189,molWeight,PSA/Area,nof_negCharge,nof_RotB,nof_OH
18238,0.7,0.8238095238095239,molWeight,PSA/Area,nof_negCharge,nof_PO4,nof_OH
18259,0.8238095238095238,0.8285714285714285,molWeight,PSA/Area,a_heavy,C_R2,negCharge/Volume
18270,0.7666666666666667,0.8190476190476189,molWeight,PSA/Area,a_heavy,C_R1,C_sp3
18310,0.7952380952380953,0.8190476190476191,molWeight,PSA/Area,a_heavy,posCharge/Volume,nof_SH
18319,0.7380952380952381,0.8238095238095238,molWeight,PSA/Area,a_heavy,negCharge/Volume,nof_SH
18346,0.7619047619047618,0.8523809523809524,molWeight,PSA/Area,a_heavy,nof_SO3H,nof_NH2
18401,0.7142857142857143,0.8190476190476189,molWeight,PSA/Area,C_R2,posCharge/Volume,nof_SH
18454,0.7619047619047619,0.8238095238095238,molWeight,PSA/Area,C_R1,C_R0,nof_RotB
18550,0.7619047619047619,0.8238095238095238,molWeight,PSA/Area,C_R0,negCharge/Volume,nof_RotB
18559,0.7047619047619047,0.8285714285714285,molWeight,PSA/Area,C_R0,nof_RotB,nof_Fragments
18570,0.7714285714285715,0.8238095238095238,molWeight,PSA/Area,C_R0,nof_Fragments,nof_NH2
18733,0.7380952380952379,0.8285714285714285,molWeight,PSA/Area,nof_RotB,nof_Fragments,nof_SH
18779,0.8523809523809524,0.8571428571428571,molWeight,PSA/Area,nof_Fragments,nof_OH,nof_acetyl
18809,0.7333333333333333,0.8523809523809524,molWeight,PSA/Area,nof_SH,nof_COOH,nof_acetyl
18875,0.6238095238095238,0.8238095238095239,molWeight,nof_Atoms,nof_Chirals,molCharge_total,nof_COOH
18909,0.7619047619047621,0.8476190476190476,molWeight,nof_Atoms,nof_Chirals,Complexity,nof_SO3H
18980,0.6190476190476191,0.880952380952381,molWeight,nof_Atoms,nof_Chirals,C_R1,negCharge/Volume
19070,0.7428571428571428,0.8523809523809524,molWeight,nof_Atoms,nof_HBA,nof_HBD,Complexity
19106,0.7952380952380953,0.8238095238095238,molWeight,nof_Atoms,nof_HBA,molCharge_total,nof_COOH
19113,0.7952380952380953,0.8285714285714285,molWeight,nof_Atoms,nof_HBA,nof_Rings,C_R2
19140,0.7666666666666667,0.8285714285714286,molWeight,nof_Atoms,nof_HBA,Complexity,nof_SO3H
19141,0.7904761904761906,0.8190476190476191,molWeight,nof_Atoms,nof_HBA,Complexity,nof_SH
19228,0.6809523809523811,0.8190476190476189,molWeight,nof_Atoms,nof_HBA,C_R0,nof_SH
19237,0.7666666666666667,0.8285714285714285,molWeight,nof_Atoms,nof_HBA,C_sp3,nof_PO4
19239,0.7952380952380953,0.8238095238095238,molWeight,nof_Atoms,nof_HBA,C_sp3,nof_SH
19286,0.8523809523809524,0.8238095238095239,molWeight,nof_Atoms,nof_HBA,nof_SO3H,nof_COOH
19297,0.7571428571428572,0.8238095238095238,molWeight,nof_Atoms,nof_HBA,nof_COOH,nof_acetyl
19339,0.7666666666666667,0.8523809523809524,molWeight,nof_Atoms,nof_HBD,Complexity,nof_negCharge
19342,0.7380952380952381,0.8523809523809524,molWeight,nof_Atoms,nof_HBD,Complexity,C_R1
19350,0.7285714285714285,0.8571428571428571,molWeight,nof_Atoms,nof_HBD,Complexity,nof_SO3H
19371,0.7,0.8238095238095238,molWeight,nof_Atoms,nof_HBD,nof_posCharge,nof_OH
19496,0.6761904761904762,0.8190476190476189,molWeight,nof_Atoms,nof_HBD,nof_SO3H,nof_COOH
19532,0.7,0.8238095238095238,molWeight,nof_Atoms,molCharge_total,Complexity,C_R1
19551,0.7285714285714286,0.8238095238095238,molWeight,nof_Atoms,molCharge_total,nof_posCharge,C_sp3
19655,0.6761904761904762,0.8285714285714285,molWeight,nof_Atoms,molCharge_total,negCharge/Volume,nof_Fragments
19702,0.7714285714285715,0.8285714285714286,molWeight,nof_Atoms,nof_Rings,Complexity,C_R2
19714,0.8190476190476189,0.8190476190476189,molWeight,nof_Atoms,nof_Rings,Complexity,nof_COOH
19773,0.7333333333333333,0.8238095238095238,molWeight,nof_Atoms,nof_Rings,C_R2,nof_SO3H
19822,0.7666666666666667,0.8142857142857143,molWeight,nof_Atoms,nof_Rings,posCharge/Volume,nof_COOH
19832,0.7952380952380953,0.8285714285714286,molWeight,nof_Atoms,nof_Rings,negCharge/Volume,nof_OH
19843,0.7619047619047619,0.8476190476190476,molWeight,nof_Atoms,nof_Rings,nof_Fragments,nof_SO3H
19862,0.8238095238095238,0.8523809523809524,molWeight,nof_Atoms,nof_Rings,nof_SH,nof_OH
19939,0.7666666666666667,0.8476190476190476,molWeight,nof_Atoms,Complexity,C_R1,nof_SO3H
19963,0.6476190476190475,0.8571428571428571,molWeight,nof_Atoms,Complexity,C_sp3,nof_SH
19972,0.7285714285714285,0.8761904761904763,molWeight,nof_Atoms,Complexity,posCharge/Volume,nof_SO3H
20003,0.7333333333333333,0.8238095238095238,molWeight,nof_Atoms,Complexity,nof_PO4,nof_SH
20074,0.7952380952380953,0.8238095238095238,molWeight,nof_Atoms,nof_posCharge,C_R1,nof_PO4
20097,0.6190476190476191,0.8523809523809524,molWeight,nof_Atoms,nof_posCharge,C_sp3,nof_PO4
20157,0.8142857142857143,0.8142857142857143,molWeight,nof_Atoms,nof_posCharge,nof_COOH,nof_acetyl
20324,0.7333333333333333,0.8285714285714285,molWeight,nof_Atoms,a_heavy,C_sp3,nof_SH
20341,0.7285714285714285,0.8190476190476189,molWeight,nof_Atoms,a_heavy,negCharge/Volume,nof_PO4
20386,0.6428571428571429,0.8190476190476189,molWeight,nof_Atoms,C_R2,C_R1,posCharge/Volume
20440,0.7,0.8238095238095239,molWeight,nof_Atoms,C_R2,nof_RotB,nof_PO4
20614,0.7047619047619047,0.8238095238095238,molWeight,nof_Atoms,C_R0,nof_NH2,nof_OH
20701,0.8190476190476189,0.8190476190476189,molWeight,nof_Atoms,posCharge/Volume,nof_PO4,nof_COOH
20704,0.8142857142857143,0.8285714285714285,molWeight,nof_Atoms,posCharge/Volume,nof_SO3H,nof_SH
20711,0.7333333333333333,0.8238095238095238,molWeight,nof_Atoms,posCharge/Volume,nof_SH,nof_OH
20712,0.7380952380952379,0.8190476190476189,molWeight,nof_Atoms,posCharge/Volume,nof_SH,nof_acetyl
20715,0.7571428571428571,0.8190476190476191,molWeight,nof_Atoms,posCharge/Volume,nof_NH2,nof_acetyl
20728,0.7380952380952381,0.8190476190476191,molWeight,nof_Atoms,negCharge/Volume,nof_Fragments,nof_SO3H
20752,0.7380952380952379,0.8238095238095239,molWeight,nof_Atoms,negCharge/Volume,nof_COOH,nof_OH
20762,0.7428571428571428,0.8190476190476191,molWeight,nof_Atoms,nof_RotB,nof_PO4,nof_SO3H
20772,0.7333333333333333,0.8190476190476191,molWeight,nof_Atoms,nof_RotB,nof_SO3H,nof_acetyl
20797,0.6476190476190476,0.8238095238095238,molWeight,nof_Atoms,nof_Fragments,nof_SH,nof_acetyl
20825,0.7857142857142857,0.8238095238095238,molWeight,nof_Atoms,nof_SO3H,nof_NH2,nof_acetyl
20841,0.7142857142857143,0.8238095238095238,molWeight,nof_Chirals,nof_HBA,nof_HBD,Complexity
20875,0.7904761904761904,0.8238095238095238,molWeight,nof_Chirals,nof_HBA,molCharge_total,nof_SH
20880,0.8285714285714285,0.8476190476190476,molWeight,nof_Chirals,nof_HBA,nof_Rings,Complexity
20901,0.7904761904761904,0.8571428571428571,molWeight,nof_Chirals,nof_HBA,Complexity,a_heavy
20902,0.8238095238095238,0.8285714285714285,molWeight,nof_Chirals,nof_HBA,Complexity,C_R2
20905,0.7714285714285715,0.8428571428571429,molWeight,nof_Chirals,nof_HBA,Complexity,C_sp3
20906,0.7666666666666667,0.8523809523809524,molWeight,nof_Chirals,nof_HBA,Complexity,posCharge/Volume
20910,0.7333333333333333,0.8285714285714285,molWeight,nof_Chirals,nof_HBA,Complexity,nof_PO4
20911,0.8,0.8238095238095239,molWeight,nof_Chirals,nof_HBA,Complexity,nof_SO3H
20921,0.8476190476190476,0.8809523809523808,molWeight,nof_Chirals,nof_HBA,nof_posCharge,C_R0
21004,0.6476190476190475,0.8238095238095238,molWeight,nof_Chirals,nof_HBA,C_sp3,posCharge/Volume
21020,0.8571428571428573,0.8523809523809524,molWeight,nof_Chirals,nof_HBA,posCharge/Volume,nof_SH
21042,0.6714285714285714,0.8238095238095238,molWeight,nof_Chirals,nof_HBA,nof_Fragments,nof_PO4
21047,0.7666666666666667,0.8571428571428571,molWeight,nof_Chirals,nof_HBA,nof_Fragments,nof_OH
21108,0.7428571428571429,0.8285714285714285,molWeight,nof_Chirals,nof_HBD,nof_Rings,nof_acetyl
21114,0.7095238095238094,0.8190476190476189,molWeight,nof_Chirals,nof_HBD,Complexity,C_R0
21117,0.7666666666666667,0.8285714285714285,molWeight,nof_Chirals,nof_HBD,Complexity,negCharge/Volume
21120,0.8285714285714285,0.8238095238095238,molWeight,nof_Chirals,nof_HBD,Complexity,nof_PO4
21279,0.7380952380952381,0.8571428571428571,molWeight,nof_Chirals,nof_HBD,nof_OH,nof_acetyl
21280,0.7952380952380953,0.8523809523809524,molWeight,nof_Chirals,molCharge_total,nof_Rings,Complexity
21302,0.8,0.8857142857142858,molWeight,nof_Chirals,molCharge_total,Complexity,C_R2
21303,0.8238095238095238,0.8190476190476189,molWeight,nof_Chirals,molCharge_total,Complexity,C_R1
21304,0.7238095238095238,0.8238095238095238,molWeight,nof_Chirals,molCharge_total,Complexity,C_R0
21315,0.8238095238095238,0.8523809523809524,molWeight,nof_Chirals,molCharge_total,Complexity,nof_OH
21470,0.8523809523809524,0.8238095238095239,molWeight,nof_Chirals,nof_Rings,Complexity,nof_posCharge
21471,0.8571428571428571,0.8142857142857143,molWeight,nof_Chirals,nof_Rings,Complexity,nof_negCharge
21473,0.7952380952380953,0.8238095238095238,molWeight,nof_Chirals,nof_Rings,Complexity,C_R2
21476,0.7714285714285714,0.8190476190476191,molWeight,nof_Chirals,nof_Rings,Complexity,C_sp3
21479,0.8,0.8285714285714285,molWeight,nof_Chirals,nof_Rings,Complexity,nof_RotB
21486,0.8142857142857143,0.8285714285714285,molWeight,nof_Chirals,nof_Rings,Complexity,nof_OH
21487,0.7238095238095238,0.8238095238095239,molWeight,nof_Chirals,nof_Rings,Complexity,nof_acetyl
21646,0.7571428571428571,0.8238095238095238,molWeight,nof_Chirals,Complexity,nof_posCharge,C_sp3
21655,0.8761904761904763,0.8523809523809524,molWeight,nof_Chirals,Complexity,nof_posCharge,nof_COOH
21657,0.8285714285714285,0.8285714285714286,molWeight,nof_Chirals,Complexity,nof_posCharge,nof_acetyl
21669,0.7428571428571429,0.8190476190476189,molWeight,nof_Chirals,Complexity,nof_negCharge,nof_SH
21682,0.8238095238095239,0.8285714285714285,molWeight,nof_Chirals,Complexity,a_heavy,nof_PO4
21702,0.880952380952381,0.8238095238095238,molWeight,nof_Chirals,Complexity,C_R2,nof_acetyl
21703,0.6857142857142857,0.8095238095238095,molWeight,nof_Chirals,Complexity,C_R1,C_R0
21712,0.7904761904761904,0.880952380952381,molWeight,nof_Chirals,Complexity,C_R1,nof_NH2
21735,0.8428571428571429,0.8523809523809524,molWeight,nof_Chirals,Complexity,C_sp3,nof_NH2
21744,0.7857142857142858,0.8238095238095238,molWeight,nof_Chirals,Complexity,posCharge/Volume,nof_SH
21747,0.7904761904761904,0.8190476190476191,molWeight,nof_Chirals,Complexity,posCharge/Volume,nof_OH
21751,0.7904761904761904,0.8238095238095238,molWeight,nof_Chirals,Complexity,negCharge/Volume,nof_PO4
21754,0.7714285714285714,0.8238095238095238,molWeight,nof_Chirals,Complexity,negCharge/Volume,nof_NH2
21755,0.8523809523809524,0.8523809523809524,molWeight,nof_Chirals,Complexity,negCharge/Volume,nof_COOH
21760,0.7380952380952381,0.8571428571428571,molWeight,nof_Chirals,Complexity,nof_RotB,nof_SO3H
21780,0.8285714285714285,0.8523809523809524,molWeight,nof_Chirals,Complexity,nof_SO3H,nof_NH2
21785,0.880952380952381,0.8238095238095239,molWeight,nof_Chirals,Complexity,nof_SH,nof_COOH
21789,0.8285714285714285,0.8571428571428571,molWeight,nof_Chirals,Complexity,nof_NH2,nof_OH
22166,0.6857142857142857,0.8238095238095239,molWeight,nof_Chirals,C_R2,C_R1,nof_OH
22233,0.6952380952380952,0.8285714285714285,molWeight,nof_Chirals,C_R2,nof_SO3H,nof_COOH
22467,0.6761904761904762,0.8238095238095239,molWeight,nof_Chirals,posCharge/Volume,nof_Fragments,nof_OH
22594,0.8238095238095238,0.8190476190476189,molWeight,nof_Chirals,nof_SO3H,nof_NH2,nof_COOH
22611,0.8238095238095239,0.9095238095238096,molWeight,nof_HBA,nof_HBD,molCharge_total,Complexity
22630,0.7904761904761904,0.8476190476190476,molWeight,nof_HBA,nof_HBD,nof_Rings,Complexity
22649,0.7904761904761904,0.8857142857142858,molWeight,nof_HBA,nof_HBD,Complexity,nof_posCharge
22650,0.8,0.8285714285714286,molWeight,nof_HBA,nof_HBD,Complexity,nof_negCharge
22653,0.8238095238095238,0.8190476190476189,molWeight,nof_HBA,nof_HBD,Complexity,C_R1
22655,0.7571428571428571,0.8476190476190476,molWeight,nof_HBA,nof_HBD,Complexity,C_sp3
22660,0.7,0.8190476190476191,molWeight,nof_HBA,nof_HBD,Complexity,nof_PO4
22661,0.7380952380952379,0.8285714285714285,molWeight,nof_HBA,nof_HBD,Complexity,nof_SO3H
22662,0.7904761904761906,0.8285714285714285,molWeight,nof_HBA,nof_HBD,Complexity,nof_SH
22665,0.7904761904761904,0.8238095238095238,molWeight,nof_HBA,nof_HBD,Complexity,nof_OH
22671,0.7619047619047618,0.8190476190476191,molWeight,nof_HBA,nof_HBD,nof_posCharge,C_R0
22832,0.7333333333333333,0.8238095238095239,molWeight,nof_HBA,molCharge_total,nof_Rings,nof_PO4
22847,0.8238095238095238,0.8857142857142858,molWeight,nof_HBA,molCharge_total,Complexity,negCharge/Volume
22849,0.7047619047619047,0.8285714285714286,molWeight,nof_HBA,molCharge_total,Complexity,nof_Fragments
22850,0.7714285714285715,0.8285714285714285,molWeight,nof_HBA,molCharge_total,Complexity,nof_PO4
22852,0.9095238095238096,0.8571428571428571,molWeight,nof_HBA,molCharge_total,Complexity,nof_SH
22853,0.880952380952381,0.8571428571428571,molWeight,nof_HBA,molCharge_total,Complexity,nof_NH2
22854,0.7904761904761904,0.8571428571428573,molWeight,nof_HBA,molCharge_total,Complexity,nof_COOH
22862,0.7047619047619047,0.8238095238095239,molWeight,nof_HBA,molCharge_total,nof_posCharge,C_sp3
22884,0.8571428571428571,0.8190476190476191,molWeight,nof_HBA,molCharge_total,nof_negCharge,nof_SO3H
22922,0.7952380952380953,0.8190476190476191,molWeight,nof_HBA,molCharge_total,C_R1,negCharge/Volume
22928,0.7,0.8428571428571429,molWeight,nof_HBA,molCharge_total,C_R1,nof_NH2
22989,0.8285714285714285,0.8285714285714285,molWeight,nof_HBA,molCharge_total,nof_PO4,nof_SO3H
22993,0.9095238095238096,0.8238095238095238,molWeight,nof_HBA,molCharge_total,nof_PO4,nof_OH
23010,0.8285714285714285,0.8190476190476189,molWeight,nof_HBA,nof_Rings,Complexity,nof_posCharge
23011,0.7619047619047619,0.8190476190476191,molWeight,nof_HBA,nof_Rings,Complexity,nof_negCharge
23014,0.7095238095238096,0.8571428571428571,molWeight,nof_HBA,nof_Rings,Complexity,C_R1
23015,0.7380952380952381,0.8523809523809524,molWeight,nof_HBA,nof_Rings,Complexity,C_R0
23016,0.7047619047619047,0.8285714285714285,molWeight,nof_HBA,nof_Rings,Complexity,C_sp3
23017,0.6809523809523811,0.8476190476190476,molWeight,nof_HBA,nof_Rings,Complexity,posCharge/Volume
23018,0.8285714285714285,0.8857142857142858,molWeight,nof_HBA,nof_Rings,Complexity,negCharge/Volume
23020,0.7714285714285714,0.8476190476190476,molWeight,nof_HBA,nof_Rings,Complexity,nof_Fragments
23021,0.6714285714285715,0.8238095238095239,molWeight,nof_HBA,nof_Rings,Complexity,nof_PO4
23023,0.7095238095238096,0.8571428571428571,molWeight,nof_HBA,nof_Rings,Complexity,nof_SH
23025,0.8476190476190476,0.8238095238095238,molWeight,nof_HBA,nof_Rings,Complexity,nof_COOH
23026,0.7904761904761904,0.8571428571428571,molWeight,nof_HBA,nof_Rings,Complexity,nof_OH
23092,0.7142857142857142,0.8190476190476189,molWeight,nof_HBA,nof_Rings,C_R1,posCharge/Volume
23122,0.6714285714285715,0.8238095238095238,molWeight,nof_HBA,nof_Rings,C_sp3,nof_NH2
23165,0.6809523809523811,0.8238095238095239,molWeight,nof_HBA,nof_Rings,nof_PO4,nof_acetyl
23181,0.7952380952380953,0.8285714285714285,molWeight,nof_HBA,Complexity,nof_posCharge,nof_negCharge
23184,0.7904761904761906,0.8571428571428573,molWeight,nof_HBA,Complexity,nof_posCharge,C_R1
23186,0.7666666666666667,0.8285714285714285,molWeight,nof_HBA,Complexity,nof_posCharge,C_sp3
23187,0.8,0.8857142857142858,molWeight,nof_HBA,Complexity,nof_posCharge,posCharge/Volume
23188,0.7904761904761906,0.8476190476190476,molWeight,nof_HBA,Complexity,nof_posCharge,negCharge/Volume
23192,0.8238095238095239,0.8857142857142858,molWeight,nof_HBA,Complexity,nof_posCharge,nof_SO3H
23195,0.8190476190476191,0.8571428571428571,molWeight,nof_HBA,Complexity,nof_posCharge,nof_COOH
23196,0.7238095238095238,0.8190476190476191,molWeight,nof_HBA,Complexity,nof_posCharge,nof_OH
23208,0.7,0.8285714285714285,molWeight,nof_HBA,Complexity,nof_negCharge,nof_SO3H
23218,0.8238095238095239,0.8857142857142858,molWeight,nof_HBA,Complexity,a_heavy,posCharge/Volume
23219,0.7619047619047618,0.8238095238095238,molWeight,nof_HBA,Complexity,a_heavy,negCharge/Volume
23225,0.8238095238095239,0.8476190476190476,molWeight,nof_HBA,Complexity,a_heavy,nof_NH2
23229,0.7571428571428571,0.8285714285714285,molWeight,nof_HBA,Complexity,C_R2,C_R1
23231,0.7952380952380953,0.880952380952381,molWeight,nof_HBA,Complexity,C_R2,C_sp3
23239,0.7904761904761904,0.8190476190476191,molWeight,nof_HBA,Complexity,C_R2,nof_NH2
23240,0.7714285714285715,0.8476190476190476,molWeight,nof_HBA,Complexity,C_R2,nof_COOH
23241,0.8238095238095238,0.8857142857142858,molWeight,nof_HBA,Complexity,C_R2,nof_OH
23245,0.7904761904761904,0.8285714285714285,molWeight,nof_HBA,Complexity,C_R1,posCharge/Volume
23246,0.8238095238095238,0.8571428571428571,molWeight,nof_HBA,Complexity,C_R1,negCharge/Volume
23255,0.7952380952380953,0.8285714285714285,molWeight,nof_HBA,Complexity,C_R1,nof_acetyl
23258,0.7619047619047619,0.8238095238095239,molWeight,nof_HBA,Complexity,C_R0,negCharge/Volume
23264,0.6714285714285715,0.8285714285714285,molWeight,nof_HBA,Complexity,C_R0,nof_NH2
23265,0.7904761904761904,0.8857142857142858,molWeight,nof_HBA,Complexity,C_R0,nof_COOH
23269,0.7666666666666667,0.8285714285714286,molWeight,nof_HBA,Complexity,C_sp3,negCharge/Volume
23273,0.8285714285714285,0.8285714285714286,molWeight,nof_HBA,Complexity,C_sp3,nof_SO3H
23275,0.6666666666666667,0.8523809523809524,molWeight,nof_HBA,Complexity,C_sp3,nof_NH2
23276,0.8238095238095238,0.8285714285714285,molWeight,nof_HBA,Complexity,C_sp3,nof_COOH
23277,0.7952380952380953,0.8238095238095238,molWeight,nof_HBA,Complexity,C_sp3,nof_OH
23278,0.7380952380952381,0.8285714285714285,molWeight,nof_HBA,Complexity,C_sp3,nof_acetyl
23284,0.7666666666666667,0.8428571428571429,molWeight,nof_HBA,Complexity,posCharge/Volume,nof_SH
23286,0.8476190476190476,0.8476190476190476,molWeight,nof_HBA,Complexity,posCharge/Volume,nof_COOH
23287,0.7619047619047619,0.8285714285714285,molWeight,nof_HBA,Complexity,posCharge/Volume,nof_OH
23290,0.7,0.8523809523809524,molWeight,nof_HBA,Complexity,negCharge/Volume,nof_Fragments
23291,0.8190476190476189,0.8238095238095238,molWeight,nof_HBA,Complexity,negCharge/Volume,nof_PO4
23293,0.7999999999999999,0.8285714285714285,molWeight,nof_HBA,Complexity,negCharge/Volume,nof_SH
23294,0.7095238095238096,0.8190476190476189,molWeight,nof_HBA,Complexity,negCharge/Volume,nof_NH2
23297,0.7380952380952379,0.8285714285714285,molWeight,nof_HBA,Complexity,negCharge/Volume,nof_acetyl
23302,0.7238095238095238,0.8190476190476191,molWeight,nof_HBA,Complexity,nof_RotB,nof_NH2
23306,0.7904761904761906,0.8285714285714285,molWeight,nof_HBA,Complexity,nof_Fragments,nof_PO4
23310,0.7952380952380953,0.8190476190476189,molWeight,nof_HBA,Complexity,nof_Fragments,nof_COOH
23315,0.8190476190476189,0.8238095238095238,molWeight,nof_HBA,Complexity,nof_PO4,nof_NH2
23317,0.8523809523809524,0.8857142857142858,molWeight,nof_HBA,Complexity,nof_PO4,nof_OH
23319,0.8285714285714285,0.8238095238095238,molWeight,nof_HBA,Complexity,nof_SO3H,nof_SH
23322,0.7952380952380953,0.8238095238095239,molWeight,nof_HBA,Complexity,nof_SO3H,nof_OH
23323,0.8190476190476191,0.8523809523809524,molWeight,nof_HBA,Complexity,nof_SO3H,nof_acetyl
23327,0.7619047619047619,0.8238095238095239,molWeight,nof_HBA,Complexity,nof_SH,nof_acetyl
23332,0.7285714285714285,0.8857142857142858,molWeight,nof_HBA,Complexity,nof_COOH,nof_acetyl
23365,0.7380952380952381,0.8285714285714286,molWeight,nof_HBA,nof_posCharge,C_R2,C_R1
23436,0.6571428571428571,0.8238095238095239,molWeight,nof_HBA,nof_posCharge,nof_RotB,nof_SO3H
23527,0.6761904761904762,0.8238095238095238,molWeight,nof_HBA,nof_negCharge,C_sp3,nof_Fragments
23536,0.8285714285714285,0.8285714285714285,molWeight,nof_HBA,nof_negCharge,posCharge/Volume,nof_RotB
23587,0.8761904761904763,0.8238095238095238,molWeight,nof_HBA,nof_negCharge,nof_COOH,nof_OH
23594,0.7619047619047619,0.8238095238095239,molWeight,nof_HBA,a_heavy,C_R2,negCharge/Volume
23634,0.7428571428571429,0.8238095238095238,molWeight,nof_HBA,a_heavy,C_sp3,nof_SO3H
23653,0.7666666666666667,0.8285714285714285,molWeight,nof_HBA,a_heavy,negCharge/Volume,nof_SO3H
23730,0.6809523809523811,0.8190476190476191,molWeight,nof_HBA,C_R2,C_sp3,nof_acetyl
23751,0.8238095238095238,0.8190476190476191,molWeight,nof_HBA,C_R2,nof_RotB,nof_PO4
23775,0.7047619047619047,0.8190476190476191,molWeight,nof_HBA,C_R2,nof_SO3H,nof_acetyl
23801,0.7238095238095238,0.8238095238095239,molWeight,nof_HBA,C_R1,C_sp3,nof_Fragments
23857,0.6761904761904761,0.8238095238095238,molWeight,nof_HBA,C_R1,nof_SH,nof_acetyl
23960,0.6666666666666667,0.8285714285714285,molWeight,nof_HBA,C_sp3,nof_Fragments,nof_NH2
23971,0.7047619047619047,0.8285714285714285,molWeight,nof_HBA,C_sp3,nof_SO3H,nof_NH2
24036,0.7952380952380953,0.8285714285714285,molWeight,nof_HBA,negCharge/Volume,nof_RotB,nof_OH
24099,0.7047619047619047,0.8190476190476191,molWeight,nof_HBA,nof_Fragments,nof_PO4,nof_acetyl
24112,0.880952380952381,0.8238095238095238,molWeight,nof_HBA,nof_Fragments,nof_COOH,nof_OH
24125,0.7714285714285715,0.8285714285714285,molWeight,nof_HBA,nof_PO4,nof_NH2,nof_OH
24134,0.8190476190476191,0.8190476190476189,molWeight,nof_HBA,nof_SO3H,nof_NH2,nof_COOH
24148,0.7380952380952379,0.8238095238095238,molWeight,nof_HBA,nof_NH2,nof_OH,nof_acetyl
24150,0.7952380952380953,0.8476190476190476,molWeight,nof_HBD,molCharge_total,nof_Rings,Complexity
24164,0.6714285714285715,0.8285714285714285,molWeight,nof_HBD,molCharge_total,nof_Rings,nof_SH
24170,0.6809523809523811,0.9047619047619048,molWeight,nof_HBD,molCharge_total,Complexity,nof_negCharge
24176,0.8190476190476191,0.8238095238095239,molWeight,nof_HBD,molCharge_total,Complexity,posCharge/Volume
24184,0.6428571428571428,0.8238095238095238,molWeight,nof_HBD,molCharge_total,Complexity,nof_COOH
24186,0.7047619047619047,0.8285714285714285,molWeight,nof_HBD,molCharge_total,Complexity,nof_acetyl
24332,0.8238095238095238,0.8571428571428571,molWeight,nof_HBD,molCharge_total,nof_SH,nof_OH
24344,0.7047619047619047,0.8523809523809524,molWeight,nof_HBD,nof_Rings,Complexity,C_R1
24345,0.7333333333333333,0.8523809523809524,molWeight,nof_HBD,nof_Rings,Complexity,C_R0
24353,0.7619047619047621,0.8238095238095239,molWeight,nof_HBD,nof_Rings,Complexity,nof_SH
24354,0.7619047619047619,0.8285714285714285,molWeight,nof_HBD,nof_Rings,Complexity,nof_NH2
24509,0.7904761904761904,0.8142857142857143,molWeight,nof_HBD,nof_Rings,nof_COOH,nof_acetyl
24518,0.7666666666666667,0.8285714285714285,molWeight,nof_HBD,Complexity,nof_posCharge,negCharge/Volume
24525,0.8571428571428571,0.8190476190476191,molWeight,nof_HBD,Complexity,nof_posCharge,nof_COOH
24538,0.8523809523809524,0.8285714285714285,molWeight,nof_HBD,Complexity,nof_negCharge,nof_SO3H
24549,0.7619047619047619,0.8238095238095238,molWeight,nof_HBD,Complexity,a_heavy,negCharge/Volume
24551,0.7380952380952381,0.8238095238095239,molWeight,nof_HBD,Complexity,a_heavy,nof_Fragments
24553,0.7666666666666667,0.8190476190476189,molWeight,nof_HBD,Complexity,a_heavy,nof_SO3H
24556,0.7857142857142857,0.8142857142857143,molWeight,nof_HBD,Complexity,a_heavy,nof_COOH
24557,0.7952380952380953,0.8238095238095238,molWeight,nof_HBD,Complexity,a_heavy,nof_OH
24565,0.7619047619047619,0.8190476190476191,molWeight,nof_HBD,Complexity,C_R2,nof_Fragments
24566,0.7952380952380953,0.8285714285714285,molWeight,nof_HBD,Complexity,C_R2,nof_PO4
24574,0.7952380952380952,0.8142857142857143,molWeight,nof_HBD,Complexity,C_R1,C_sp3
24580,0.7428571428571429,0.8285714285714286,molWeight,nof_HBD,Complexity,C_R1,nof_SO3H
24581,0.7333333333333333,0.8190476190476189,molWeight,nof_HBD,Complexity,C_R1,nof_SH
24583,0.7952380952380953,0.8238095238095238,molWeight,nof_HBD,Complexity,C_R1,nof_COOH
24584,0.7047619047619047,0.8238095238095238,molWeight,nof_HBD,Complexity,C_R1,nof_OH
24593,0.7666666666666667,0.8238095238095239,molWeight,nof_HBD,Complexity,C_R0,nof_SH
24599,0.7666666666666667,0.8238095238095238,molWeight,nof_HBD,Complexity,C_sp3,negCharge/Volume
24608,0.7333333333333333,0.8238095238095239,molWeight,nof_HBD,Complexity,C_sp3,nof_acetyl
24618,0.7380952380952381,0.8571428571428571,molWeight,nof_HBD,Complexity,posCharge/Volume,nof_acetyl
24621,0.7523809523809524,0.8809523809523808,molWeight,nof_HBD,Complexity,negCharge/Volume,nof_PO4
24624,0.6761904761904762,0.8571428571428571,molWeight,nof_HBD,Complexity,negCharge/Volume,nof_NH2
24627,0.7666666666666667,0.8238095238095238,molWeight,nof_HBD,Complexity,negCharge/Volume,nof_acetyl
24638,0.7380952380952381,0.8190476190476189,molWeight,nof_HBD,Complexity,nof_Fragments,nof_SH
24643,0.8809523809523808,0.8238095238095238,molWeight,nof_HBD,Complexity,nof_PO4,nof_SO3H
24647,0.8,0.8476190476190476,molWeight,nof_HBD,Complexity,nof_PO4,nof_OH
24651,0.8,0.8571428571428573,molWeight,nof_HBD,Complexity,nof_SO3H,nof_COOH
24652,0.7380952380952381,0.8523809523809524,molWeight,nof_HBD,Complexity,nof_SO3H,nof_OH
24661,0.6666666666666667,0.8238095238095238,molWeight,nof_HBD,Complexity,nof_COOH,nof_OH
24662,0.7904761904761904,0.8523809523809524,molWeight,nof_HBD,Complexity,nof_COOH,nof_acetyl
24663,0.7857142857142858,0.8190476190476189,molWeight,nof_HBD,Complexity,nof_OH,nof_acetyl
24674,0.8523809523809524,0.8238095238095238,molWeight,nof_HBD,nof_posCharge,nof_negCharge,nof_SO3H
24963,0.6761904761904762,0.8238095238095239,molWeight,nof_HBD,a_heavy,C_sp3,nof_PO4
25104,0.8,0.8238095238095238,molWeight,nof_HBD,C_R2,nof_SO3H,nof_OH
25267,0.7047619047619047,0.8285714285714285,molWeight,nof_HBD,C_sp3,posCharge/Volume,nof_COOH
25322,0.5952380952380952,0.8238095238095238,molWeight,nof_HBD,posCharge/Volume,negCharge/Volume,nof_OH
25357,0.8238095238095238,0.8142857142857143,molWeight,nof_HBD,posCharge/Volume,nof_COOH,nof_OH
25381,0.7380952380952379,0.8285714285714285,molWeight,nof_HBD,negCharge/Volume,nof_SO3H,nof_SH
25452,0.8523809523809524,0.8285714285714285,molWeight,nof_HBD,nof_PO4,nof_SH,nof_OH
25480,0.7666666666666667,0.8238095238095238,molWeight,molCharge_total,nof_Rings,Complexity,nof_posCharge
25485,0.7,0.8238095238095238,molWeight,molCharge_total,nof_Rings,Complexity,C_R0
25566,0.7380952380952379,0.8238095238095238,molWeight,molCharge_total,nof_Rings,C_R1,nof_PO4
25655,0.7333333333333333,0.8523809523809524,molWeight,molCharge_total,Complexity,nof_posCharge,C_R0
25670,0.7619047619047619,0.8523809523809524,molWeight,molCharge_total,Complexity,nof_negCharge,C_R1
25679,0.8238095238095239,0.8238095238095238,molWeight,molCharge_total,Complexity,nof_negCharge,nof_SH
25681,0.8,0.8285714285714286,molWeight,molCharge_total,Complexity,nof_negCharge,nof_COOH
25683,0.8285714285714285,0.8285714285714285,molWeight,molCharge_total,Complexity,nof_negCharge,nof_acetyl
25701,0.7428571428571429,0.8285714285714285,molWeight,molCharge_total,Complexity,C_R2,C_sp3
25721,0.8428571428571429,0.8476190476190476,molWeight,molCharge_total,Complexity,C_R1,nof_SH
25739,0.7523809523809525,0.8571428571428573,molWeight,molCharge_total,Complexity,C_sp3,negCharge/Volume
25757,0.7904761904761904,0.8285714285714285,molWeight,molCharge_total,Complexity,posCharge/Volume,nof_OH
25759,0.7,0.8238095238095238,molWeight,molCharge_total,Complexity,negCharge/Volume,nof_RotB
25765,0.8476190476190476,0.8285714285714286,molWeight,molCharge_total,Complexity,negCharge/Volume,nof_COOH
25766,0.8761904761904763,0.880952380952381,molWeight,molCharge_total,Complexity,negCharge/Volume,nof_OH
25770,0.8,0.8238095238095238,molWeight,molCharge_total,Complexity,nof_RotB,nof_SO3H
25771,0.7333333333333333,0.880952380952381,molWeight,molCharge_total,Complexity,nof_RotB,nof_SH
25779,0.7285714285714285,0.8238095238095238,molWeight,molCharge_total,Complexity,nof_Fragments,nof_NH2
25785,0.7619047619047619,0.8523809523809524,molWeight,molCharge_total,Complexity,nof_PO4,nof_NH2
25795,0.8523809523809524,0.8571428571428571,molWeight,molCharge_total,Complexity,nof_SH,nof_COOH
25798,0.7428571428571429,0.8523809523809524,molWeight,molCharge_total,Complexity,nof_NH2,nof_COOH
25800,0.7619047619047621,0.9142857142857144,molWeight,molCharge_total,Complexity,nof_NH2,nof_acetyl
25971,0.7,0.8190476190476189,molWeight,molCharge_total,nof_negCharge,C_R1,posCharge/Volume
26191,0.8285714285714285,0.8571428571428573,molWeight,molCharge_total,C_R2,C_sp3,negCharge/Volume
26457,0.5904761904761904,0.8238095238095238,molWeight,molCharge_total,posCharge/Volume,negCharge/Volume,nof_PO4
26523,0.7380952380952379,0.8190476190476191,molWeight,molCharge_total,negCharge/Volume,nof_SO3H,nof_COOH
26623,0.7571428571428571,0.8238095238095238,molWeight,nof_Rings,Complexity,nof_posCharge,C_R1
26633,0.7904761904761906,0.8238095238095238,molWeight,nof_Rings,Complexity,nof_posCharge,nof_NH2
26635,0.7666666666666667,0.8190476190476189,molWeight,nof_Rings,Complexity,nof_posCharge,nof_OH
26646,0.8523809523809524,0.8238095238095238,molWeight,nof_Rings,Complexity,nof_negCharge,nof_PO4
26650,0.8238095238095239,0.8476190476190476,molWeight,nof_Rings,Complexity,nof_negCharge,nof_COOH
26670,0.6761904761904762,0.8238095238095238,molWeight,nof_Rings,Complexity,C_R2,C_sp3
26681,0.8285714285714285,0.8238095238095238,molWeight,nof_Rings,Complexity,C_R2,nof_acetyl
26684,0.8523809523809524,0.8190476190476189,molWeight,nof_Rings,Complexity,C_R1,posCharge/Volume
26688,0.8571428571428571,0.8523809523809524,molWeight,nof_Rings,Complexity,C_R1,nof_PO4
26694,0.7714285714285715,0.8523809523809524,molWeight,nof_Rings,Complexity,C_R1,nof_acetyl
26712,0.7904761904761904,0.8238095238095238,molWeight,nof_Rings,Complexity,C_sp3,nof_SO3H
26714,0.7047619047619047,0.8285714285714285,molWeight,nof_Rings,Complexity,C_sp3,nof_NH2
26718,0.7619047619047619,0.8190476190476191,molWeight,nof_Rings,Complexity,posCharge/Volume,negCharge/Volume
26720,0.7619047619047619,0.8523809523809524,molWeight,nof_Rings,Complexity,posCharge/Volume,nof_Fragments
26721,0.7952380952380953,0.8571428571428571,molWeight,nof_Rings,Complexity,posCharge/Volume,nof_PO4
26722,0.7857142857142858,0.880952380952381,molWeight,nof_Rings,Complexity,posCharge/Volume,nof_SO3H
26724,0.7571428571428571,0.8571428571428571,molWeight,nof_Rings,Complexity,posCharge/Volume,nof_NH2
26725,0.8238095238095238,0.8190476190476189,molWeight,nof_Rings,Complexity,posCharge/Volume,nof_COOH
26734,0.8238095238095238,0.8238095238095238,molWeight,nof_Rings,Complexity,negCharge/Volume,nof_COOH
26735,0.8238095238095238,0.8571428571428571,molWeight,nof_Rings,Complexity,negCharge/Volume,nof_OH
26745,0.8476190476190476,0.8238095238095238,molWeight,nof_Rings,Complexity,nof_Fragments,nof_PO4
26748,0.880952380952381,0.8190476190476191,molWeight,nof_Rings,Complexity,nof_Fragments,nof_NH2
26757,0.8238095238095238,0.8523809523809524,molWeight,nof_Rings,Complexity,nof_PO4,nof_acetyl
26759,0.7666666666666667,0.8285714285714285,molWeight,nof_Rings,Complexity,nof_SO3H,nof_NH2
26765,0.8238095238095238,0.8238095238095238,molWeight,nof_Rings,Complexity,nof_SH,nof_OH
26883,0.7047619047619047,0.8190476190476191,molWeight,nof_Rings,nof_posCharge,nof_Fragments,nof_SH
26887,0.7380952380952381,0.8285714285714285,molWeight,nof_Rings,nof_posCharge,nof_Fragments,nof_acetyl
26908,0.6666666666666666,0.8238095238095238,molWeight,nof_Rings,nof_posCharge,nof_OH,nof_acetyl
26964,0.7714285714285715,0.8523809523809524,molWeight,nof_Rings,nof_negCharge,C_sp3,negCharge/Volume
27138,0.7380952380952379,0.8285714285714285,molWeight,nof_Rings,C_R2,C_R1,nof_RotB
27162,0.7047619047619047,0.8238095238095238,molWeight,nof_Rings,C_R2,C_sp3,nof_Fragments
27177,0.6857142857142857,0.8142857142857143,molWeight,nof_Rings,C_R2,posCharge/Volume,nof_COOH
27192,0.7952380952380953,0.8285714285714285,molWeight,nof_Rings,C_R2,nof_RotB,nof_SH
27203,0.7333333333333333,0.8285714285714285,molWeight,nof_Rings,C_R2,nof_Fragments,nof_acetyl
27240,0.6761904761904762,0.8523809523809524,molWeight,nof_Rings,C_R1,C_sp3,nof_Fragments
27257,0.7666666666666667,0.8190476190476191,molWeight,nof_Rings,C_R1,posCharge/Volume,nof_acetyl
27270,0.8238095238095239,0.8238095238095239,molWeight,nof_Rings,C_R1,nof_RotB,nof_SH
27283,0.6523809523809524,0.8190476190476189,molWeight,nof_Rings,C_R1,nof_PO4,nof_SH
27381,0.7380952380952381,0.8523809523809524,molWeight,nof_Rings,C_sp3,negCharge/Volume,nof_PO4
27427,0.7952380952380952,0.8285714285714286,molWeight,nof_Rings,posCharge/Volume,negCharge/Volume,nof_SO3H
27429,0.8,0.8285714285714285,molWeight,nof_Rings,posCharge/Volume,negCharge/Volume,nof_NH2
27461,0.7952380952380952,0.8238095238095239,molWeight,nof_Rings,posCharge/Volume,nof_SH,nof_OH
27472,0.8190476190476191,0.8238095238095238,molWeight,nof_Rings,negCharge/Volume,nof_RotB,nof_SH
27501,0.6857142857142857,0.8190476190476191,molWeight,nof_Rings,negCharge/Volume,nof_NH2,nof_acetyl
27546,0.7619047619047621,0.8285714285714285,molWeight,nof_Rings,nof_Fragments,nof_SH,nof_OH
27590,0.8857142857142858,0.8523809523809524,molWeight,Complexity,nof_posCharge,nof_negCharge,C_R2
27600,0.9428571428571428,0.8238095238095239,molWeight,Complexity,nof_posCharge,nof_negCharge,nof_SH
27603,0.8238095238095238,0.8238095238095238,molWeight,Complexity,nof_posCharge,nof_negCharge,nof_OH
27608,0.7333333333333333,0.8523809523809524,molWeight,Complexity,nof_posCharge,a_heavy,C_sp3
27615,0.7619047619047619,0.8238095238095238,molWeight,Complexity,nof_posCharge,a_heavy,nof_SH
27616,0.8523809523809524,0.8238095238095238,molWeight,Complexity,nof_posCharge,a_heavy,nof_NH2
27623,0.7666666666666667,0.8285714285714286,molWeight,Complexity,nof_posCharge,C_R2,posCharge/Volume
27628,0.7952380952380953,0.8238095238095238,molWeight,Complexity,nof_posCharge,C_R2,nof_SO3H
27629,0.7857142857142858,0.8571428571428571,molWeight,Complexity,nof_posCharge,C_R2,nof_SH
27630,0.7714285714285715,0.8190476190476189,molWeight,Complexity,nof_posCharge,C_R2,nof_NH2
27631,0.9428571428571428,0.8238095238095238,molWeight,Complexity,nof_posCharge,C_R2,nof_COOH
27641,0.7380952380952381,0.8238095238095239,molWeight,Complexity,nof_posCharge,C_R1,nof_SO3H
27643,0.7904761904761904,0.8523809523809524,molWeight,Complexity,nof_posCharge,C_R1,nof_NH2
27644,0.8857142857142858,0.8190476190476191,molWeight,Complexity,nof_posCharge,C_R1,nof_COOH
27645,0.7666666666666667,0.8523809523809524,molWeight,Complexity,nof_posCharge,C_R1,nof_OH
27646,0.8142857142857143,0.8285714285714285,molWeight,Complexity,nof_posCharge,C_R1,nof_acetyl
27659,0.7952380952380953,0.8238095238095239,molWeight,Complexity,nof_posCharge,C_sp3,posCharge/Volume
27669,0.7666666666666667,0.8238095238095239,molWeight,Complexity,nof_posCharge,C_sp3,nof_acetyl
27673,0.7904761904761904,0.8238095238095238,molWeight,Complexity,nof_posCharge,posCharge/Volume,nof_PO4
27677,0.7952380952380953,0.8523809523809524,molWeight,Complexity,nof_posCharge,posCharge/Volume,nof_COOH
27678,0.7952380952380953,0.8190476190476191,molWeight,Complexity,nof_posCharge,posCharge/Volume,nof_OH
27683,0.8238095238095238,0.8238095238095238,molWeight,Complexity,nof_posCharge,negCharge/Volume,nof_SO3H
27685,0.7666666666666667,0.8571428571428571,molWeight,Complexity,nof_posCharge,negCharge/Volume,nof_NH2
27686,0.8857142857142858,0.8571428571428571,molWeight,Complexity,nof_posCharge,negCharge/Volume,nof_COOH
27697,0.7809523809523811,0.8476190476190476,molWeight,Complexity,nof_posCharge,nof_Fragments,nof_PO4
27705,0.7904761904761906,0.8238095238095238,molWeight,Complexity,nof_posCharge,nof_PO4,nof_SH
27708,0.7047619047619047,0.8238095238095238,molWeight,Complexity,nof_posCharge,nof_PO4,nof_OH
27712,0.8238095238095238,0.8190476190476189,molWeight,Complexity,nof_posCharge,nof_SO3H,nof_COOH
27713,0.7904761904761904,0.8285714285714285,molWeight,Complexity,nof_posCharge,nof_SO3H,nof_OH
27716,0.8476190476190476,0.8285714285714285,molWeight,Complexity,nof_posCharge,nof_SH,nof_COOH
27739,0.7952380952380953,0.8238095238095238,molWeight,Complexity,nof_negCharge,a_heavy,nof_acetyl
27740,0.7857142857142858,0.8238095238095238,molWeight,Complexity,nof_negCharge,C_R2,C_R1
27742,0.7,0.8523809523809524,molWeight,Complexity,nof_negCharge,C_R2,C_sp3
27744,0.8857142857142858,0.8238095238095239,molWeight,Complexity,nof_negCharge,C_R2,negCharge/Volume
27750,0.8476190476190476,0.8238095238095239,molWeight,Complexity,nof_negCharge,C_R2,nof_NH2
27751,0.7857142857142858,0.8238095238095238,molWeight,Complexity,nof_negCharge,C_R2,nof_COOH
27757,0.7857142857142858,0.8523809523809524,molWeight,Complexity,nof_negCharge,C_R1,negCharge/Volume
27766,0.880952380952381,0.8285714285714285,molWeight,Complexity,nof_negCharge,C_R1,nof_acetyl
27778,0.7380952380952379,0.8285714285714286,molWeight,Complexity,nof_negCharge,C_R0,nof_acetyl
27784,0.6523809523809524,0.8523809523809524,molWeight,Complexity,nof_negCharge,C_sp3,nof_SO3H
27787,0.7619047619047621,0.8523809523809524,molWeight,Complexity,nof_negCharge,C_sp3,nof_COOH
27791,0.7904761904761906,0.8190476190476191,molWeight,Complexity,nof_negCharge,posCharge/Volume,nof_RotB
27795,0.7571428571428572,0.8523809523809524,molWeight,Complexity,nof_negCharge,posCharge/Volume,nof_SH
27807,0.8285714285714285,0.8095238095238095,molWeight,Complexity,nof_negCharge,negCharge/Volume,nof_OH
27808,0.880952380952381,0.8523809523809524,molWeight,Complexity,nof_negCharge,negCharge/Volume,nof_acetyl
27815,0.7619047619047619,0.8285714285714285,molWeight,Complexity,nof_negCharge,nof_RotB,nof_OH
27824,0.8476190476190476,0.8523809523809524,molWeight,Complexity,nof_negCharge,nof_PO4,nof_SO3H
27826,0.8190476190476189,0.8238095238095238,molWeight,Complexity,nof_negCharge,nof_PO4,nof_NH2
27827,0.8571428571428571,0.8285714285714285,molWeight,Complexity,nof_negCharge,nof_PO4,nof_COOH
27839,0.7666666666666667,0.8238095238095238,molWeight,Complexity,nof_negCharge,nof_NH2,nof_COOH
27846,0.6714285714285714,0.8190476190476189,molWeight,Complexity,a_heavy,C_R2,C_R0
27855,0.7619047619047619,0.8238095238095238,molWeight,Complexity,a_heavy,C_R2,nof_NH2
27866,0.8,0.8285714285714285,molWeight,Complexity,a_heavy,C_R1,nof_SO3H
27873,0.8,0.8238095238095238,molWeight,Complexity,a_heavy,C_R0,posCharge/Volume
27884,0.7952380952380953,0.8190476190476191,molWeight,Complexity,a_heavy,C_sp3,posCharge/Volume
27896,0.7666666666666667,0.8285714285714285,molWeight,Complexity,a_heavy,posCharge/Volume,nof_RotB
27901,0.8571428571428573,0.8285714285714285,molWeight,Complexity,a_heavy,posCharge/Volume,nof_NH2
27914,0.6761904761904762,0.8238095238095238,molWeight,Complexity,a_heavy,nof_RotB,nof_Fragments
27924,0.7952380952380953,0.8238095238095238,molWeight,Complexity,a_heavy,nof_Fragments,nof_SH
27925,0.7714285714285715,0.8238095238095238,molWeight,Complexity,a_heavy,nof_Fragments,nof_NH2
27931,0.7952380952380953,0.8238095238095239,molWeight,Complexity,a_heavy,nof_PO4,nof_NH2
27938,0.7714285714285715,0.8523809523809524,molWeight,Complexity,a_heavy,nof_SO3H,nof_OH
27945,0.7666666666666667,0.8857142857142858,molWeight,Complexity,a_heavy,nof_NH2,nof_OH
27946,0.8285714285714285,0.8190476190476191,molWeight,Complexity,a_heavy,nof_NH2,nof_acetyl
27952,0.7857142857142857,0.8190476190476189,molWeight,Complexity,C_R2,C_R1,posCharge/Volume
27953,0.6190476190476191,0.8142857142857143,molWeight,Complexity,C_R2,C_R1,negCharge/Volume
27956,0.7142857142857143,0.8190476190476191,molWeight,Complexity,C_R2,C_R1,nof_PO4
27961,0.7952380952380952,0.8238095238095239,molWeight,Complexity,C_R2,C_R1,nof_OH
27976,0.7619047619047619,0.8571428571428571,molWeight,Complexity,C_R2,C_sp3,negCharge/Volume
27977,0.7095238095238096,0.8190476190476189,molWeight,Complexity,C_R2,C_sp3,nof_RotB
27981,0.7619047619047618,0.8476190476190476,molWeight,Complexity,C_R2,C_sp3,nof_SH
27982,0.7714285714285715,0.8238095238095238,molWeight,Complexity,C_R2,C_sp3,nof_NH2
27991,0.7571428571428571,0.8809523809523808,molWeight,Complexity,C_R2,posCharge/Volume,nof_SH
27999,0.8,0.8238095238095238,molWeight,Complexity,C_R2,negCharge/Volume,nof_SO3H
28022,0.8476190476190476,0.8523809523809524,molWeight,Complexity,C_R2,nof_PO4,nof_NH2
28024,0.7952380952380953,0.8285714285714285,molWeight,Complexity,C_R2,nof_PO4,nof_OH
28033,0.8761904761904763,0.8238095238095238,molWeight,Complexity,C_R2,nof_SH,nof_OH
28038,0.8523809523809524,0.8190476190476191,molWeight,Complexity,C_R2,nof_COOH,nof_OH
28040,0.7666666666666667,0.8285714285714285,molWeight,Complexity,C_R2,nof_OH,nof_acetyl
28047,0.8571428571428573,0.8571428571428573,molWeight,Complexity,C_R1,C_R0,nof_SO3H
28059,0.7952380952380953,0.8190476190476191,molWeight,Complexity,C_R1,C_sp3,nof_SH
28060,0.7285714285714285,0.8285714285714285,molWeight,Complexity,C_R1,C_sp3,nof_NH2
28063,0.7380952380952379,0.8238095238095238,molWeight,Complexity,C_R1,C_sp3,nof_acetyl
28067,0.7714285714285715,0.8190476190476191,molWeight,Complexity,C_R1,posCharge/Volume,nof_PO4
28071,0.880952380952381,0.8238095238095239,molWeight,Complexity,C_R1,posCharge/Volume,nof_COOH
28075,0.6619047619047619,0.8190476190476191,molWeight,Complexity,C_R1,negCharge/Volume,nof_Fragments
28077,0.7904761904761904,0.8571428571428571,molWeight,Complexity,C_R1,negCharge/Volume,nof_SO3H
28078,0.7904761904761904,0.8190476190476189,molWeight,Complexity,C_R1,negCharge/Volume,nof_SH
28079,0.7619047619047619,0.8285714285714285,molWeight,Complexity,C_R1,negCharge/Volume,nof_NH2
28087,0.8238095238095238,0.8142857142857143,molWeight,Complexity,C_R1,nof_RotB,nof_NH2
28091,0.7666666666666667,0.8190476190476191,molWeight,Complexity,C_R1,nof_Fragments,nof_PO4
28097,0.7333333333333333,0.8238095238095238,molWeight,Complexity,C_R1,nof_Fragments,nof_acetyl
28099,0.8523809523809524,0.8190476190476189,molWeight,Complexity,C_R1,nof_PO4,nof_SH
28101,0.8238095238095239,0.8142857142857143,molWeight,Complexity,C_R1,nof_PO4,nof_COOH
28104,0.7619047619047619,0.880952380952381,molWeight,Complexity,C_R1,nof_SO3H,nof_SH
28113,0.8857142857142858,0.880952380952381,molWeight,Complexity,C_R1,nof_NH2,nof_COOH
28116,0.7619047619047619,0.8285714285714285,molWeight,Complexity,C_R1,nof_COOH,nof_OH
28130,0.7904761904761906,0.8571428571428573,molWeight,Complexity,C_R0,posCharge/Volume,negCharge/Volume
28139,0.7857142857142857,0.8571428571428571,molWeight,Complexity,C_R0,posCharge/Volume,nof_acetyl
28149,0.7095238095238096,0.8238095238095239,molWeight,Complexity,C_R0,nof_RotB,nof_Fragments
28161,0.7285714285714285,0.8285714285714286,molWeight,Complexity,C_R0,nof_Fragments,nof_COOH
28166,0.7523809523809525,0.8238095238095239,molWeight,Complexity,C_R0,nof_PO4,nof_NH2
28178,0.7666666666666667,0.8285714285714286,molWeight,Complexity,C_R0,nof_SH,nof_acetyl
28180,0.7619047619047618,0.8238095238095238,molWeight,Complexity,C_R0,nof_NH2,nof_OH
28189,0.7095238095238096,0.8190476190476189,molWeight,Complexity,C_sp3,posCharge/Volume,nof_SO3H
28190,0.8238095238095239,0.8428571428571429,molWeight,Complexity,C_sp3,posCharge/Volume,nof_SH
28191,0.7952380952380953,0.8285714285714285,molWeight,Complexity,C_sp3,posCharge/Volume,nof_NH2
28194,0.7571428571428571,0.8190476190476189,molWeight,Complexity,C_sp3,posCharge/Volume,nof_acetyl
28201,0.8238095238095238,0.8285714285714285,molWeight,Complexity,C_sp3,negCharge/Volume,nof_COOH
28221,0.7380952380952381,0.8190476190476189,molWeight,Complexity,C_sp3,nof_PO4,nof_NH2
28224,0.7047619047619047,0.8238095238095238,molWeight,Complexity,C_sp3,nof_PO4,nof_acetyl
28226,0.7952380952380953,0.8238095238095238,molWeight,Complexity,C_sp3,nof_SO3H,nof_NH2
28228,0.7380952380952381,0.8238095238095238,molWeight,Complexity,C_sp3,nof_SO3H,nof_OH
28237,0.8238095238095239,0.8238095238095238,molWeight,Complexity,C_sp3,nof_COOH,nof_OH
28245,0.8285714285714285,0.8285714285714285,molWeight,Complexity,posCharge/Volume,negCharge/Volume,nof_NH2
28246,0.8,0.8571428571428573,molWeight,Complexity,posCharge/Volume,negCharge/Volume,nof_COOH
28251,0.7714285714285714,0.8190476190476189,molWeight,Complexity,posCharge/Volume,nof_RotB,nof_SO3H
28257,0.7952380952380953,0.8571428571428571,molWeight,Complexity,posCharge/Volume,nof_Fragments,nof_PO4
28264,0.8190476190476189,0.8285714285714286,molWeight,Complexity,posCharge/Volume,nof_PO4,nof_SO3H
28270,0.7619047619047618,0.8238095238095238,molWeight,Complexity,posCharge/Volume,nof_SO3H,nof_SH
28277,0.7619047619047619,0.8190476190476191,molWeight,Complexity,posCharge/Volume,nof_SH,nof_OH
28280,0.8238095238095239,0.8571428571428571,molWeight,Complexity,posCharge/Volume,nof_NH2,nof_OH
28284,0.8857142857142858,0.8190476190476189,molWeight,Complexity,posCharge/Volume,nof_OH,nof_acetyl
28288,0.7333333333333333,0.8571428571428573,molWeight,Complexity,negCharge/Volume,nof_RotB,nof_SH
28301,0.7904761904761904,0.8238095238095238,molWeight,Complexity,negCharge/Volume,nof_PO4,nof_SH
28302,0.7904761904761904,0.8476190476190476,molWeight,Complexity,negCharge/Volume,nof_PO4,nof_NH2
28305,0.7952380952380953,0.8238095238095238,molWeight,Complexity,negCharge/Volume,nof_PO4,nof_acetyl
28306,0.7904761904761904,0.8238095238095238,molWeight,Complexity,negCharge/Volume,nof_SO3H,nof_SH
28312,0.8523809523809524,0.8285714285714285,molWeight,Complexity,negCharge/Volume,nof_SH,nof_COOH
28317,0.7666666666666667,0.8523809523809524,molWeight,Complexity,negCharge/Volume,nof_NH2,nof_acetyl
28318,0.8523809523809524,0.8238095238095238,molWeight,Complexity,negCharge/Volume,nof_COOH,nof_OH
28319,0.8190476190476191,0.8571428571428571,molWeight,Complexity,negCharge/Volume,nof_COOH,nof_acetyl
28321,0.5952380952380951,0.8238095238095238,molWeight,Complexity,nof_RotB,nof_Fragments,nof_PO4
28347,0.7333333333333333,0.8238095238095238,molWeight,Complexity,nof_RotB,nof_COOH,nof_acetyl
28352,0.7333333333333333,0.8285714285714286,molWeight,Complexity,nof_Fragments,nof_PO4,nof_COOH
28357,0.7952380952380953,0.8238095238095238,molWeight,Complexity,nof_Fragments,nof_SO3H,nof_COOH
28362,0.7571428571428572,0.8285714285714285,molWeight,Complexity,nof_Fragments,nof_SH,nof_OH
28365,0.7952380952380953,0.8190476190476191,molWeight,Complexity,nof_Fragments,nof_NH2,nof_OH
28371,0.7666666666666667,0.8190476190476189,molWeight,Complexity,nof_PO4,nof_SO3H,nof_NH2
28380,0.6809523809523811,0.8285714285714285,molWeight,Complexity,nof_PO4,nof_NH2,nof_OH
28384,0.8238095238095239,0.8238095238095238,molWeight,Complexity,nof_PO4,nof_OH,nof_acetyl
28399,0.880952380952381,0.8285714285714285,molWeight,Complexity,nof_SH,nof_COOH,nof_acetyl
28402,0.7904761904761906,0.8571428571428571,molWeight,Complexity,nof_NH2,nof_COOH,nof_acetyl
28436,0.8238095238095238,0.8190476190476191,molWeight,nof_posCharge,nof_negCharge,C_R1,posCharge/Volume
28543,0.7333333333333333,0.8285714285714285,molWeight,nof_posCharge,a_heavy,C_R1,nof_RotB
28633,0.6809523809523811,0.8238095238095238,molWeight,nof_posCharge,C_R2,C_R1,negCharge/Volume
28747,0.7285714285714285,0.8285714285714285,molWeight,nof_posCharge,C_R1,posCharge/Volume,nof_PO4
28751,0.6428571428571429,0.8238095238095238,molWeight,nof_posCharge,C_R1,posCharge/Volume,nof_COOH
28762,0.5952380952380952,0.8809523809523808,molWeight,nof_posCharge,C_R1,negCharge/Volume,nof_acetyl
28783,0.6809523809523811,0.8238095238095238,molWeight,nof_posCharge,C_R1,nof_PO4,nof_acetyl
28790,0.7047619047619047,0.8285714285714285,molWeight,nof_posCharge,C_R1,nof_SH,nof_COOH
28894,0.6904761904761905,0.8285714285714285,molWeight,nof_posCharge,C_sp3,nof_Fragments,nof_SH
28899,0.7285714285714285,0.8238095238095239,molWeight,nof_posCharge,C_sp3,nof_PO4,nof_SO3H
28922,0.7095238095238096,0.8190476190476191,molWeight,nof_posCharge,posCharge/Volume,negCharge/Volume,nof_PO4
28923,0.7238095238095238,0.8190476190476189,molWeight,nof_posCharge,posCharge/Volume,negCharge/Volume,nof_SO3H
29000,0.6142857142857142,0.8190476190476189,molWeight,nof_posCharge,negCharge/Volume,nof_OH,nof_acetyl
29045,0.8285714285714285,0.8238095238095238,molWeight,nof_posCharge,nof_Fragments,nof_NH2,nof_OH
29328,0.6523809523809524,0.8571428571428571,molWeight,nof_negCharge,C_R1,nof_RotB,nof_COOH
29436,0.7380952380952381,0.8238095238095238,molWeight,nof_negCharge,C_sp3,negCharge/Volume,nof_Fragments
29441,0.7,0.8238095238095238,molWeight,nof_negCharge,C_sp3,negCharge/Volume,nof_COOH
29713,0.7714285714285714,0.8190476190476191,molWeight,a_heavy,C_R2,nof_Fragments,nof_OH
29748,0.7666666666666667,0.8285714285714285,molWeight,a_heavy,C_R1,C_sp3,posCharge/Volume
29841,0.8,0.8285714285714285,molWeight,a_heavy,C_R0,negCharge/Volume,nof_COOH
30044,0.7095238095238096,0.8238095238095238,molWeight,a_heavy,nof_Fragments,nof_PO4,nof_SO3H
30052,0.7619047619047619,0.8095238095238095,molWeight,a_heavy,nof_Fragments,nof_SO3H,nof_COOH
30060,0.7333333333333333,0.8190476190476189,molWeight,a_heavy,nof_Fragments,nof_NH2,nof_OH
30158,0.4952380952380953,0.8142857142857143,molWeight,C_R2,C_R1,nof_PO4,nof_SH
30173,0.7142857142857142,0.8523809523809524,molWeight,C_R2,C_R1,nof_NH2,nof_OH
30351,0.6190476190476191,0.8190476190476191,molWeight,C_R2,negCharge/Volume,nof_RotB,nof_acetyl
30378,0.7714285714285715,0.8238095238095238,molWeight,C_R2,negCharge/Volume,nof_COOH,nof_acetyl
30420,0.7047619047619047,0.8190476190476189,molWeight,C_R2,nof_Fragments,nof_SH,nof_COOH
30539,0.7333333333333333,0.8285714285714285,molWeight,C_R1,C_sp3,posCharge/Volume,nof_acetyl
30591,0.5523809523809524,0.8190476190476191,molWeight,C_R1,posCharge/Volume,negCharge/Volume,nof_COOH
30602,0.7380952380952379,0.8285714285714285,molWeight,C_R1,posCharge/Volume,nof_Fragments,nof_PO4
30622,0.6190476190476191,0.8190476190476191,molWeight,C_R1,posCharge/Volume,nof_SH,nof_OH
30718,0.7095238095238096,0.8285714285714285,molWeight,C_R1,nof_PO4,nof_SO3H,nof_OH
30744,0.6476190476190475,0.8285714285714285,molWeight,C_R1,nof_SH,nof_COOH,nof_acetyl
30822,0.7,0.8238095238095238,molWeight,C_R0,posCharge/Volume,nof_Fragments,nof_PO4
30866,0.7619047619047619,0.8238095238095239,molWeight,C_R0,negCharge/Volume,nof_PO4,nof_SH
30890,0.7380952380952381,0.8238095238095239,molWeight,C_R0,nof_RotB,nof_Fragments,nof_COOH
31035,0.7047619047619047,0.8285714285714285,molWeight,C_sp3,negCharge/Volume,nof_PO4,nof_acetyl
31145,0.7666666666666667,0.8523809523809524,molWeight,posCharge/Volume,negCharge/Volume,nof_Fragments,nof_SH
31192,0.6809523809523811,0.8190476190476189,molWeight,posCharge/Volume,nof_RotB,nof_SH,nof_acetyl
31358,0.7380952380952379,0.8523809523809524,molWeight,nof_RotB,nof_Fragments,nof_COOH,nof_acetyl
31403,0.7047619047619047,0.8285714285714285,molWeight,nof_Fragments,nof_PO4,nof_SH,nof_acetyl
31412,0.6761904761904762,0.8238095238095238,molWeight,nof_Fragments,nof_SO3H,nof_SH,nof_OH
32211,0.7619047619047619,0.8238095238095238,molVolume,molLogP,molArea,PSA/Area,nof_Fragments
32216,0.7095238095238096,0.8190476190476191,molVolume,molLogP,molArea,PSA/Area,nof_COOH
32573,0.6809523809523811,0.8285714285714285,molVolume,molLogP,PSA/Area,nof_HBA,C_R2
32619,0.6523809523809525,0.8285714285714285,molVolume,molLogP,PSA/Area,molCharge_total,negCharge/Volume
32650,0.7,0.8285714285714285,molVolume,molLogP,PSA/Area,Complexity,a_heavy
