,Random Forest HOO Accuracy,Decision Tree HOO Accuracy,Feature  1,Feature  2,Feature  3,Feature  4,Feature  5
107,0.7380952380952381,0.8285714285714285,molWeight,molVolume,molLogP,nof_Atoms,nof_HBA
156,0.7857142857142858,0.8285714285714285,molWeight,molVolume,molLogP,nof_HBA,Complexity
964,0.7904761904761904,0.8523809523809524,molWeight,molVolume,molPSA,Complexity,nof_posCharge
1174,0.8238095238095239,0.8285714285714286,molWeight,molVolume,molArea,nof_Atoms,negCharge/Volume
1231,0.7857142857142858,0.8285714285714285,molWeight,molVolume,molArea,nof_HBD,Complexity
1292,0.8,0.8523809523809524,molWeight,molVolume,molArea,Complexity,C_R2
1293,0.8285714285714285,0.8476190476190476,molWeight,molVolume,molArea,Complexity,C_R1
1297,0.7952380952380953,0.8285714285714285,molWeight,molVolume,molArea,Complexity,negCharge/Volume
1301,0.8238095238095238,0.880952380952381,molWeight,molVolume,molArea,Complexity,nof_SO3H
1407,0.7619047619047619,0.8285714285714285,molWeight,molVolume,molArea,posCharge/Volume,nof_Fragments
1499,0.7047619047619047,0.8476190476190476,molWeight,molVolume,PSA/Area,nof_Chirals,nof_Fragments
1645,0.7666666666666666,0.8285714285714285,molWeight,molVolume,PSA/Area,a_heavy,negCharge/Volume
1923,0.7666666666666667,0.8285714285714286,molWeight,molVolume,nof_Atoms,a_heavy,nof_Fragments
2023,0.8238095238095238,0.8285714285714285,molWeight,molVolume,nof_Atoms,nof_SO3H,nof_COOH
2364,0.7904761904761906,0.8285714285714286,molWeight,molVolume,nof_HBA,Complexity,nof_COOH
2920,0.8,0.8571428571428573,molWeight,molVolume,nof_Rings,Complexity,nof_posCharge
3068,0.7952380952380953,0.8285714285714286,molWeight,molVolume,nof_Rings,nof_Fragments,nof_OH
3174,0.7619047619047619,0.8285714285714285,molWeight,molVolume,Complexity,C_R0,nof_NH2
3210,0.7,0.8285714285714285,molWeight,molVolume,Complexity,nof_RotB,nof_SO3H
3230,0.8,0.8285714285714285,molWeight,molVolume,Complexity,nof_SO3H,nof_NH2
3610,0.7380952380952381,0.8285714285714285,molWeight,molVolume,C_R2,C_R1,nof_Fragments
3616,0.6761904761904762,0.8571428571428571,molWeight,molVolume,C_R2,C_R1,nof_OH
3871,0.7047619047619047,0.8761904761904763,molWeight,molVolume,C_sp3,nof_Fragments,nof_COOH
4622,0.8190476190476191,0.8523809523809524,molWeight,molLogP,molPSA,Complexity,C_R1
4842,0.7380952380952381,0.8285714285714285,molWeight,molLogP,molArea,nof_Chirals,Complexity
5059,0.7619047619047618,0.8285714285714286,molWeight,molLogP,molArea,posCharge/Volume,negCharge/Volume
5067,0.8238095238095238,0.8285714285714285,molWeight,molLogP,molArea,posCharge/Volume,nof_OH
5452,0.7619047619047619,0.8285714285714286,molWeight,molLogP,nof_Atoms,nof_HBA,nof_PO4
5984,0.7714285714285714,0.8476190476190476,molWeight,molLogP,nof_HBA,nof_Rings,Complexity
6228,0.7,0.8285714285714285,molWeight,molLogP,nof_HBD,Complexity,nof_COOH
6410,0.8523809523809524,0.8285714285714285,molWeight,molLogP,molCharge_total,Complexity,posCharge/Volume
6580,0.7666666666666667,0.8571428571428571,molWeight,molLogP,nof_Rings,Complexity,C_sp3
7772,0.7904761904761904,0.8857142857142858,molWeight,molLogS,molPSA,nof_Atoms,nof_negCharge
7790,0.7333333333333333,0.8285714285714285,molWeight,molLogS,molPSA,nof_Chirals,nof_HBD
7815,0.7285714285714285,0.8285714285714285,molWeight,molLogS,molPSA,nof_HBA,Complexity
7823,0.7714285714285714,0.8285714285714285,molWeight,molLogS,molPSA,nof_HBA,posCharge/Volume
7895,0.8571428571428571,0.8571428571428571,molWeight,molLogS,molPSA,Complexity,nof_negCharge
7953,0.6523809523809524,0.8523809523809524,molWeight,molLogS,molPSA,a_heavy,nof_PO4
8222,0.8476190476190476,0.8285714285714285,molWeight,molLogS,molArea,Complexity,C_R2
8229,0.8523809523809524,0.8285714285714285,molWeight,molLogS,molArea,Complexity,nof_Fragments
8234,0.8142857142857143,0.880952380952381,molWeight,molLogS,molArea,Complexity,nof_COOH
8442,0.7047619047619047,0.8523809523809524,molWeight,molLogS,PSA/Area,nof_HBA,nof_negCharge
8445,0.7619047619047619,0.8285714285714285,molWeight,molLogS,PSA/Area,nof_HBA,C_R1
8510,0.7333333333333333,0.8523809523809524,molWeight,molLogS,PSA/Area,nof_Rings,nof_RotB
8522,0.7904761904761904,0.8285714285714285,molWeight,molLogS,PSA/Area,Complexity,C_R2
8604,0.7333333333333333,0.8571428571428571,molWeight,molLogS,PSA/Area,C_R1,nof_Fragments
8609,0.7857142857142857,0.8285714285714285,molWeight,molLogS,PSA/Area,C_R1,nof_COOH
8619,0.6428571428571429,0.8523809523809524,molWeight,molLogS,PSA/Area,C_R0,nof_SH
9405,0.8476190476190476,0.8285714285714285,molWeight,molLogS,nof_HBA,negCharge/Volume,nof_RotB
9856,0.7952380952380953,0.8285714285714285,molWeight,molLogS,nof_Rings,Complexity,C_sp3
10021,0.7428571428571429,0.8523809523809524,molWeight,molLogS,Complexity,nof_posCharge,nof_negCharge
10038,0.8285714285714285,0.8523809523809524,molWeight,molLogS,Complexity,nof_negCharge,a_heavy
10067,0.7619047619047619,0.8285714285714285,molWeight,molLogS,Complexity,a_heavy,nof_OH
11014,0.7333333333333333,0.8285714285714285,molWeight,molPSA,molArea,PSA/Area,nof_acetyl
11086,0.7619047619047619,0.8285714285714286,molWeight,molPSA,molArea,nof_HBD,Complexity
11152,0.8285714285714285,0.8285714285714285,molWeight,molPSA,molArea,Complexity,negCharge/Volume
11161,0.8238095238095238,0.8285714285714285,molWeight,molPSA,molArea,Complexity,nof_acetyl
11281,0.7047619047619047,0.8285714285714285,molWeight,molPSA,molArea,nof_RotB,nof_SO3H
11633,0.7380952380952379,0.8523809523809524,molWeight,molPSA,nof_Atoms,nof_Chirals,nof_SH
11652,0.6857142857142857,0.8571428571428573,molWeight,molPSA,nof_Atoms,nof_HBA,nof_Fragments
11693,0.7380952380952381,0.8857142857142858,molWeight,molPSA,nof_Atoms,molCharge_total,nof_Fragments
11747,0.8142857142857143,0.8285714285714285,molWeight,molPSA,nof_Atoms,nof_posCharge,nof_Fragments
11898,0.7380952380952379,0.8857142857142858,molWeight,molPSA,nof_Chirals,nof_HBA,C_R2
11915,0.6809523809523811,0.8523809523809524,molWeight,molPSA,nof_Chirals,nof_HBD,Complexity
11975,0.8285714285714285,0.8285714285714285,molWeight,molPSA,nof_Chirals,Complexity,a_heavy
11979,0.7047619047619047,0.8571428571428571,molWeight,molPSA,nof_Chirals,Complexity,C_sp3
12160,0.5857142857142857,0.8285714285714285,molWeight,molPSA,nof_HBA,nof_HBD,nof_SH
12171,0.7571428571428571,0.8285714285714285,molWeight,molPSA,nof_HBA,molCharge_total,C_R1
12208,0.8,0.8571428571428573,molWeight,molPSA,nof_HBA,Complexity,C_R1
12210,0.7666666666666667,0.8523809523809524,molWeight,molPSA,nof_HBA,Complexity,C_sp3
12216,0.8523809523809524,0.8523809523809524,molWeight,molPSA,nof_HBA,Complexity,nof_SO3H
12220,0.7714285714285715,0.8285714285714285,molWeight,molPSA,nof_HBA,Complexity,nof_OH
12231,0.7142857142857143,0.8476190476190476,molWeight,molPSA,nof_HBA,nof_posCharge,nof_Fragments
12234,0.7047619047619047,0.8285714285714285,molWeight,molPSA,nof_HBA,nof_posCharge,nof_SH
12247,0.8238095238095238,0.8571428571428573,molWeight,molPSA,nof_HBA,nof_negCharge,nof_Fragments
12251,0.8,0.8285714285714285,molWeight,molPSA,nof_HBA,nof_negCharge,nof_NH2
12359,0.7666666666666667,0.8571428571428571,molWeight,molPSA,nof_HBA,nof_PO4,nof_acetyl
12376,0.8238095238095239,0.8285714285714285,molWeight,molPSA,nof_HBD,molCharge_total,Complexity
12619,0.7047619047619047,0.8571428571428571,molWeight,molPSA,molCharge_total,Complexity,nof_COOH
12776,0.7333333333333333,0.8285714285714285,molWeight,molPSA,nof_Rings,Complexity,nof_negCharge
12946,0.8190476190476191,0.8285714285714285,molWeight,molPSA,Complexity,nof_posCharge,nof_negCharge
12947,0.7904761904761904,0.8285714285714285,molWeight,molPSA,Complexity,nof_posCharge,a_heavy
12962,0.6714285714285714,0.8285714285714286,molWeight,molPSA,Complexity,nof_posCharge,nof_acetyl
12965,0.8190476190476191,0.8285714285714285,molWeight,molPSA,Complexity,nof_negCharge,C_R1
12967,0.6523809523809524,0.8285714285714285,molWeight,molPSA,Complexity,nof_negCharge,C_sp3
12987,0.8857142857142858,0.8476190476190476,molWeight,molPSA,Complexity,a_heavy,nof_PO4
12995,0.7333333333333333,0.8285714285714285,molWeight,molPSA,Complexity,C_R2,C_R0
13005,0.8857142857142858,0.8285714285714285,molWeight,molPSA,Complexity,C_R2,nof_COOH
13011,0.7666666666666667,0.8285714285714285,molWeight,molPSA,Complexity,C_R1,negCharge/Volume
13036,0.7380952380952381,0.8285714285714285,molWeight,molPSA,Complexity,C_sp3,nof_Fragments
13052,0.7619047619047619,0.8285714285714286,molWeight,molPSA,Complexity,posCharge/Volume,nof_OH
13334,0.7714285714285715,0.8571428571428571,molWeight,molPSA,nof_negCharge,nof_PO4,nof_SO3H
13941,0.8476190476190476,0.8285714285714285,molWeight,molArea,PSA/Area,nof_Chirals,molCharge_total
13994,0.7666666666666667,0.8285714285714286,molWeight,molArea,PSA/Area,nof_HBD,posCharge/Volume
14074,0.7666666666666667,0.8285714285714286,molWeight,molArea,PSA/Area,nof_posCharge,nof_SH
14080,0.7333333333333333,0.8285714285714285,molWeight,molArea,PSA/Area,nof_negCharge,C_R2
14086,0.7333333333333333,0.8285714285714285,molWeight,molArea,PSA/Area,nof_negCharge,nof_RotB
14119,0.7380952380952379,0.8476190476190476,molWeight,molArea,PSA/Area,C_R2,nof_SH
14133,0.7952380952380953,0.8523809523809524,molWeight,molArea,PSA/Area,C_R1,nof_NH2
14235,0.7904761904761904,0.8476190476190476,molWeight,molArea,nof_Atoms,nof_Chirals,nof_COOH
14241,0.7952380952380953,0.8857142857142858,molWeight,molArea,nof_Atoms,nof_HBA,Complexity
14262,0.8190476190476189,0.8476190476190476,molWeight,molArea,nof_Atoms,nof_HBD,Complexity
14322,0.7999999999999999,0.8523809523809524,molWeight,molArea,nof_Atoms,Complexity,a_heavy
14329,0.8285714285714285,0.8285714285714285,molWeight,molArea,nof_Atoms,Complexity,nof_RotB
14335,0.8285714285714285,0.8571428571428573,molWeight,molArea,nof_Atoms,Complexity,nof_COOH
14366,0.8238095238095239,0.8523809523809524,molWeight,molArea,nof_Atoms,nof_negCharge,nof_SH
14465,0.7380952380952379,0.8285714285714285,molWeight,molArea,nof_Atoms,nof_Fragments,nof_SH
14494,0.8571428571428573,0.8571428571428571,molWeight,molArea,nof_Chirals,nof_HBA,Complexity
14535,0.7619047619047619,0.8476190476190476,molWeight,molArea,nof_Chirals,molCharge_total,Complexity
14574,0.8857142857142858,0.8571428571428571,molWeight,molArea,nof_Chirals,Complexity,nof_negCharge
14580,0.8523809523809524,0.8285714285714285,molWeight,molArea,nof_Chirals,Complexity,posCharge/Volume
14583,0.8571428571428571,0.9047619047619048,molWeight,molArea,nof_Chirals,Complexity,nof_Fragments
14785,0.7666666666666667,0.8523809523809524,molWeight,molArea,nof_HBA,nof_Rings,Complexity
14807,0.8285714285714285,0.8285714285714285,molWeight,molArea,nof_HBA,Complexity,C_R2
14808,0.8238095238095238,0.8523809523809524,molWeight,molArea,nof_HBA,Complexity,C_R1
14809,0.8238095238095238,0.8428571428571429,molWeight,molArea,nof_HBA,Complexity,C_R0
14810,0.7952380952380952,0.8285714285714285,molWeight,molArea,nof_HBA,Complexity,C_sp3
14811,0.7666666666666667,0.8285714285714285,molWeight,molArea,nof_HBA,Complexity,posCharge/Volume
14815,0.8238095238095238,0.8476190476190476,molWeight,molArea,nof_HBA,Complexity,nof_PO4
14819,0.8571428571428571,0.8285714285714285,molWeight,molArea,nof_HBA,Complexity,nof_COOH
14821,0.8285714285714285,0.8857142857142858,molWeight,molArea,nof_HBA,Complexity,nof_acetyl
15015,0.7666666666666667,0.8857142857142858,molWeight,molArea,nof_HBD,Complexity,nof_negCharge
15029,0.8238095238095238,0.8523809523809524,molWeight,molArea,nof_HBD,Complexity,nof_COOH
15031,0.7952380952380953,0.8523809523809524,molWeight,molArea,nof_HBD,Complexity,nof_acetyl
15065,0.8190476190476189,0.8285714285714285,molWeight,molArea,nof_HBD,a_heavy,C_R2
15091,0.7666666666666667,0.8285714285714285,molWeight,molArea,nof_HBD,C_R2,nof_COOH
15204,0.8523809523809524,0.8857142857142858,molWeight,molArea,molCharge_total,Complexity,nof_posCharge
15207,0.7999999999999999,0.8285714285714285,molWeight,molArea,molCharge_total,Complexity,C_R2
15208,0.7523809523809525,0.8523809523809524,molWeight,molArea,molCharge_total,Complexity,C_R1
15212,0.8476190476190476,0.8285714285714286,molWeight,molArea,molCharge_total,Complexity,negCharge/Volume
15216,0.7952380952380953,0.8571428571428571,molWeight,molArea,molCharge_total,Complexity,nof_SO3H
15219,0.8523809523809524,0.8285714285714285,molWeight,molArea,molCharge_total,Complexity,nof_COOH
15321,0.7571428571428571,0.8285714285714285,molWeight,molArea,molCharge_total,posCharge/Volume,nof_RotB
15376,0.8238095238095239,0.8523809523809524,molWeight,molArea,nof_Rings,Complexity,nof_negCharge
15381,0.7809523809523811,0.8523809523809524,molWeight,molArea,nof_Rings,Complexity,C_sp3
15386,0.7333333333333333,0.8571428571428571,molWeight,molArea,nof_Rings,Complexity,nof_PO4
15387,0.8285714285714285,0.8523809523809524,molWeight,molArea,nof_Rings,Complexity,nof_SO3H
15389,0.8857142857142858,0.8571428571428571,molWeight,molArea,nof_Rings,Complexity,nof_NH2
15391,0.7666666666666667,0.8285714285714285,molWeight,molArea,nof_Rings,Complexity,nof_OH
15504,0.7571428571428571,0.8285714285714285,molWeight,molArea,nof_Rings,negCharge/Volume,nof_SO3H
15552,0.7952380952380953,0.8809523809523808,molWeight,molArea,Complexity,nof_posCharge,posCharge/Volume
15556,0.8857142857142858,0.8571428571428571,molWeight,molArea,Complexity,nof_posCharge,nof_PO4
15558,0.8238095238095239,0.8523809523809524,molWeight,molArea,Complexity,nof_posCharge,nof_SH
15564,0.8,0.8523809523809524,molWeight,molArea,Complexity,nof_negCharge,C_R2
15567,0.7952380952380953,0.8523809523809524,molWeight,molArea,Complexity,nof_negCharge,C_sp3
15568,0.8142857142857143,0.8857142857142858,molWeight,molArea,Complexity,nof_negCharge,posCharge/Volume
15569,0.8190476190476189,0.8476190476190476,molWeight,molArea,Complexity,nof_negCharge,negCharge/Volume
15574,0.8190476190476189,0.8523809523809524,molWeight,molArea,Complexity,nof_negCharge,nof_SH
15576,0.8523809523809524,0.8285714285714286,molWeight,molArea,Complexity,nof_negCharge,nof_COOH
15580,0.8190476190476189,0.8285714285714285,molWeight,molArea,Complexity,a_heavy,C_R1
15586,0.8238095238095238,0.8571428571428571,molWeight,molArea,Complexity,a_heavy,nof_Fragments
15587,0.8571428571428571,0.8476190476190476,molWeight,molArea,Complexity,a_heavy,nof_PO4
15598,0.8190476190476189,0.8285714285714285,molWeight,molArea,Complexity,C_R2,negCharge/Volume
15606,0.8285714285714285,0.8809523809523808,molWeight,molArea,Complexity,C_R2,nof_OH
15611,0.7904761904761906,0.880952380952381,molWeight,molArea,Complexity,C_R1,negCharge/Volume
15612,0.7904761904761906,0.8523809523809524,molWeight,molArea,Complexity,C_R1,nof_RotB
15617,0.7619047619047621,0.8476190476190476,molWeight,molArea,Complexity,C_R1,nof_NH2
15620,0.7666666666666667,0.8523809523809524,molWeight,molArea,Complexity,C_R1,nof_acetyl
15623,0.8238095238095238,0.8571428571428571,molWeight,molArea,Complexity,C_R0,negCharge/Volume
15624,0.7047619047619047,0.8571428571428571,molWeight,molArea,Complexity,C_R0,nof_RotB
15629,0.7666666666666667,0.8857142857142858,molWeight,molArea,Complexity,C_R0,nof_NH2
15638,0.8238095238095238,0.8476190476190476,molWeight,molArea,Complexity,C_sp3,nof_SO3H
15643,0.7904761904761904,0.8285714285714285,molWeight,molArea,Complexity,C_sp3,nof_acetyl
15644,0.8523809523809524,0.8523809523809524,molWeight,molArea,Complexity,posCharge/Volume,negCharge/Volume
15651,0.7,0.8523809523809524,molWeight,molArea,Complexity,posCharge/Volume,nof_COOH
15663,0.7571428571428571,0.8523809523809524,molWeight,molArea,Complexity,nof_RotB,nof_Fragments
15666,0.7952380952380953,0.8476190476190476,molWeight,molArea,Complexity,nof_RotB,nof_SH
15671,0.8238095238095239,0.8476190476190476,molWeight,molArea,Complexity,nof_Fragments,nof_PO4
15674,0.7666666666666667,0.8476190476190476,molWeight,molArea,Complexity,nof_Fragments,nof_NH2
15684,0.8238095238095238,0.8523809523809524,molWeight,molArea,Complexity,nof_SO3H,nof_SH
15687,0.8571428571428571,0.8285714285714285,molWeight,molArea,Complexity,nof_SO3H,nof_OH
15688,0.8238095238095238,0.8523809523809524,molWeight,molArea,Complexity,nof_SO3H,nof_acetyl
16272,0.7904761904761904,0.8571428571428571,molWeight,molArea,C_R0,nof_Fragments,nof_OH
16355,0.7666666666666667,0.8285714285714285,molWeight,molArea,posCharge/Volume,negCharge/Volume,nof_NH2
16702,0.7380952380952381,0.8285714285714285,molWeight,PSA/Area,nof_Atoms,C_R1,posCharge/Volume
16739,0.7047619047619047,0.8571428571428571,molWeight,PSA/Area,nof_Atoms,posCharge/Volume,nof_PO4
16812,0.6714285714285715,0.8857142857142858,molWeight,PSA/Area,nof_Chirals,nof_HBA,nof_acetyl
16880,0.7380952380952381,0.8285714285714285,molWeight,PSA/Area,nof_Chirals,Complexity,posCharge/Volume
16884,0.7619047619047621,0.8476190476190476,molWeight,PSA/Area,nof_Chirals,Complexity,nof_PO4
16964,0.7285714285714285,0.8857142857142858,molWeight,PSA/Area,nof_Chirals,C_R1,nof_OH
17022,0.8238095238095239,0.8523809523809524,molWeight,PSA/Area,nof_Chirals,nof_Fragments,nof_acetyl
17029,0.7142857142857142,0.8285714285714285,molWeight,PSA/Area,nof_Chirals,nof_SO3H,nof_SH
17051,0.7571428571428572,0.8285714285714285,molWeight,PSA/Area,nof_HBA,nof_HBD,C_R1
17105,0.6857142857142857,0.8857142857142858,molWeight,PSA/Area,nof_HBA,Complexity,nof_negCharge
17118,0.7666666666666667,0.8285714285714285,molWeight,PSA/Area,nof_HBA,Complexity,nof_NH2
17126,0.7619047619047621,0.8285714285714285,molWeight,PSA/Area,nof_HBA,nof_posCharge,C_R0
17128,0.7714285714285715,0.8285714285714285,molWeight,PSA/Area,nof_HBA,nof_posCharge,posCharge/Volume
17163,0.7380952380952381,0.8285714285714285,molWeight,PSA/Area,nof_HBA,a_heavy,nof_PO4
17164,0.7666666666666667,0.8571428571428573,molWeight,PSA/Area,nof_HBA,a_heavy,nof_SO3H
17254,0.7380952380952381,0.9142857142857144,molWeight,PSA/Area,nof_HBA,nof_PO4,nof_SO3H
17357,0.8238095238095238,0.8523809523809524,molWeight,PSA/Area,nof_HBD,nof_negCharge,nof_Fragments
17434,0.8285714285714286,0.8285714285714285,molWeight,PSA/Area,nof_HBD,posCharge/Volume,nof_SO3H
17514,0.7666666666666667,0.8571428571428573,molWeight,PSA/Area,molCharge_total,Complexity,nof_Fragments
17553,0.7142857142857142,0.8285714285714285,molWeight,PSA/Area,molCharge_total,nof_negCharge,nof_OH
17756,0.8238095238095238,0.8285714285714286,molWeight,PSA/Area,nof_Rings,C_R1,C_sp3
17775,0.7428571428571428,0.8285714285714285,molWeight,PSA/Area,nof_Rings,C_R0,nof_SH
17799,0.880952380952381,0.8285714285714285,molWeight,PSA/Area,nof_Rings,posCharge/Volume,nof_OH
17921,0.7095238095238094,0.8523809523809524,molWeight,PSA/Area,Complexity,C_R0,C_sp3
18083,0.7666666666666667,0.8285714285714285,molWeight,PSA/Area,nof_posCharge,posCharge/Volume,nof_PO4
18259,0.8238095238095238,0.8285714285714285,molWeight,PSA/Area,a_heavy,C_R2,negCharge/Volume
18346,0.7619047619047618,0.8523809523809524,molWeight,PSA/Area,a_heavy,nof_SO3H,nof_NH2
18559,0.7047619047619047,0.8285714285714285,molWeight,PSA/Area,C_R0,nof_RotB,nof_Fragments
18733,0.7380952380952379,0.8285714285714285,molWeight,PSA/Area,nof_RotB,nof_Fragments,nof_SH
18779,0.8523809523809524,0.8571428571428571,molWeight,PSA/Area,nof_Fragments,nof_OH,nof_acetyl
18809,0.7333333333333333,0.8523809523809524,molWeight,PSA/Area,nof_SH,nof_COOH,nof_acetyl
18909,0.7619047619047621,0.8476190476190476,molWeight,nof_Atoms,nof_Chirals,Complexity,nof_SO3H
18980,0.6190476190476191,0.880952380952381,molWeight,nof_Atoms,nof_Chirals,C_R1,negCharge/Volume
19070,0.7428571428571428,0.8523809523809524,molWeight,nof_Atoms,nof_HBA,nof_HBD,Complexity
19113,0.7952380952380953,0.8285714285714285,molWeight,nof_Atoms,nof_HBA,nof_Rings,C_R2
19140,0.7666666666666667,0.8285714285714286,molWeight,nof_Atoms,nof_HBA,Complexity,nof_SO3H
19237,0.7666666666666667,0.8285714285714285,molWeight,nof_Atoms,nof_HBA,C_sp3,nof_PO4
19339,0.7666666666666667,0.8523809523809524,molWeight,nof_Atoms,nof_HBD,Complexity,nof_negCharge
19342,0.7380952380952381,0.8523809523809524,molWeight,nof_Atoms,nof_HBD,Complexity,C_R1
19350,0.7285714285714285,0.8571428571428571,molWeight,nof_Atoms,nof_HBD,Complexity,nof_SO3H
19655,0.6761904761904762,0.8285714285714285,molWeight,nof_Atoms,molCharge_total,negCharge/Volume,nof_Fragments
19702,0.7714285714285715,0.8285714285714286,molWeight,nof_Atoms,nof_Rings,Complexity,C_R2
19832,0.7952380952380953,0.8285714285714286,molWeight,nof_Atoms,nof_Rings,negCharge/Volume,nof_OH
19843,0.7619047619047619,0.8476190476190476,molWeight,nof_Atoms,nof_Rings,nof_Fragments,nof_SO3H
19862,0.8238095238095238,0.8523809523809524,molWeight,nof_Atoms,nof_Rings,nof_SH,nof_OH
19939,0.7666666666666667,0.8476190476190476,molWeight,nof_Atoms,Complexity,C_R1,nof_SO3H
19963,0.6476190476190475,0.8571428571428571,molWeight,nof_Atoms,Complexity,C_sp3,nof_SH
19972,0.7285714285714285,0.8761904761904763,molWeight,nof_Atoms,Complexity,posCharge/Volume,nof_SO3H
20097,0.6190476190476191,0.8523809523809524,molWeight,nof_Atoms,nof_posCharge,C_sp3,nof_PO4
20324,0.7333333333333333,0.8285714285714285,molWeight,nof_Atoms,a_heavy,C_sp3,nof_SH
20704,0.8142857142857143,0.8285714285714285,molWeight,nof_Atoms,posCharge/Volume,nof_SO3H,nof_SH
20880,0.8285714285714285,0.8476190476190476,molWeight,nof_Chirals,nof_HBA,nof_Rings,Complexity
20901,0.7904761904761904,0.8571428571428571,molWeight,nof_Chirals,nof_HBA,Complexity,a_heavy
20902,0.8238095238095238,0.8285714285714285,molWeight,nof_Chirals,nof_HBA,Complexity,C_R2
20905,0.7714285714285715,0.8428571428571429,molWeight,nof_Chirals,nof_HBA,Complexity,C_sp3
20906,0.7666666666666667,0.8523809523809524,molWeight,nof_Chirals,nof_HBA,Complexity,posCharge/Volume
20910,0.7333333333333333,0.8285714285714285,molWeight,nof_Chirals,nof_HBA,Complexity,nof_PO4
20921,0.8476190476190476,0.8809523809523808,molWeight,nof_Chirals,nof_HBA,nof_posCharge,C_R0
21020,0.8571428571428573,0.8523809523809524,molWeight,nof_Chirals,nof_HBA,posCharge/Volume,nof_SH
21047,0.7666666666666667,0.8571428571428571,molWeight,nof_Chirals,nof_HBA,nof_Fragments,nof_OH
21108,0.7428571428571429,0.8285714285714285,molWeight,nof_Chirals,nof_HBD,nof_Rings,nof_acetyl
21117,0.7666666666666667,0.8285714285714285,molWeight,nof_Chirals,nof_HBD,Complexity,negCharge/Volume
21279,0.7380952380952381,0.8571428571428571,molWeight,nof_Chirals,nof_HBD,nof_OH,nof_acetyl
21280,0.7952380952380953,0.8523809523809524,molWeight,nof_Chirals,molCharge_total,nof_Rings,Complexity
21302,0.8,0.8857142857142858,molWeight,nof_Chirals,molCharge_total,Complexity,C_R2
21315,0.8238095238095238,0.8523809523809524,molWeight,nof_Chirals,molCharge_total,Complexity,nof_OH
21479,0.8,0.8285714285714285,molWeight,nof_Chirals,nof_Rings,Complexity,nof_RotB
21486,0.8142857142857143,0.8285714285714285,molWeight,nof_Chirals,nof_Rings,Complexity,nof_OH
21655,0.8761904761904763,0.8523809523809524,molWeight,nof_Chirals,Complexity,nof_posCharge,nof_COOH
21657,0.8285714285714285,0.8285714285714286,molWeight,nof_Chirals,Complexity,nof_posCharge,nof_acetyl
21682,0.8238095238095239,0.8285714285714285,molWeight,nof_Chirals,Complexity,a_heavy,nof_PO4
21712,0.7904761904761904,0.880952380952381,molWeight,nof_Chirals,Complexity,C_R1,nof_NH2
21735,0.8428571428571429,0.8523809523809524,molWeight,nof_Chirals,Complexity,C_sp3,nof_NH2
21755,0.8523809523809524,0.8523809523809524,molWeight,nof_Chirals,Complexity,negCharge/Volume,nof_COOH
21760,0.7380952380952381,0.8571428571428571,molWeight,nof_Chirals,Complexity,nof_RotB,nof_SO3H
21780,0.8285714285714285,0.8523809523809524,molWeight,nof_Chirals,Complexity,nof_SO3H,nof_NH2
21789,0.8285714285714285,0.8571428571428571,molWeight,nof_Chirals,Complexity,nof_NH2,nof_OH
22233,0.6952380952380952,0.8285714285714285,molWeight,nof_Chirals,C_R2,nof_SO3H,nof_COOH
22611,0.8238095238095239,0.9095238095238096,molWeight,nof_HBA,nof_HBD,molCharge_total,Complexity
22630,0.7904761904761904,0.8476190476190476,molWeight,nof_HBA,nof_HBD,nof_Rings,Complexity
22649,0.7904761904761904,0.8857142857142858,molWeight,nof_HBA,nof_HBD,Complexity,nof_posCharge
22650,0.8,0.8285714285714286,molWeight,nof_HBA,nof_HBD,Complexity,nof_negCharge
22655,0.7571428571428571,0.8476190476190476,molWeight,nof_HBA,nof_HBD,Complexity,C_sp3
22661,0.7380952380952379,0.8285714285714285,molWeight,nof_HBA,nof_HBD,Complexity,nof_SO3H
22662,0.7904761904761906,0.8285714285714285,molWeight,nof_HBA,nof_HBD,Complexity,nof_SH
22847,0.8238095238095238,0.8857142857142858,molWeight,nof_HBA,molCharge_total,Complexity,negCharge/Volume
22849,0.7047619047619047,0.8285714285714286,molWeight,nof_HBA,molCharge_total,Complexity,nof_Fragments
22850,0.7714285714285715,0.8285714285714285,molWeight,nof_HBA,molCharge_total,Complexity,nof_PO4
22852,0.9095238095238096,0.8571428571428571,molWeight,nof_HBA,molCharge_total,Complexity,nof_SH
22853,0.880952380952381,0.8571428571428571,molWeight,nof_HBA,molCharge_total,Complexity,nof_NH2
22854,0.7904761904761904,0.8571428571428573,molWeight,nof_HBA,molCharge_total,Complexity,nof_COOH
22928,0.7,0.8428571428571429,molWeight,nof_HBA,molCharge_total,C_R1,nof_NH2
22989,0.8285714285714285,0.8285714285714285,molWeight,nof_HBA,molCharge_total,nof_PO4,nof_SO3H
23014,0.7095238095238096,0.8571428571428571,molWeight,nof_HBA,nof_Rings,Complexity,C_R1
23015,0.7380952380952381,0.8523809523809524,molWeight,nof_HBA,nof_Rings,Complexity,C_R0
23016,0.7047619047619047,0.8285714285714285,molWeight,nof_HBA,nof_Rings,Complexity,C_sp3
23017,0.6809523809523811,0.8476190476190476,molWeight,nof_HBA,nof_Rings,Complexity,posCharge/Volume
23018,0.8285714285714285,0.8857142857142858,molWeight,nof_HBA,nof_Rings,Complexity,negCharge/Volume
23020,0.7714285714285714,0.8476190476190476,molWeight,nof_HBA,nof_Rings,Complexity,nof_Fragments
23023,0.7095238095238096,0.8571428571428571,molWeight,nof_HBA,nof_Rings,Complexity,nof_SH
23026,0.7904761904761904,0.8571428571428571,molWeight,nof_HBA,nof_Rings,Complexity,nof_OH
23181,0.7952380952380953,0.8285714285714285,molWeight,nof_HBA,Complexity,nof_posCharge,nof_negCharge
23184,0.7904761904761906,0.8571428571428573,molWeight,nof_HBA,Complexity,nof_posCharge,C_R1
23186,0.7666666666666667,0.8285714285714285,molWeight,nof_HBA,Complexity,nof_posCharge,C_sp3
23187,0.8,0.8857142857142858,molWeight,nof_HBA,Complexity,nof_posCharge,posCharge/Volume
23188,0.7904761904761906,0.8476190476190476,molWeight,nof_HBA,Complexity,nof_posCharge,negCharge/Volume
23192,0.8238095238095239,0.8857142857142858,molWeight,nof_HBA,Complexity,nof_posCharge,nof_SO3H
23195,0.8190476190476191,0.8571428571428571,molWeight,nof_HBA,Complexity,nof_posCharge,nof_COOH
23208,0.7,0.8285714285714285,molWeight,nof_HBA,Complexity,nof_negCharge,nof_SO3H
23218,0.8238095238095239,0.8857142857142858,molWeight,nof_HBA,Complexity,a_heavy,posCharge/Volume
23225,0.8238095238095239,0.8476190476190476,molWeight,nof_HBA,Complexity,a_heavy,nof_NH2
23229,0.7571428571428571,0.8285714285714285,molWeight,nof_HBA,Complexity,C_R2,C_R1
23231,0.7952380952380953,0.880952380952381,molWeight,nof_HBA,Complexity,C_R2,C_sp3
23240,0.7714285714285715,0.8476190476190476,molWeight,nof_HBA,Complexity,C_R2,nof_COOH
23241,0.8238095238095238,0.8857142857142858,molWeight,nof_HBA,Complexity,C_R2,nof_OH
23245,0.7904761904761904,0.8285714285714285,molWeight,nof_HBA,Complexity,C_R1,posCharge/Volume
23246,0.8238095238095238,0.8571428571428571,molWeight,nof_HBA,Complexity,C_R1,negCharge/Volume
23255,0.7952380952380953,0.8285714285714285,molWeight,nof_HBA,Complexity,C_R1,nof_acetyl
23264,0.6714285714285715,0.8285714285714285,molWeight,nof_HBA,Complexity,C_R0,nof_NH2
23265,0.7904761904761904,0.8857142857142858,molWeight,nof_HBA,Complexity,C_R0,nof_COOH
23269,0.7666666666666667,0.8285714285714286,molWeight,nof_HBA,Complexity,C_sp3,negCharge/Volume
23273,0.8285714285714285,0.8285714285714286,molWeight,nof_HBA,Complexity,C_sp3,nof_SO3H
23275,0.6666666666666667,0.8523809523809524,molWeight,nof_HBA,Complexity,C_sp3,nof_NH2
23276,0.8238095238095238,0.8285714285714285,molWeight,nof_HBA,Complexity,C_sp3,nof_COOH
23278,0.7380952380952381,0.8285714285714285,molWeight,nof_HBA,Complexity,C_sp3,nof_acetyl
23284,0.7666666666666667,0.8428571428571429,molWeight,nof_HBA,Complexity,posCharge/Volume,nof_SH
23286,0.8476190476190476,0.8476190476190476,molWeight,nof_HBA,Complexity,posCharge/Volume,nof_COOH
23287,0.7619047619047619,0.8285714285714285,molWeight,nof_HBA,Complexity,posCharge/Volume,nof_OH
23290,0.7,0.8523809523809524,molWeight,nof_HBA,Complexity,negCharge/Volume,nof_Fragments
23293,0.7999999999999999,0.8285714285714285,molWeight,nof_HBA,Complexity,negCharge/Volume,nof_SH
23297,0.7380952380952379,0.8285714285714285,molWeight,nof_HBA,Complexity,negCharge/Volume,nof_acetyl
23306,0.7904761904761906,0.8285714285714285,molWeight,nof_HBA,Complexity,nof_Fragments,nof_PO4
23317,0.8523809523809524,0.8857142857142858,molWeight,nof_HBA,Complexity,nof_PO4,nof_OH
23323,0.8190476190476191,0.8523809523809524,molWeight,nof_HBA,Complexity,nof_SO3H,nof_acetyl
23332,0.7285714285714285,0.8857142857142858,molWeight,nof_HBA,Complexity,nof_COOH,nof_acetyl
23365,0.7380952380952381,0.8285714285714286,molWeight,nof_HBA,nof_posCharge,C_R2,C_R1
23536,0.8285714285714285,0.8285714285714285,molWeight,nof_HBA,nof_negCharge,posCharge/Volume,nof_RotB
23653,0.7666666666666667,0.8285714285714285,molWeight,nof_HBA,a_heavy,negCharge/Volume,nof_SO3H
23960,0.6666666666666667,0.8285714285714285,molWeight,nof_HBA,C_sp3,nof_Fragments,nof_NH2
23971,0.7047619047619047,0.8285714285714285,molWeight,nof_HBA,C_sp3,nof_SO3H,nof_NH2
24036,0.7952380952380953,0.8285714285714285,molWeight,nof_HBA,negCharge/Volume,nof_RotB,nof_OH
24125,0.7714285714285715,0.8285714285714285,molWeight,nof_HBA,nof_PO4,nof_NH2,nof_OH
24150,0.7952380952380953,0.8476190476190476,molWeight,nof_HBD,molCharge_total,nof_Rings,Complexity
24164,0.6714285714285715,0.8285714285714285,molWeight,nof_HBD,molCharge_total,nof_Rings,nof_SH
24170,0.6809523809523811,0.9047619047619048,molWeight,nof_HBD,molCharge_total,Complexity,nof_negCharge
24186,0.7047619047619047,0.8285714285714285,molWeight,nof_HBD,molCharge_total,Complexity,nof_acetyl
24332,0.8238095238095238,0.8571428571428571,molWeight,nof_HBD,molCharge_total,nof_SH,nof_OH
24344,0.7047619047619047,0.8523809523809524,molWeight,nof_HBD,nof_Rings,Complexity,C_R1
24345,0.7333333333333333,0.8523809523809524,molWeight,nof_HBD,nof_Rings,Complexity,C_R0
24354,0.7619047619047619,0.8285714285714285,molWeight,nof_HBD,nof_Rings,Complexity,nof_NH2
24518,0.7666666666666667,0.8285714285714285,molWeight,nof_HBD,Complexity,nof_posCharge,negCharge/Volume
24538,0.8523809523809524,0.8285714285714285,molWeight,nof_HBD,Complexity,nof_negCharge,nof_SO3H
24566,0.7952380952380953,0.8285714285714285,molWeight,nof_HBD,Complexity,C_R2,nof_PO4
24580,0.7428571428571429,0.8285714285714286,molWeight,nof_HBD,Complexity,C_R1,nof_SO3H
24618,0.7380952380952381,0.8571428571428571,molWeight,nof_HBD,Complexity,posCharge/Volume,nof_acetyl
24621,0.7523809523809524,0.8809523809523808,molWeight,nof_HBD,Complexity,negCharge/Volume,nof_PO4
24624,0.6761904761904762,0.8571428571428571,molWeight,nof_HBD,Complexity,negCharge/Volume,nof_NH2
24647,0.8,0.8476190476190476,molWeight,nof_HBD,Complexity,nof_PO4,nof_OH
24651,0.8,0.8571428571428573,molWeight,nof_HBD,Complexity,nof_SO3H,nof_COOH
24652,0.7380952380952381,0.8523809523809524,molWeight,nof_HBD,Complexity,nof_SO3H,nof_OH
24662,0.7904761904761904,0.8523809523809524,molWeight,nof_HBD,Complexity,nof_COOH,nof_acetyl
25267,0.7047619047619047,0.8285714285714285,molWeight,nof_HBD,C_sp3,posCharge/Volume,nof_COOH
25381,0.7380952380952379,0.8285714285714285,molWeight,nof_HBD,negCharge/Volume,nof_SO3H,nof_SH
25452,0.8523809523809524,0.8285714285714285,molWeight,nof_HBD,nof_PO4,nof_SH,nof_OH
25655,0.7333333333333333,0.8523809523809524,molWeight,molCharge_total,Complexity,nof_posCharge,C_R0
25670,0.7619047619047619,0.8523809523809524,molWeight,molCharge_total,Complexity,nof_negCharge,C_R1
25681,0.8,0.8285714285714286,molWeight,molCharge_total,Complexity,nof_negCharge,nof_COOH
25683,0.8285714285714285,0.8285714285714285,molWeight,molCharge_total,Complexity,nof_negCharge,nof_acetyl
25701,0.7428571428571429,0.8285714285714285,molWeight,molCharge_total,Complexity,C_R2,C_sp3
25721,0.8428571428571429,0.8476190476190476,molWeight,molCharge_total,Complexity,C_R1,nof_SH
25739,0.7523809523809525,0.8571428571428573,molWeight,molCharge_total,Complexity,C_sp3,negCharge/Volume
25757,0.7904761904761904,0.8285714285714285,molWeight,molCharge_total,Complexity,posCharge/Volume,nof_OH
25765,0.8476190476190476,0.8285714285714286,molWeight,molCharge_total,Complexity,negCharge/Volume,nof_COOH
25766,0.8761904761904763,0.880952380952381,molWeight,molCharge_total,Complexity,negCharge/Volume,nof_OH
25771,0.7333333333333333,0.880952380952381,molWeight,molCharge_total,Complexity,nof_RotB,nof_SH
25785,0.7619047619047619,0.8523809523809524,molWeight,molCharge_total,Complexity,nof_PO4,nof_NH2
25795,0.8523809523809524,0.8571428571428571,molWeight,molCharge_total,Complexity,nof_SH,nof_COOH
25798,0.7428571428571429,0.8523809523809524,molWeight,molCharge_total,Complexity,nof_NH2,nof_COOH
25800,0.7619047619047621,0.9142857142857144,molWeight,molCharge_total,Complexity,nof_NH2,nof_acetyl
26191,0.8285714285714285,0.8571428571428573,molWeight,molCharge_total,C_R2,C_sp3,negCharge/Volume
26650,0.8238095238095239,0.8476190476190476,molWeight,nof_Rings,Complexity,nof_negCharge,nof_COOH
26688,0.8571428571428571,0.8523809523809524,molWeight,nof_Rings,Complexity,C_R1,nof_PO4
26694,0.7714285714285715,0.8523809523809524,molWeight,nof_Rings,Complexity,C_R1,nof_acetyl
26714,0.7047619047619047,0.8285714285714285,molWeight,nof_Rings,Complexity,C_sp3,nof_NH2
26720,0.7619047619047619,0.8523809523809524,molWeight,nof_Rings,Complexity,posCharge/Volume,nof_Fragments
26721,0.7952380952380953,0.8571428571428571,molWeight,nof_Rings,Complexity,posCharge/Volume,nof_PO4
26722,0.7857142857142858,0.880952380952381,molWeight,nof_Rings,Complexity,posCharge/Volume,nof_SO3H
26724,0.7571428571428571,0.8571428571428571,molWeight,nof_Rings,Complexity,posCharge/Volume,nof_NH2
26735,0.8238095238095238,0.8571428571428571,molWeight,nof_Rings,Complexity,negCharge/Volume,nof_OH
26757,0.8238095238095238,0.8523809523809524,molWeight,nof_Rings,Complexity,nof_PO4,nof_acetyl
26759,0.7666666666666667,0.8285714285714285,molWeight,nof_Rings,Complexity,nof_SO3H,nof_NH2
26887,0.7380952380952381,0.8285714285714285,molWeight,nof_Rings,nof_posCharge,nof_Fragments,nof_acetyl
26964,0.7714285714285715,0.8523809523809524,molWeight,nof_Rings,nof_negCharge,C_sp3,negCharge/Volume
27138,0.7380952380952379,0.8285714285714285,molWeight,nof_Rings,C_R2,C_R1,nof_RotB
27192,0.7952380952380953,0.8285714285714285,molWeight,nof_Rings,C_R2,nof_RotB,nof_SH
27203,0.7333333333333333,0.8285714285714285,molWeight,nof_Rings,C_R2,nof_Fragments,nof_acetyl
27240,0.6761904761904762,0.8523809523809524,molWeight,nof_Rings,C_R1,C_sp3,nof_Fragments
27381,0.7380952380952381,0.8523809523809524,molWeight,nof_Rings,C_sp3,negCharge/Volume,nof_PO4
27427,0.7952380952380952,0.8285714285714286,molWeight,nof_Rings,posCharge/Volume,negCharge/Volume,nof_SO3H
27429,0.8,0.8285714285714285,molWeight,nof_Rings,posCharge/Volume,negCharge/Volume,nof_NH2
27546,0.7619047619047621,0.8285714285714285,molWeight,nof_Rings,nof_Fragments,nof_SH,nof_OH
27590,0.8857142857142858,0.8523809523809524,molWeight,Complexity,nof_posCharge,nof_negCharge,C_R2
27608,0.7333333333333333,0.8523809523809524,molWeight,Complexity,nof_posCharge,a_heavy,C_sp3
27623,0.7666666666666667,0.8285714285714286,molWeight,Complexity,nof_posCharge,C_R2,posCharge/Volume
27629,0.7857142857142858,0.8571428571428571,molWeight,Complexity,nof_posCharge,C_R2,nof_SH
27643,0.7904761904761904,0.8523809523809524,molWeight,Complexity,nof_posCharge,C_R1,nof_NH2
27645,0.7666666666666667,0.8523809523809524,molWeight,Complexity,nof_posCharge,C_R1,nof_OH
27646,0.8142857142857143,0.8285714285714285,molWeight,Complexity,nof_posCharge,C_R1,nof_acetyl
27677,0.7952380952380953,0.8523809523809524,molWeight,Complexity,nof_posCharge,posCharge/Volume,nof_COOH
27685,0.7666666666666667,0.8571428571428571,molWeight,Complexity,nof_posCharge,negCharge/Volume,nof_NH2
27686,0.8857142857142858,0.8571428571428571,molWeight,Complexity,nof_posCharge,negCharge/Volume,nof_COOH
27697,0.7809523809523811,0.8476190476190476,molWeight,Complexity,nof_posCharge,nof_Fragments,nof_PO4
27713,0.7904761904761904,0.8285714285714285,molWeight,Complexity,nof_posCharge,nof_SO3H,nof_OH
27716,0.8476190476190476,0.8285714285714285,molWeight,Complexity,nof_posCharge,nof_SH,nof_COOH
27742,0.7,0.8523809523809524,molWeight,Complexity,nof_negCharge,C_R2,C_sp3
27757,0.7857142857142858,0.8523809523809524,molWeight,Complexity,nof_negCharge,C_R1,negCharge/Volume
27766,0.880952380952381,0.8285714285714285,molWeight,Complexity,nof_negCharge,C_R1,nof_acetyl
27778,0.7380952380952379,0.8285714285714286,molWeight,Complexity,nof_negCharge,C_R0,nof_acetyl
27784,0.6523809523809524,0.8523809523809524,molWeight,Complexity,nof_negCharge,C_sp3,nof_SO3H
27787,0.7619047619047621,0.8523809523809524,molWeight,Complexity,nof_negCharge,C_sp3,nof_COOH
27795,0.7571428571428572,0.8523809523809524,molWeight,Complexity,nof_negCharge,posCharge/Volume,nof_SH
27808,0.880952380952381,0.8523809523809524,molWeight,Complexity,nof_negCharge,negCharge/Volume,nof_acetyl
27815,0.7619047619047619,0.8285714285714285,molWeight,Complexity,nof_negCharge,nof_RotB,nof_OH
27824,0.8476190476190476,0.8523809523809524,molWeight,Complexity,nof_negCharge,nof_PO4,nof_SO3H
27827,0.8571428571428571,0.8285714285714285,molWeight,Complexity,nof_negCharge,nof_PO4,nof_COOH
27866,0.8,0.8285714285714285,molWeight,Complexity,a_heavy,C_R1,nof_SO3H
27896,0.7666666666666667,0.8285714285714285,molWeight,Complexity,a_heavy,posCharge/Volume,nof_RotB
27901,0.8571428571428573,0.8285714285714285,molWeight,Complexity,a_heavy,posCharge/Volume,nof_NH2
27938,0.7714285714285715,0.8523809523809524,molWeight,Complexity,a_heavy,nof_SO3H,nof_OH
27945,0.7666666666666667,0.8857142857142858,molWeight,Complexity,a_heavy,nof_NH2,nof_OH
27976,0.7619047619047619,0.8571428571428571,molWeight,Complexity,C_R2,C_sp3,negCharge/Volume
27981,0.7619047619047618,0.8476190476190476,molWeight,Complexity,C_R2,C_sp3,nof_SH
27991,0.7571428571428571,0.8809523809523808,molWeight,Complexity,C_R2,posCharge/Volume,nof_SH
28022,0.8476190476190476,0.8523809523809524,molWeight,Complexity,C_R2,nof_PO4,nof_NH2
28024,0.7952380952380953,0.8285714285714285,molWeight,Complexity,C_R2,nof_PO4,nof_OH
28040,0.7666666666666667,0.8285714285714285,molWeight,Complexity,C_R2,nof_OH,nof_acetyl
28047,0.8571428571428573,0.8571428571428573,molWeight,Complexity,C_R1,C_R0,nof_SO3H
28060,0.7285714285714285,0.8285714285714285,molWeight,Complexity,C_R1,C_sp3,nof_NH2
28077,0.7904761904761904,0.8571428571428571,molWeight,Complexity,C_R1,negCharge/Volume,nof_SO3H
28079,0.7619047619047619,0.8285714285714285,molWeight,Complexity,C_R1,negCharge/Volume,nof_NH2
28104,0.7619047619047619,0.880952380952381,molWeight,Complexity,C_R1,nof_SO3H,nof_SH
28113,0.8857142857142858,0.880952380952381,molWeight,Complexity,C_R1,nof_NH2,nof_COOH
28116,0.7619047619047619,0.8285714285714285,molWeight,Complexity,C_R1,nof_COOH,nof_OH
28130,0.7904761904761906,0.8571428571428573,molWeight,Complexity,C_R0,posCharge/Volume,negCharge/Volume
28139,0.7857142857142857,0.8571428571428571,molWeight,Complexity,C_R0,posCharge/Volume,nof_acetyl
28161,0.7285714285714285,0.8285714285714286,molWeight,Complexity,C_R0,nof_Fragments,nof_COOH
28178,0.7666666666666667,0.8285714285714286,molWeight,Complexity,C_R0,nof_SH,nof_acetyl
28190,0.8238095238095239,0.8428571428571429,molWeight,Complexity,C_sp3,posCharge/Volume,nof_SH
28191,0.7952380952380953,0.8285714285714285,molWeight,Complexity,C_sp3,posCharge/Volume,nof_NH2
28201,0.8238095238095238,0.8285714285714285,molWeight,Complexity,C_sp3,negCharge/Volume,nof_COOH
28245,0.8285714285714285,0.8285714285714285,molWeight,Complexity,posCharge/Volume,negCharge/Volume,nof_NH2
28246,0.8,0.8571428571428573,molWeight,Complexity,posCharge/Volume,negCharge/Volume,nof_COOH
28257,0.7952380952380953,0.8571428571428571,molWeight,Complexity,posCharge/Volume,nof_Fragments,nof_PO4
28264,0.8190476190476189,0.8285714285714286,molWeight,Complexity,posCharge/Volume,nof_PO4,nof_SO3H
28280,0.8238095238095239,0.8571428571428571,molWeight,Complexity,posCharge/Volume,nof_NH2,nof_OH
28288,0.7333333333333333,0.8571428571428573,molWeight,Complexity,negCharge/Volume,nof_RotB,nof_SH
28302,0.7904761904761904,0.8476190476190476,molWeight,Complexity,negCharge/Volume,nof_PO4,nof_NH2
28312,0.8523809523809524,0.8285714285714285,molWeight,Complexity,negCharge/Volume,nof_SH,nof_COOH
28317,0.7666666666666667,0.8523809523809524,molWeight,Complexity,negCharge/Volume,nof_NH2,nof_acetyl
28319,0.8190476190476191,0.8571428571428571,molWeight,Complexity,negCharge/Volume,nof_COOH,nof_acetyl
28352,0.7333333333333333,0.8285714285714286,molWeight,Complexity,nof_Fragments,nof_PO4,nof_COOH
28362,0.7571428571428572,0.8285714285714285,molWeight,Complexity,nof_Fragments,nof_SH,nof_OH
28380,0.6809523809523811,0.8285714285714285,molWeight,Complexity,nof_PO4,nof_NH2,nof_OH
28399,0.880952380952381,0.8285714285714285,molWeight,Complexity,nof_SH,nof_COOH,nof_acetyl
28402,0.7904761904761906,0.8571428571428571,molWeight,Complexity,nof_NH2,nof_COOH,nof_acetyl
28543,0.7333333333333333,0.8285714285714285,molWeight,nof_posCharge,a_heavy,C_R1,nof_RotB
28747,0.7285714285714285,0.8285714285714285,molWeight,nof_posCharge,C_R1,posCharge/Volume,nof_PO4
28762,0.5952380952380952,0.8809523809523808,molWeight,nof_posCharge,C_R1,negCharge/Volume,nof_acetyl
28790,0.7047619047619047,0.8285714285714285,molWeight,nof_posCharge,C_R1,nof_SH,nof_COOH
28894,0.6904761904761905,0.8285714285714285,molWeight,nof_posCharge,C_sp3,nof_Fragments,nof_SH
29328,0.6523809523809524,0.8571428571428571,molWeight,nof_negCharge,C_R1,nof_RotB,nof_COOH
29748,0.7666666666666667,0.8285714285714285,molWeight,a_heavy,C_R1,C_sp3,posCharge/Volume
29841,0.8,0.8285714285714285,molWeight,a_heavy,C_R0,negCharge/Volume,nof_COOH
30173,0.7142857142857142,0.8523809523809524,molWeight,C_R2,C_R1,nof_NH2,nof_OH
30539,0.7333333333333333,0.8285714285714285,molWeight,C_R1,C_sp3,posCharge/Volume,nof_acetyl
30602,0.7380952380952379,0.8285714285714285,molWeight,C_R1,posCharge/Volume,nof_Fragments,nof_PO4
30718,0.7095238095238096,0.8285714285714285,molWeight,C_R1,nof_PO4,nof_SO3H,nof_OH
30744,0.6476190476190475,0.8285714285714285,molWeight,C_R1,nof_SH,nof_COOH,nof_acetyl
31035,0.7047619047619047,0.8285714285714285,molWeight,C_sp3,negCharge/Volume,nof_PO4,nof_acetyl
31145,0.7666666666666667,0.8523809523809524,molWeight,posCharge/Volume,negCharge/Volume,nof_Fragments,nof_SH
31358,0.7380952380952379,0.8523809523809524,molWeight,nof_RotB,nof_Fragments,nof_COOH,nof_acetyl
31403,0.7047619047619047,0.8285714285714285,molWeight,nof_Fragments,nof_PO4,nof_SH,nof_acetyl
32573,0.6809523809523811,0.8285714285714285,molVolume,molLogP,PSA/Area,nof_HBA,C_R2
32619,0.6523809523809525,0.8285714285714285,molVolume,molLogP,PSA/Area,molCharge_total,negCharge/Volume
32650,0.7,0.8285714285714285,molVolume,molLogP,PSA/Area,Complexity,a_heavy
