,Random Forest HOO Accuracy,Decision Tree HOO Accuracy,Feature  1,Feature  2,Feature  3,Feature  4
29,0.8523809523809524,0.7714285714285714,molWeight,molVolume,molLogS,molPSA
52,0.8285714285714285,0.6095238095238096,molWeight,molVolume,molLogS,nof_SH
69,0.8285714285714285,0.7285714285714285,molWeight,molVolume,molPSA,C_R2
88,0.8523809523809524,0.7428571428571429,molWeight,molVolume,molArea,nof_HBD
102,0.8523809523809524,0.6809523809523811,molWeight,molVolume,molArea,nof_Fragments
107,0.8523809523809524,0.7047619047619047,molWeight,molVolume,molArea,nof_COOH
135,0.8285714285714286,0.7428571428571429,molWeight,molVolume,nof_Atoms,nof_Chirals
161,0.8285714285714285,0.6761904761904762,molWeight,molVolume,nof_Chirals,molCharge_total
165,0.8476190476190476,0.6666666666666667,molWeight,molVolume,nof_Chirals,nof_negCharge
177,0.8523809523809524,0.7952380952380953,molWeight,molVolume,nof_Chirals,nof_SH
179,0.8285714285714285,0.7,molWeight,molVolume,nof_Chirals,nof_COOH
180,0.8523809523809524,0.6761904761904762,molWeight,molVolume,nof_Chirals,nof_OH
186,0.8476190476190476,0.6666666666666667,molWeight,molVolume,nof_HBA,nof_posCharge
209,0.8523809523809524,0.7047619047619047,molWeight,molVolume,nof_HBD,a_heavy
210,0.8285714285714286,0.6476190476190475,molWeight,molVolume,nof_HBD,C_R2
221,0.8523809523809524,0.7380952380952379,molWeight,molVolume,nof_HBD,nof_NH2
222,0.8571428571428571,0.7380952380952381,molWeight,molVolume,nof_HBD,nof_COOH
226,0.8523809523809524,0.6238095238095238,molWeight,molVolume,molCharge_total,Complexity
238,0.8285714285714286,0.7047619047619047,molWeight,molVolume,molCharge_total,nof_PO4
261,0.8523809523809524,0.6095238095238096,molWeight,molVolume,nof_Rings,nof_COOH
268,0.8285714285714285,0.7619047619047621,molWeight,molVolume,Complexity,C_R1
283,0.8523809523809524,0.5904761904761904,molWeight,molVolume,nof_posCharge,a_heavy
284,0.8285714285714286,0.6809523809523811,molWeight,molVolume,nof_posCharge,C_R2
297,0.8285714285714285,0.6761904761904762,molWeight,molVolume,nof_posCharge,nof_OH
305,0.8476190476190476,0.5904761904761904,molWeight,molVolume,nof_negCharge,negCharge/Volume
312,0.8285714285714285,0.5666666666666667,molWeight,molVolume,nof_negCharge,nof_COOH
324,0.8523809523809524,0.6476190476190475,molWeight,molVolume,a_heavy,nof_SO3H
329,0.8571428571428571,0.7285714285714285,molWeight,molVolume,a_heavy,nof_acetyl
333,0.8571428571428571,0.5619047619047619,molWeight,molVolume,C_R2,posCharge/Volume
334,0.8476190476190476,0.5571428571428572,molWeight,molVolume,C_R2,negCharge/Volume
337,0.8523809523809524,0.6476190476190475,molWeight,molVolume,C_R2,nof_PO4
340,0.8523809523809524,0.7047619047619047,molWeight,molVolume,C_R2,nof_NH2
362,0.8285714285714285,0.6809523809523811,molWeight,molVolume,C_R0,nof_PO4
379,0.8571428571428571,0.6761904761904762,molWeight,molVolume,C_sp3,nof_acetyl
383,0.8476190476190476,0.7333333333333333,molWeight,molVolume,posCharge/Volume,nof_PO4
384,0.8428571428571429,0.6666666666666667,molWeight,molVolume,posCharge/Volume,nof_SO3H
385,0.8523809523809524,0.6761904761904762,molWeight,molVolume,posCharge/Volume,nof_SH
386,0.8476190476190476,0.5761904761904761,molWeight,molVolume,posCharge/Volume,nof_NH2
404,0.8285714285714285,0.6238095238095238,molWeight,molVolume,nof_RotB,nof_COOH
413,0.8523809523809524,0.7714285714285714,molWeight,molVolume,nof_Fragments,nof_acetyl
415,0.8523809523809524,0.6761904761904762,molWeight,molVolume,nof_PO4,nof_SH
419,0.8285714285714285,0.6142857142857142,molWeight,molVolume,nof_PO4,nof_acetyl
422,0.8523809523809524,0.6190476190476191,molWeight,molVolume,nof_SO3H,nof_COOH
425,0.8523809523809524,0.5619047619047619,molWeight,molVolume,nof_SH,nof_NH2
513,0.8285714285714286,0.6523809523809524,molWeight,molLogP,molArea,nof_COOH
572,0.8523809523809524,0.6809523809523811,molWeight,molLogP,nof_Chirals,a_heavy
615,0.8285714285714285,0.6,molWeight,molLogP,nof_HBD,a_heavy
622,0.8285714285714285,0.6523809523809524,molWeight,molLogP,nof_HBD,nof_RotB
633,0.8523809523809524,0.6714285714285714,molWeight,molLogP,molCharge_total,nof_posCharge
640,0.8285714285714285,0.7095238095238096,molWeight,molLogP,molCharge_total,posCharge/Volume
880,0.8285714285714285,0.6761904761904762,molWeight,molLogS,molArea,C_R1
886,0.8523809523809524,0.8,molWeight,molLogS,molArea,nof_Fragments
889,0.8285714285714285,0.7047619047619047,molWeight,molLogS,molArea,nof_SH
974,0.8285714285714285,0.7952380952380953,molWeight,molLogS,nof_HBA,C_R1
1025,0.8428571428571429,0.5904761904761904,molWeight,molLogS,molCharge_total,nof_NH2
1034,0.8571428571428571,0.6428571428571429,molWeight,molLogS,nof_Rings,C_R1
1060,0.8285714285714285,0.7047619047619047,molWeight,molLogS,Complexity,nof_SO3H
1088,0.8285714285714285,0.5333333333333333,molWeight,molLogS,nof_negCharge,posCharge/Volume
1149,0.8285714285714285,0.6428571428571429,molWeight,molLogS,C_R0,nof_NH2
1186,0.8523809523809524,0.5476190476190476,molWeight,molLogS,nof_RotB,nof_SH
1226,0.8571428571428571,0.7952380952380953,molWeight,molPSA,molArea,Complexity
1228,0.8285714285714285,0.6190476190476191,molWeight,molPSA,molArea,nof_negCharge
1267,0.8285714285714285,0.6476190476190475,molWeight,molPSA,PSA/Area,nof_COOH
1332,0.8285714285714286,0.7619047619047619,molWeight,molPSA,nof_HBA,nof_PO4
1361,0.8571428571428573,0.7333333333333333,molWeight,molPSA,molCharge_total,Complexity
1376,0.8523809523809524,0.7047619047619047,molWeight,molPSA,molCharge_total,nof_NH2
1379,0.8285714285714285,0.7095238095238096,molWeight,molPSA,molCharge_total,nof_acetyl
1400,0.8571428571428571,0.7619047619047619,molWeight,molPSA,Complexity,nof_negCharge
1408,0.8285714285714285,0.7380952380952381,molWeight,molPSA,Complexity,nof_RotB
1411,0.8761904761904763,0.8190476190476189,molWeight,molPSA,Complexity,nof_SO3H
1443,0.8285714285714285,0.7333333333333333,molWeight,molPSA,nof_negCharge,nof_PO4
1445,0.8523809523809524,0.7380952380952381,molWeight,molPSA,nof_negCharge,nof_SH
1447,0.8571428571428573,0.6476190476190475,molWeight,molPSA,nof_negCharge,nof_COOH
1459,0.8285714285714285,0.7666666666666667,molWeight,molPSA,a_heavy,nof_SO3H
1531,0.8523809523809524,0.7,molWeight,molPSA,negCharge/Volume,nof_COOH
1557,0.8571428571428571,0.7,molWeight,molPSA,nof_SO3H,nof_COOH
1561,0.8476190476190476,0.7380952380952381,molWeight,molPSA,nof_SH,nof_COOH
1567,0.8476190476190476,0.7047619047619047,molWeight,molPSA,nof_COOH,nof_OH
1574,0.8809523809523808,0.7142857142857143,molWeight,molArea,PSA/Area,molCharge_total
1580,0.8285714285714286,0.7571428571428571,molWeight,molArea,PSA/Area,C_R2
1599,0.8285714285714285,0.6523809523809525,molWeight,molArea,nof_Atoms,nof_Rings
1609,0.8571428571428571,0.7428571428571428,molWeight,molArea,nof_Atoms,negCharge/Volume
1612,0.8809523809523808,0.7380952380952381,molWeight,molArea,nof_Atoms,nof_PO4
1613,0.8285714285714285,0.8238095238095239,molWeight,molArea,nof_Atoms,nof_SO3H
1624,0.880952380952381,0.6523809523809524,molWeight,molArea,nof_Chirals,nof_posCharge
1626,0.8523809523809524,0.7,molWeight,molArea,nof_Chirals,a_heavy
1628,0.8285714285714286,0.7047619047619047,molWeight,molArea,nof_Chirals,C_R1
1631,0.8571428571428571,0.7,molWeight,molArea,nof_Chirals,posCharge/Volume
1632,0.9095238095238096,0.6428571428571429,molWeight,molArea,nof_Chirals,negCharge/Volume
1634,0.8571428571428571,0.7285714285714285,molWeight,molArea,nof_Chirals,nof_Fragments
1635,0.8285714285714285,0.6428571428571428,molWeight,molArea,nof_Chirals,nof_PO4
1638,0.8285714285714285,0.6476190476190475,molWeight,molArea,nof_Chirals,nof_NH2
1646,0.8285714285714285,0.6952380952380953,molWeight,molArea,nof_HBA,nof_posCharge
1652,0.8285714285714285,0.8238095238095239,molWeight,molArea,nof_HBA,C_sp3
1655,0.8523809523809524,0.6428571428571429,molWeight,molArea,nof_HBA,nof_RotB
1658,0.8523809523809524,0.7380952380952381,molWeight,molArea,nof_HBA,nof_SO3H
1685,0.8571428571428571,0.7095238095238096,molWeight,molArea,molCharge_total,nof_Rings
1691,0.8476190476190476,0.6666666666666667,molWeight,molArea,molCharge_total,C_R1
1695,0.8523809523809524,0.7619047619047619,molWeight,molArea,molCharge_total,negCharge/Volume
1696,0.8285714285714285,0.7619047619047619,molWeight,molArea,molCharge_total,nof_RotB
1699,0.8571428571428571,0.7285714285714285,molWeight,molArea,molCharge_total,nof_SO3H
1702,0.8285714285714285,0.7,molWeight,molArea,molCharge_total,nof_COOH
1708,0.8523809523809524,0.7333333333333333,molWeight,molArea,nof_Rings,a_heavy
1717,0.8523809523809524,0.7047619047619047,molWeight,molArea,nof_Rings,nof_PO4
1718,0.8809523809523808,0.7,molWeight,molArea,nof_Rings,nof_SO3H
1719,0.8285714285714285,0.7619047619047619,molWeight,molArea,nof_Rings,nof_SH
1724,0.8523809523809524,0.8285714285714285,molWeight,molArea,Complexity,nof_posCharge
1725,0.8523809523809524,0.8476190476190476,molWeight,molArea,Complexity,nof_negCharge
1727,0.8523809523809524,0.8238095238095239,molWeight,molArea,Complexity,C_R2
1729,0.8571428571428573,0.7952380952380952,molWeight,molArea,Complexity,C_R0
1730,0.8285714285714286,0.7523809523809525,molWeight,molArea,Complexity,C_sp3
1732,0.8571428571428571,0.7380952380952379,molWeight,molArea,Complexity,negCharge/Volume
1736,0.8523809523809524,0.8190476190476191,molWeight,molArea,Complexity,nof_SO3H
1737,0.880952380952381,0.8523809523809524,molWeight,molArea,Complexity,nof_SH
1740,0.8571428571428573,0.7904761904761906,molWeight,molArea,Complexity,nof_OH
1747,0.8523809523809524,0.7666666666666667,molWeight,molArea,nof_posCharge,C_sp3
1751,0.8571428571428573,0.8285714285714286,molWeight,molArea,nof_posCharge,nof_Fragments
1756,0.8285714285714285,0.6476190476190475,molWeight,molArea,nof_posCharge,nof_COOH
1775,0.8571428571428573,0.6476190476190475,molWeight,molArea,a_heavy,C_R2
1782,0.8285714285714285,0.7333333333333333,molWeight,molArea,a_heavy,nof_Fragments
1785,0.8285714285714285,0.7047619047619047,molWeight,molArea,a_heavy,nof_SH
1787,0.8571428571428573,0.7142857142857142,molWeight,molArea,a_heavy,nof_COOH
1797,0.8285714285714286,0.7095238095238094,molWeight,molArea,C_R2,nof_PO4
1798,0.8523809523809524,0.7666666666666667,molWeight,molArea,C_R2,nof_SO3H
1799,0.8571428571428573,0.6809523809523811,molWeight,molArea,C_R2,nof_SH
1803,0.8523809523809524,0.7142857142857142,molWeight,molArea,C_R2,nof_acetyl
1806,0.8571428571428571,0.7333333333333333,molWeight,molArea,C_R1,posCharge/Volume
1807,0.880952380952381,0.6476190476190475,molWeight,molArea,C_R1,negCharge/Volume
1812,0.8523809523809524,0.7380952380952381,molWeight,molArea,C_R1,nof_SH
1814,0.8285714285714285,0.6666666666666667,molWeight,molArea,C_R1,nof_COOH
1831,0.8571428571428571,0.7047619047619047,molWeight,molArea,C_sp3,nof_RotB
1838,0.880952380952381,0.6523809523809525,molWeight,molArea,C_sp3,nof_OH
1843,0.880952380952381,0.7333333333333333,molWeight,molArea,posCharge/Volume,nof_PO4
1848,0.8809523809523808,0.6714285714285714,molWeight,molArea,posCharge/Volume,nof_OH
1851,0.8571428571428571,0.7904761904761904,molWeight,molArea,negCharge/Volume,nof_Fragments
1856,0.8571428571428571,0.5857142857142857,molWeight,molArea,negCharge/Volume,nof_COOH
1858,0.8476190476190476,0.6761904761904762,molWeight,molArea,negCharge/Volume,nof_acetyl
1864,0.8571428571428573,0.6190476190476191,molWeight,molArea,nof_RotB,nof_COOH
1868,0.8285714285714285,0.7428571428571428,molWeight,molArea,nof_Fragments,nof_SO3H
1878,0.8523809523809524,0.7428571428571428,molWeight,molArea,nof_PO4,nof_OH
1883,0.8571428571428571,0.7333333333333333,molWeight,molArea,nof_SO3H,nof_OH
1886,0.8285714285714285,0.7333333333333333,molWeight,molArea,nof_SH,nof_COOH
1887,0.8523809523809524,0.7047619047619047,molWeight,molArea,nof_SH,nof_OH
2004,0.8285714285714285,0.7380952380952379,molWeight,PSA/Area,molCharge_total,nof_acetyl
2025,0.8285714285714285,0.7666666666666667,molWeight,PSA/Area,Complexity,nof_negCharge
2056,0.8523809523809524,0.8,molWeight,PSA/Area,nof_posCharge,nof_COOH
2068,0.8857142857142858,0.7714285714285714,molWeight,PSA/Area,nof_negCharge,nof_PO4
2072,0.8571428571428571,0.7,molWeight,PSA/Area,nof_negCharge,nof_COOH
2073,0.8523809523809524,0.7380952380952381,molWeight,PSA/Area,nof_negCharge,nof_OH
2093,0.8285714285714286,0.7666666666666667,molWeight,PSA/Area,C_R2,posCharge/Volume
2143,0.8285714285714286,0.7285714285714285,molWeight,PSA/Area,posCharge/Volume,nof_PO4
2164,0.8571428571428571,0.7428571428571428,molWeight,PSA/Area,nof_RotB,nof_COOH
2188,0.8571428571428571,0.7,molWeight,PSA/Area,nof_SH,nof_acetyl
2190,0.8857142857142858,0.7380952380952379,molWeight,PSA/Area,nof_NH2,nof_OH
2253,0.8523809523809524,0.6523809523809524,molWeight,nof_Atoms,nof_HBD,nof_Fragments
2255,0.8285714285714285,0.6428571428571429,molWeight,nof_Atoms,nof_HBD,nof_SO3H
2262,0.8285714285714285,0.7,molWeight,nof_Atoms,molCharge_total,Complexity
2272,0.8285714285714285,0.7095238095238096,molWeight,nof_Atoms,molCharge_total,nof_RotB
2300,0.8523809523809524,0.7619047619047619,molWeight,nof_Atoms,Complexity,nof_posCharge
2324,0.8571428571428573,0.7238095238095238,molWeight,nof_Atoms,nof_posCharge,posCharge/Volume
2348,0.8285714285714285,0.7428571428571429,molWeight,nof_Atoms,nof_negCharge,nof_COOH
2449,0.8476190476190476,0.6857142857142857,molWeight,nof_Atoms,nof_Fragments,nof_acetyl
2474,0.8571428571428571,0.8238095238095238,molWeight,nof_Chirals,nof_HBA,Complexity
2484,0.8857142857142858,0.6428571428571429,molWeight,nof_Chirals,nof_HBA,nof_RotB
2488,0.8285714285714285,0.6809523809523811,molWeight,nof_Chirals,nof_HBA,nof_SH
2493,0.8285714285714285,0.7333333333333333,molWeight,nof_Chirals,nof_HBD,molCharge_total
2534,0.8523809523809524,0.8238095238095238,molWeight,nof_Chirals,nof_Rings,Complexity
2538,0.8571428571428571,0.5619047619047619,molWeight,nof_Chirals,nof_Rings,C_R2
2542,0.8285714285714285,0.7047619047619047,molWeight,nof_Chirals,nof_Rings,posCharge/Volume
2560,0.8476190476190476,0.7952380952380953,molWeight,nof_Chirals,Complexity,posCharge/Volume
2564,0.8523809523809524,0.7523809523809525,molWeight,nof_Chirals,Complexity,nof_PO4
2568,0.8571428571428571,0.7619047619047621,molWeight,nof_Chirals,Complexity,nof_COOH
2600,0.8523809523809524,0.7047619047619047,molWeight,nof_Chirals,nof_negCharge,nof_NH2
2606,0.8285714285714286,0.6428571428571429,molWeight,nof_Chirals,a_heavy,C_R0
2624,0.8571428571428571,0.6571428571428571,molWeight,nof_Chirals,C_R2,nof_RotB
2726,0.8285714285714285,0.8285714285714285,molWeight,nof_HBA,nof_HBD,Complexity
2750,0.8857142857142858,0.7333333333333333,molWeight,nof_HBA,molCharge_total,C_R2
2756,0.8571428571428571,0.6476190476190476,molWeight,nof_HBA,molCharge_total,nof_RotB
2757,0.8857142857142858,0.7714285714285714,molWeight,nof_HBA,molCharge_total,nof_Fragments
2758,0.8285714285714285,0.7047619047619047,molWeight,nof_HBA,molCharge_total,nof_PO4
2763,0.8285714285714286,0.6809523809523811,molWeight,nof_HBA,molCharge_total,nof_OH
2764,0.8285714285714285,0.7952380952380953,molWeight,nof_HBA,molCharge_total,nof_acetyl
2767,0.8285714285714285,0.7333333333333333,molWeight,nof_HBA,nof_Rings,nof_negCharge
2775,0.8523809523809524,0.6476190476190475,molWeight,nof_HBA,nof_Rings,nof_RotB
2785,0.8571428571428571,0.7904761904761904,molWeight,nof_HBA,Complexity,nof_negCharge
2795,0.8285714285714285,0.8523809523809524,molWeight,nof_HBA,Complexity,nof_PO4
2822,0.8285714285714285,0.7333333333333333,molWeight,nof_HBA,nof_negCharge,C_R0
2830,0.8571428571428571,0.7714285714285714,molWeight,nof_HBA,nof_negCharge,nof_SH
2831,0.880952380952381,0.6761904761904761,molWeight,nof_HBA,nof_negCharge,nof_NH2
2878,0.8285714285714285,0.7380952380952381,molWeight,nof_HBA,C_R0,posCharge/Volume
2905,0.8285714285714285,0.6761904761904762,molWeight,nof_HBA,posCharge/Volume,nof_SH
2907,0.8571428571428571,0.7,molWeight,nof_HBA,posCharge/Volume,nof_COOH
2914,0.8285714285714285,0.7666666666666667,molWeight,nof_HBA,negCharge/Volume,nof_SH
2936,0.8285714285714285,0.6333333333333333,molWeight,nof_HBA,nof_PO4,nof_NH2
2937,0.8523809523809524,0.7,molWeight,nof_HBA,nof_PO4,nof_COOH
2942,0.8523809523809524,0.7285714285714284,molWeight,nof_HBA,nof_SO3H,nof_COOH
2952,0.8476190476190476,0.7047619047619047,molWeight,nof_HBA,nof_COOH,nof_OH
2956,0.8857142857142858,0.8,molWeight,nof_HBD,molCharge_total,Complexity
2981,0.8285714285714286,0.7047619047619047,molWeight,nof_HBD,nof_Rings,C_R0
3008,0.9142857142857144,0.7095238095238096,molWeight,nof_HBD,Complexity,nof_NH2
3011,0.8523809523809524,0.7142857142857142,molWeight,nof_HBD,Complexity,nof_acetyl
3030,0.8571428571428571,0.7095238095238096,molWeight,nof_HBD,nof_negCharge,C_R2
3034,0.8285714285714285,0.6190476190476191,molWeight,nof_HBD,nof_negCharge,posCharge/Volume
3035,0.8761904761904763,0.6761904761904761,molWeight,nof_HBD,nof_negCharge,negCharge/Volume
3037,0.8285714285714285,0.6809523809523811,molWeight,nof_HBD,nof_negCharge,nof_Fragments
3043,0.8476190476190476,0.7333333333333333,molWeight,nof_HBD,nof_negCharge,nof_OH
3044,0.8285714285714285,0.7047619047619047,molWeight,nof_HBD,nof_negCharge,nof_acetyl
3135,0.8285714285714285,0.7095238095238096,molWeight,nof_HBD,nof_RotB,nof_OH
3152,0.8523809523809524,0.6857142857142857,molWeight,nof_HBD,nof_SO3H,nof_COOH
3159,0.8523809523809524,0.6571428571428571,molWeight,nof_HBD,nof_NH2,nof_COOH
3184,0.8571428571428571,0.7619047619047619,molWeight,molCharge_total,Complexity,nof_posCharge
3187,0.8571428571428571,0.8285714285714286,molWeight,molCharge_total,Complexity,C_R2
3188,0.8523809523809524,0.7047619047619047,molWeight,molCharge_total,Complexity,C_R1
3191,0.8857142857142858,0.7952380952380953,molWeight,molCharge_total,Complexity,posCharge/Volume
3195,0.8761904761904763,0.7714285714285714,molWeight,molCharge_total,Complexity,nof_PO4
3198,0.8571428571428571,0.7,molWeight,molCharge_total,Complexity,nof_NH2
3200,0.9095238095238096,0.6761904761904761,molWeight,molCharge_total,Complexity,nof_OH
3201,0.8857142857142858,0.7428571428571429,molWeight,molCharge_total,Complexity,nof_acetyl
3227,0.8523809523809524,0.7380952380952381,molWeight,molCharge_total,nof_negCharge,nof_Fragments
3233,0.8523809523809524,0.6476190476190475,molWeight,molCharge_total,nof_negCharge,nof_OH
3255,0.8285714285714285,0.6809523809523811,molWeight,molCharge_total,C_R2,nof_RotB
3287,0.8285714285714285,0.5571428571428572,molWeight,molCharge_total,C_R0,nof_OH
3336,0.8523809523809524,0.5904761904761904,molWeight,molCharge_total,nof_PO4,nof_NH2
3343,0.8476190476190476,0.6761904761904761,molWeight,molCharge_total,nof_SO3H,nof_OH
3349,0.8571428571428571,0.7571428571428571,molWeight,molCharge_total,nof_NH2,nof_COOH
3356,0.8571428571428573,0.8238095238095239,molWeight,nof_Rings,Complexity,nof_negCharge
3358,0.8285714285714285,0.8190476190476189,molWeight,nof_Rings,Complexity,C_R2
3363,0.8523809523809524,0.7714285714285715,molWeight,nof_Rings,Complexity,negCharge/Volume
3366,0.8285714285714285,0.7380952380952381,molWeight,nof_Rings,Complexity,nof_PO4
3369,0.8285714285714285,0.8,molWeight,nof_Rings,Complexity,nof_NH2
3371,0.880952380952381,0.7095238095238096,molWeight,nof_Rings,Complexity,nof_OH
3392,0.8523809523809524,0.7428571428571428,molWeight,nof_Rings,nof_negCharge,C_R1
3397,0.8285714285714285,0.6238095238095238,molWeight,nof_Rings,nof_negCharge,nof_RotB
3399,0.8571428571428571,0.7380952380952379,molWeight,nof_Rings,nof_negCharge,nof_PO4
3406,0.8523809523809524,0.6523809523809524,molWeight,nof_Rings,a_heavy,C_R2
3412,0.8571428571428571,0.7095238095238094,molWeight,nof_Rings,a_heavy,nof_RotB
3415,0.8571428571428573,0.6809523809523811,molWeight,nof_Rings,a_heavy,nof_SO3H
3418,0.8285714285714285,0.7333333333333333,molWeight,nof_Rings,a_heavy,nof_COOH
3443,0.8285714285714285,0.8238095238095239,molWeight,nof_Rings,C_R1,nof_SH
3451,0.8285714285714285,0.5285714285714286,molWeight,nof_Rings,C_R0,nof_RotB
3457,0.8285714285714285,0.7047619047619047,molWeight,nof_Rings,C_R0,nof_COOH
3473,0.8571428571428573,0.7333333333333333,molWeight,nof_Rings,posCharge/Volume,nof_Fragments
3478,0.8285714285714285,0.7047619047619047,molWeight,nof_Rings,posCharge/Volume,nof_COOH
3481,0.8523809523809524,0.7619047619047619,molWeight,nof_Rings,negCharge/Volume,nof_RotB
3496,0.8476190476190476,0.6952380952380953,molWeight,nof_Rings,nof_RotB,nof_OH
3498,0.8571428571428573,0.6142857142857142,molWeight,nof_Rings,nof_Fragments,nof_PO4
3512,0.8285714285714285,0.7380952380952381,molWeight,nof_Rings,nof_SO3H,nof_NH2
3522,0.8285714285714285,0.7952380952380953,molWeight,nof_Rings,nof_NH2,nof_acetyl
3526,0.8571428571428571,0.8238095238095239,molWeight,Complexity,nof_posCharge,nof_negCharge
3537,0.8857142857142858,0.7285714285714285,molWeight,Complexity,nof_posCharge,nof_SO3H
3543,0.8285714285714285,0.7952380952380953,molWeight,Complexity,nof_negCharge,a_heavy
3544,0.8857142857142858,0.6761904761904762,molWeight,Complexity,nof_negCharge,C_R2
3548,0.8523809523809524,0.7,molWeight,Complexity,nof_negCharge,posCharge/Volume
3552,0.8523809523809524,0.8,molWeight,Complexity,nof_negCharge,nof_PO4
3553,0.8571428571428571,0.7952380952380953,molWeight,Complexity,nof_negCharge,nof_SO3H
3556,0.880952380952381,0.7952380952380953,molWeight,Complexity,nof_negCharge,nof_COOH
3558,0.8857142857142858,0.8523809523809524,molWeight,Complexity,nof_negCharge,nof_acetyl
3567,0.8285714285714285,0.8,molWeight,Complexity,a_heavy,nof_PO4
3579,0.8523809523809524,0.7380952380952379,molWeight,Complexity,C_R2,nof_RotB
3583,0.8285714285714285,0.7666666666666667,molWeight,Complexity,C_R2,nof_SH
3586,0.8285714285714285,0.8,molWeight,Complexity,C_R2,nof_OH
3591,0.8523809523809524,0.8238095238095239,molWeight,Complexity,C_R1,negCharge/Volume
3592,0.8285714285714286,0.7952380952380953,molWeight,Complexity,C_R1,nof_RotB
3594,0.8285714285714285,0.7095238095238096,molWeight,Complexity,C_R1,nof_PO4
3597,0.8523809523809524,0.7095238095238096,molWeight,Complexity,C_R1,nof_NH2
3598,0.8285714285714285,0.7333333333333333,molWeight,Complexity,C_R1,nof_COOH
3599,0.8571428571428571,0.8190476190476191,molWeight,Complexity,C_R1,nof_OH
3600,0.8285714285714285,0.7047619047619047,molWeight,Complexity,C_R1,nof_acetyl
3610,0.8476190476190476,0.7285714285714285,molWeight,Complexity,C_R0,nof_COOH
3631,0.8857142857142858,0.7,molWeight,Complexity,posCharge/Volume,nof_COOH
3632,0.8571428571428573,0.7952380952380953,molWeight,Complexity,posCharge/Volume,nof_OH
3639,0.8285714285714286,0.7714285714285715,molWeight,Complexity,negCharge/Volume,nof_NH2
3650,0.8523809523809524,0.7428571428571429,molWeight,Complexity,nof_RotB,nof_acetyl
3658,0.8476190476190476,0.7571428571428571,molWeight,Complexity,nof_PO4,nof_SO3H
3661,0.8523809523809524,0.7380952380952381,molWeight,Complexity,nof_PO4,nof_COOH
3665,0.8476190476190476,0.8523809523809524,molWeight,Complexity,nof_SO3H,nof_NH2
3670,0.8809523809523808,0.7380952380952379,molWeight,Complexity,nof_SH,nof_COOH
3676,0.8571428571428571,0.7904761904761904,molWeight,Complexity,nof_COOH,nof_OH
3677,0.9095238095238096,0.7095238095238094,molWeight,Complexity,nof_COOH,nof_acetyl
3686,0.8285714285714285,0.6476190476190475,molWeight,nof_posCharge,nof_negCharge,nof_RotB
3697,0.8476190476190476,0.6190476190476191,molWeight,nof_posCharge,a_heavy,C_R0
3741,0.8285714285714286,0.6285714285714286,molWeight,nof_posCharge,C_R0,nof_Fragments
3746,0.8285714285714285,0.6285714285714286,molWeight,nof_posCharge,C_R0,nof_COOH
3762,0.8285714285714285,0.7380952380952381,molWeight,nof_posCharge,posCharge/Volume,nof_Fragments
3766,0.8476190476190476,0.6857142857142857,molWeight,nof_posCharge,posCharge/Volume,nof_NH2
3784,0.8285714285714285,0.7380952380952381,molWeight,nof_posCharge,nof_RotB,nof_COOH
3796,0.8285714285714285,0.7047619047619047,molWeight,nof_posCharge,nof_PO4,nof_NH2
3807,0.8285714285714286,0.6476190476190475,molWeight,nof_posCharge,nof_SH,nof_OH
3810,0.8285714285714286,0.6714285714285715,molWeight,nof_posCharge,nof_NH2,nof_OH
3831,0.8523809523809524,0.6238095238095238,molWeight,nof_negCharge,C_R2,C_R0
3842,0.8523809523809524,0.6428571428571429,molWeight,nof_negCharge,C_R2,nof_OH
3880,0.880952380952381,0.6476190476190475,molWeight,nof_negCharge,posCharge/Volume,negCharge/Volume
3914,0.8571428571428573,0.7047619047619047,molWeight,nof_negCharge,nof_PO4,nof_SO3H
3918,0.8285714285714285,0.7047619047619047,molWeight,nof_negCharge,nof_PO4,nof_OH
3921,0.8571428571428571,0.6809523809523811,molWeight,nof_negCharge,nof_SO3H,nof_NH2
3922,0.8285714285714285,0.6523809523809525,molWeight,nof_negCharge,nof_SO3H,nof_COOH
3940,0.8523809523809524,0.5904761904761904,molWeight,a_heavy,C_R2,nof_RotB
3985,0.8285714285714285,0.6476190476190475,molWeight,a_heavy,posCharge/Volume,negCharge/Volume
3990,0.8285714285714285,0.7857142857142857,molWeight,a_heavy,posCharge/Volume,nof_SH
3993,0.8571428571428571,0.6238095238095238,molWeight,a_heavy,posCharge/Volume,nof_OH
3995,0.8285714285714286,0.7380952380952381,molWeight,a_heavy,negCharge/Volume,nof_RotB
4005,0.8285714285714285,0.6761904761904762,molWeight,a_heavy,nof_RotB,nof_PO4
4006,0.8523809523809524,0.5952380952380952,molWeight,a_heavy,nof_RotB,nof_SO3H
4010,0.8571428571428571,0.5571428571428572,molWeight,a_heavy,nof_RotB,nof_OH
4011,0.880952380952381,0.7619047619047619,molWeight,a_heavy,nof_RotB,nof_acetyl
4030,0.8523809523809524,0.7095238095238094,molWeight,a_heavy,nof_SH,nof_NH2
4034,0.8285714285714285,0.6666666666666667,molWeight,a_heavy,nof_NH2,nof_COOH
4050,0.8571428571428573,0.5333333333333333,molWeight,C_R2,C_R1,nof_COOH
4077,0.8523809523809524,0.7333333333333333,molWeight,C_R2,posCharge/Volume,nof_RotB
4078,0.8571428571428573,0.7333333333333333,molWeight,C_R2,posCharge/Volume,nof_Fragments
4102,0.8285714285714286,0.6809523809523811,molWeight,C_R2,nof_RotB,nof_acetyl
4110,0.8285714285714285,0.7047619047619047,molWeight,C_R2,nof_PO4,nof_SO3H
4113,0.8523809523809524,0.6761904761904762,molWeight,C_R2,nof_PO4,nof_COOH
4164,0.8476190476190476,0.6809523809523811,molWeight,C_R1,negCharge/Volume,nof_RotB
4181,0.8285714285714285,0.6428571428571428,molWeight,C_R1,nof_Fragments,nof_PO4
4285,0.8285714285714285,0.5904761904761904,molWeight,C_sp3,negCharge/Volume,nof_RotB
4340,0.8285714285714285,0.7666666666666667,molWeight,posCharge/Volume,nof_RotB,nof_PO4
4341,0.8285714285714285,0.6142857142857142,molWeight,posCharge/Volume,nof_RotB,nof_SO3H
4343,0.9142857142857144,0.5619047619047619,molWeight,posCharge/Volume,nof_RotB,nof_NH2
4346,0.8523809523809524,0.6523809523809524,molWeight,posCharge/Volume,nof_RotB,nof_acetyl
4349,0.880952380952381,0.7428571428571429,molWeight,posCharge/Volume,nof_Fragments,nof_SH
4398,0.8285714285714285,0.6523809523809524,molWeight,negCharge/Volume,nof_SO3H,nof_COOH
4402,0.8857142857142858,0.7047619047619047,molWeight,negCharge/Volume,nof_SH,nof_COOH
4405,0.8476190476190476,0.5857142857142856,molWeight,negCharge/Volume,nof_NH2,nof_COOH
4407,0.8285714285714285,0.7,molWeight,negCharge/Volume,nof_NH2,nof_acetyl
4419,0.8523809523809524,0.6238095238095238,molWeight,nof_RotB,nof_PO4,nof_SH
4429,0.8571428571428571,0.6142857142857142,molWeight,nof_RotB,nof_SH,nof_NH2
4438,0.8285714285714285,0.6761904761904762,molWeight,nof_RotB,nof_OH,nof_acetyl
4452,0.8285714285714286,0.5523809523809524,molWeight,nof_Fragments,nof_SH,nof_OH
4469,0.8285714285714285,0.7380952380952381,molWeight,nof_PO4,nof_NH2,nof_COOH
4475,0.8285714285714285,0.6714285714285715,molWeight,nof_SO3H,nof_SH,nof_NH2
4476,0.8571428571428571,0.6857142857142857,molWeight,nof_SO3H,nof_SH,nof_COOH
4486,0.8285714285714285,0.6714285714285714,molWeight,nof_SH,nof_NH2,nof_OH
4911,0.8285714285714285,0.6142857142857142,molVolume,molLogS,molPSA,nof_negCharge
4995,0.8285714285714285,0.5857142857142856,molVolume,molLogS,nof_Atoms,nof_Fragments
5007,0.8523809523809524,0.7095238095238094,molVolume,molLogS,nof_Chirals,Complexity
5038,0.8285714285714285,0.6428571428571429,molVolume,molLogS,nof_HBA,negCharge/Volume
5109,0.880952380952381,0.7619047619047619,molVolume,molLogS,Complexity,nof_negCharge
5110,0.880952380952381,0.7619047619047621,molVolume,molLogS,Complexity,a_heavy
5114,0.8571428571428573,0.6190476190476191,molVolume,molLogS,Complexity,C_sp3
5115,0.8857142857142858,0.7142857142857143,molVolume,molLogS,Complexity,posCharge/Volume
5123,0.8285714285714285,0.7666666666666667,molVolume,molLogS,Complexity,nof_COOH
5334,0.8285714285714285,0.6476190476190475,molVolume,molPSA,nof_Atoms,nof_Rings
5380,0.8285714285714286,0.8,molVolume,molPSA,nof_HBA,Complexity
5383,0.8285714285714285,0.7047619047619047,molVolume,molPSA,nof_HBA,a_heavy
5460,0.8523809523809524,0.7047619047619047,molVolume,molPSA,Complexity,nof_negCharge
5473,0.8571428571428571,0.6476190476190475,molVolume,molPSA,Complexity,nof_NH2
5675,0.8285714285714285,0.6761904761904761,molVolume,molArea,nof_Atoms,nof_NH2
5746,0.8523809523809524,0.7857142857142857,molVolume,molArea,molCharge_total,Complexity
5784,0.8523809523809524,0.7380952380952379,molVolume,molArea,Complexity,nof_posCharge
5787,0.8523809523809524,0.9142857142857144,molVolume,molArea,Complexity,C_R2
5795,0.8285714285714285,0.7714285714285715,molVolume,molArea,Complexity,nof_PO4
6119,0.8571428571428571,0.7333333333333333,molVolume,PSA/Area,nof_negCharge,a_heavy
6128,0.8285714285714285,0.6761904761904761,molVolume,PSA/Area,nof_negCharge,nof_PO4
6209,0.8571428571428571,0.6857142857142857,molVolume,PSA/Area,posCharge/Volume,nof_acetyl
6532,0.8761904761904763,0.7285714285714286,molVolume,nof_Chirals,nof_HBA,molCharge_total
6536,0.8571428571428571,0.7047619047619047,molVolume,nof_Chirals,nof_HBA,nof_negCharge
6538,0.8476190476190476,0.7428571428571429,molVolume,nof_Chirals,nof_HBA,C_R2
6544,0.8285714285714285,0.7380952380952379,molVolume,nof_Chirals,nof_HBA,nof_RotB
6606,0.8476190476190476,0.7333333333333333,molVolume,nof_Chirals,nof_Rings,nof_PO4
6613,0.8285714285714285,0.6476190476190475,molVolume,nof_Chirals,Complexity,nof_posCharge
6617,0.8571428571428571,0.6714285714285714,molVolume,nof_Chirals,Complexity,C_R1
6626,0.8571428571428571,0.6190476190476191,molVolume,nof_Chirals,Complexity,nof_SH
6628,0.8285714285714285,0.7047619047619047,molVolume,nof_Chirals,Complexity,nof_COOH
6629,0.880952380952381,0.7952380952380953,molVolume,nof_Chirals,Complexity,nof_OH
6796,0.8523809523809524,0.6428571428571429,molVolume,nof_HBA,nof_HBD,nof_RotB
6802,0.8285714285714285,0.7333333333333333,molVolume,nof_HBA,nof_HBD,nof_COOH
6810,0.8571428571428571,0.6190476190476191,molVolume,nof_HBA,molCharge_total,C_R2
6813,0.8523809523809524,0.7619047619047619,molVolume,nof_HBA,molCharge_total,C_sp3
6814,0.8571428571428571,0.7904761904761906,molVolume,nof_HBA,molCharge_total,posCharge/Volume
6816,0.9095238095238096,0.5952380952380952,molVolume,nof_HBA,molCharge_total,nof_RotB
6818,0.880952380952381,0.6952380952380952,molVolume,nof_HBA,molCharge_total,nof_PO4
6865,0.8285714285714285,0.7,molVolume,nof_HBA,nof_posCharge,C_R1
6881,0.8571428571428573,0.7571428571428571,molVolume,nof_HBA,nof_negCharge,C_R1
6884,0.8809523809523808,0.6714285714285714,molVolume,nof_HBA,nof_negCharge,posCharge/Volume
6885,0.8476190476190476,0.6809523809523811,molVolume,nof_HBA,nof_negCharge,negCharge/Volume
6886,0.8857142857142858,0.7666666666666667,molVolume,nof_HBA,nof_negCharge,nof_RotB
6890,0.8523809523809524,0.7714285714285714,molVolume,nof_HBA,nof_negCharge,nof_SH
6892,0.8476190476190476,0.7333333333333333,molVolume,nof_HBA,nof_negCharge,nof_COOH
6921,0.8761904761904763,0.6666666666666667,molVolume,nof_HBA,C_R2,nof_COOH
6962,0.880952380952381,0.6380952380952379,molVolume,nof_HBA,posCharge/Volume,nof_Fragments
6966,0.8571428571428571,0.7095238095238096,molVolume,nof_HBA,posCharge/Volume,nof_NH2
6974,0.8523809523809524,0.6428571428571429,molVolume,nof_HBA,negCharge/Volume,nof_SH
6990,0.8285714285714285,0.6714285714285715,molVolume,nof_HBA,nof_Fragments,nof_NH2
6997,0.8285714285714285,0.7285714285714286,molVolume,nof_HBA,nof_PO4,nof_COOH
7009,0.8523809523809524,0.7047619047619047,molVolume,nof_HBA,nof_NH2,nof_COOH
7016,0.8285714285714285,0.6238095238095238,molVolume,nof_HBD,molCharge_total,Complexity
7065,0.8571428571428571,0.6761904761904762,molVolume,nof_HBD,Complexity,nof_PO4
7070,0.8428571428571429,0.7380952380952381,molVolume,nof_HBD,Complexity,nof_OH
7071,0.8285714285714286,0.7285714285714286,molVolume,nof_HBD,Complexity,nof_acetyl
7401,0.8523809523809524,0.6476190476190475,molVolume,molCharge_total,nof_SO3H,nof_NH2
7409,0.8523809523809524,0.7047619047619047,molVolume,molCharge_total,nof_NH2,nof_COOH
7415,0.8523809523809524,0.8857142857142858,molVolume,nof_Rings,Complexity,nof_posCharge
7418,0.8285714285714285,0.7047619047619047,molVolume,nof_Rings,Complexity,C_R2
7429,0.8285714285714285,0.7619047619047618,molVolume,nof_Rings,Complexity,nof_NH2
7430,0.8285714285714285,0.7666666666666667,molVolume,nof_Rings,Complexity,nof_COOH
7431,0.8476190476190476,0.7571428571428571,molVolume,nof_Rings,Complexity,nof_OH
7488,0.8285714285714285,0.7714285714285715,molVolume,nof_Rings,C_R2,nof_PO4
7531,0.8285714285714285,0.7285714285714285,molVolume,nof_Rings,posCharge/Volume,negCharge/Volume
7597,0.8285714285714285,0.7714285714285715,molVolume,Complexity,nof_posCharge,nof_SO3H
7615,0.8523809523809524,0.6761904761904762,molVolume,Complexity,nof_negCharge,nof_NH2
7616,0.8285714285714285,0.7,molVolume,Complexity,nof_negCharge,nof_COOH
7642,0.8285714285714285,0.7714285714285715,molVolume,Complexity,C_R2,nof_SO3H
7652,0.8523809523809524,0.6666666666666667,molVolume,Complexity,C_R1,nof_RotB
7660,0.8285714285714286,0.6714285714285715,molVolume,Complexity,C_R1,nof_acetyl
7675,0.8571428571428571,0.6714285714285714,molVolume,Complexity,C_sp3,nof_RotB
7689,0.8571428571428573,0.6761904761904762,molVolume,Complexity,posCharge/Volume,nof_SH
7703,0.880952380952381,0.7380952380952381,molVolume,Complexity,nof_RotB,nof_Fragments
7706,0.8285714285714286,0.7285714285714285,molVolume,Complexity,nof_RotB,nof_SH
7727,0.8857142857142858,0.7333333333333333,molVolume,Complexity,nof_SO3H,nof_OH
7730,0.8285714285714285,0.7952380952380953,molVolume,Complexity,nof_SH,nof_COOH
8143,0.8285714285714285,0.6523809523809524,molVolume,C_R2,posCharge/Volume,nof_COOH
9288,0.8285714285714285,0.7380952380952379,molLogP,molArea,PSA/Area,molCharge_total
9400,0.8285714285714285,0.7952380952380953,molLogP,molArea,molCharge_total,Complexity
9762,0.8285714285714285,0.6761904761904762,molLogP,PSA/Area,nof_posCharge,posCharge/Volume
9852,0.8285714285714285,0.6761904761904761,molLogP,PSA/Area,C_sp3,nof_OH
10390,0.8571428571428573,0.6476190476190475,molLogP,nof_Chirals,posCharge/Volume,nof_COOH
10533,0.8285714285714285,0.5857142857142856,molLogP,nof_HBA,nof_negCharge,a_heavy
12262,0.8523809523809524,0.5904761904761904,molLogS,molPSA,nof_Atoms,nof_HBD
12263,0.8523809523809524,0.7095238095238096,molLogS,molPSA,nof_Atoms,molCharge_total
12297,0.8523809523809524,0.6809523809523811,molLogS,molPSA,nof_Chirals,negCharge/Volume
12315,0.8476190476190476,0.7904761904761904,molLogS,molPSA,nof_HBA,C_R1
12416,0.8571428571428571,0.7380952380952379,molLogS,molPSA,nof_posCharge,nof_Fragments
12437,0.8809523809523808,0.7619047619047618,molLogS,molPSA,nof_negCharge,nof_COOH
12472,0.8285714285714285,0.7380952380952381,molLogS,molPSA,C_R1,negCharge/Volume
12479,0.8523809523809524,0.8,molLogS,molPSA,C_R1,nof_COOH
12521,0.8571428571428571,0.7714285714285714,molLogS,molPSA,negCharge/Volume,nof_COOH
12640,0.8523809523809524,0.6761904761904762,molLogS,molArea,nof_HBA,C_R1
12649,0.8571428571428571,0.6809523809523811,molLogS,molArea,nof_HBA,nof_SH
12695,0.8285714285714285,0.8285714285714285,molLogS,molArea,nof_Rings,Complexity
12714,0.8523809523809524,0.8238095238095238,molLogS,molArea,Complexity,nof_posCharge
12715,0.8285714285714285,0.7666666666666667,molLogS,molArea,Complexity,nof_negCharge
12717,0.8523809523809524,0.8238095238095239,molLogS,molArea,Complexity,C_R2
12720,0.8285714285714285,0.6857142857142857,molLogS,molArea,Complexity,C_sp3
12738,0.8285714285714285,0.6809523809523811,molLogS,molArea,nof_posCharge,posCharge/Volume
12768,0.8285714285714285,0.6238095238095238,molLogS,molArea,a_heavy,C_sp3
13176,0.8523809523809524,0.7904761904761904,molLogS,PSA/Area,nof_SH,nof_COOH
13559,0.8285714285714285,0.7714285714285714,molLogS,nof_Chirals,Complexity,nof_OH
13714,0.8285714285714285,0.7666666666666667,molLogS,nof_HBA,nof_HBD,molCharge_total
13811,0.8285714285714285,0.7047619047619047,molLogS,nof_HBA,nof_negCharge,C_R1
13814,0.8285714285714285,0.7380952380952381,molLogS,nof_HBA,nof_negCharge,posCharge/Volume
14153,0.8523809523809524,0.6761904761904762,molLogS,nof_HBD,nof_COOH,nof_acetyl
14175,0.8523809523809524,0.7047619047619047,molLogS,molCharge_total,Complexity,nof_negCharge
14186,0.8571428571428573,0.7666666666666667,molLogS,molCharge_total,Complexity,nof_SO3H
14357,0.8285714285714285,0.7380952380952381,molLogS,nof_Rings,Complexity,nof_SO3H
14542,0.8285714285714285,0.7571428571428571,molLogS,Complexity,nof_negCharge,nof_PO4
14614,0.8285714285714285,0.7714285714285714,molLogS,Complexity,posCharge/Volume,negCharge/Volume
14623,0.8571428571428571,0.6761904761904762,molLogS,Complexity,posCharge/Volume,nof_acetyl
14654,0.8285714285714285,0.6476190476190476,molLogS,Complexity,nof_SO3H,nof_SH
14657,0.8285714285714285,0.6666666666666667,molLogS,Complexity,nof_SO3H,nof_OH
15507,0.8285714285714285,0.7190476190476189,molPSA,molArea,PSA/Area,nof_COOH
15516,0.8571428571428573,0.7666666666666667,molPSA,molArea,nof_Atoms,nof_posCharge
15521,0.8285714285714285,0.7333333333333333,molPSA,molArea,nof_Atoms,C_R0
15581,0.8523809523809524,0.7952380952380953,molPSA,molArea,nof_HBD,Complexity
15601,0.8857142857142858,0.8476190476190476,molPSA,molArea,molCharge_total,Complexity
15640,0.8523809523809524,0.8,molPSA,molArea,Complexity,nof_negCharge
15641,0.8571428571428573,0.7666666666666667,molPSA,molArea,Complexity,a_heavy
15646,0.8571428571428571,0.7095238095238096,molPSA,molArea,Complexity,posCharge/Volume
15649,0.8285714285714285,0.7619047619047619,molPSA,molArea,Complexity,nof_Fragments
15651,0.8571428571428573,0.7904761904761904,molPSA,molArea,Complexity,nof_SO3H
15705,0.8285714285714285,0.7333333333333333,molPSA,molArea,C_R2,C_R1
16101,0.8523809523809524,0.7285714285714285,molPSA,PSA/Area,nof_SH,nof_COOH
16104,0.8285714285714285,0.7380952380952379,molPSA,PSA/Area,nof_NH2,nof_COOH
16196,0.8571428571428571,0.6476190476190475,molPSA,nof_Atoms,nof_Rings,Complexity
16338,0.8285714285714285,0.5857142857142856,molPSA,nof_Atoms,posCharge/Volume,nof_COOH
16734,0.8523809523809524,0.7047619047619047,molPSA,nof_HBA,nof_negCharge,a_heavy
16762,0.8285714285714285,0.7714285714285714,molPSA,nof_HBA,a_heavy,nof_COOH
17159,0.8285714285714285,0.7047619047619047,molPSA,molCharge_total,a_heavy,nof_SO3H
17458,0.8285714285714285,0.6761904761904762,molPSA,Complexity,nof_negCharge,a_heavy
18414,0.8523809523809524,0.6238095238095238,molArea,PSA/Area,nof_Atoms,nof_Rings
18415,0.8523809523809524,0.7095238095238094,molArea,PSA/Area,nof_Atoms,Complexity
18486,0.8476190476190476,0.7666666666666667,molArea,PSA/Area,nof_HBD,C_R1
18494,0.8285714285714285,0.7333333333333333,molArea,PSA/Area,nof_HBD,nof_SO3H
18514,0.8523809523809524,0.7571428571428571,molArea,PSA/Area,molCharge_total,nof_SO3H
18541,0.8285714285714285,0.7333333333333333,molArea,PSA/Area,Complexity,a_heavy
18583,0.8571428571428571,0.7666666666666667,molArea,PSA/Area,nof_negCharge,nof_PO4
18666,0.8523809523809524,0.7428571428571428,molArea,PSA/Area,negCharge/Volume,nof_Fragments
18708,0.8523809523809524,0.7619047619047619,molArea,PSA/Area,nof_COOH,nof_acetyl
18727,0.8285714285714285,0.8,molArea,nof_Atoms,nof_Chirals,nof_SO3H
18815,0.8523809523809524,0.7857142857142857,molArea,nof_Atoms,Complexity,nof_posCharge
18817,0.8285714285714285,0.7904761904761906,molArea,nof_Atoms,Complexity,a_heavy
18818,0.8476190476190476,0.8142857142857143,molArea,nof_Atoms,Complexity,C_R2
18822,0.8571428571428571,0.6666666666666667,molArea,nof_Atoms,Complexity,posCharge/Volume
18824,0.8523809523809524,0.8285714285714285,molArea,nof_Atoms,Complexity,nof_RotB
18827,0.8571428571428571,0.7857142857142858,molArea,nof_Atoms,Complexity,nof_SO3H
18832,0.8476190476190476,0.8523809523809524,molArea,nof_Atoms,Complexity,nof_acetyl
18854,0.8285714285714286,0.6523809523809524,molArea,nof_Atoms,nof_negCharge,C_sp3
18876,0.8571428571428573,0.7333333333333333,molArea,nof_Atoms,a_heavy,nof_SH
18933,0.8285714285714285,0.6476190476190476,molArea,nof_Atoms,posCharge/Volume,nof_Fragments
18987,0.8285714285714285,0.7380952380952381,molArea,nof_Chirals,nof_HBA,molCharge_total
18991,0.880952380952381,0.7047619047619047,molArea,nof_Chirals,nof_HBA,nof_negCharge
19005,0.8285714285714286,0.7380952380952381,molArea,nof_Chirals,nof_HBA,nof_COOH
19038,0.8476190476190476,0.7333333333333333,molArea,nof_Chirals,molCharge_total,posCharge/Volume
19049,0.8476190476190476,0.7714285714285715,molArea,nof_Chirals,nof_Rings,Complexity
19057,0.8285714285714285,0.7047619047619047,molArea,nof_Chirals,nof_Rings,posCharge/Volume
19071,0.880952380952381,0.7857142857142858,molArea,nof_Chirals,Complexity,C_R2
19075,0.8476190476190476,0.8523809523809524,molArea,nof_Chirals,Complexity,posCharge/Volume
19076,0.8523809523809524,0.8285714285714285,molArea,nof_Chirals,Complexity,negCharge/Volume
19079,0.8476190476190476,0.7571428571428571,molArea,nof_Chirals,Complexity,nof_PO4
19080,0.8285714285714285,0.7952380952380953,molArea,nof_Chirals,Complexity,nof_SO3H
19081,0.8285714285714285,0.8190476190476191,molArea,nof_Chirals,Complexity,nof_SH
19082,0.8571428571428573,0.7857142857142858,molArea,nof_Chirals,Complexity,nof_NH2
19083,0.8476190476190476,0.7857142857142858,molArea,nof_Chirals,Complexity,nof_COOH
19084,0.8523809523809524,0.8238095238095238,molArea,nof_Chirals,Complexity,nof_OH
19138,0.8285714285714286,0.7047619047619047,molArea,nof_Chirals,C_R2,negCharge/Volume
19267,0.8285714285714285,0.7380952380952379,molArea,nof_HBA,molCharge_total,C_R0
19270,0.8285714285714285,0.7380952380952381,molArea,nof_HBA,molCharge_total,negCharge/Volume
19287,0.8285714285714286,0.7095238095238096,molArea,nof_HBA,nof_Rings,C_sp3
19309,0.8571428571428571,0.7285714285714285,molArea,nof_HBA,Complexity,nof_Fragments
19311,0.8523809523809524,0.7857142857142858,molArea,nof_HBA,Complexity,nof_SO3H
19312,0.8285714285714285,0.8285714285714285,molArea,nof_HBA,Complexity,nof_SH
19335,0.9142857142857144,0.6714285714285715,molArea,nof_HBA,nof_negCharge,C_R2
19344,0.8476190476190476,0.7571428571428571,molArea,nof_HBA,nof_negCharge,nof_SO3H
19347,0.8571428571428573,0.7380952380952381,molArea,nof_HBA,nof_negCharge,nof_COOH
19376,0.8523809523809524,0.8,molArea,nof_HBA,C_R2,nof_COOH
19391,0.8476190476190476,0.7095238095238094,molArea,nof_HBA,C_R1,nof_acetyl
19393,0.8285714285714286,0.7095238095238096,molArea,nof_HBA,C_R0,posCharge/Volume
19404,0.8571428571428573,0.6714285714285715,molArea,nof_HBA,C_sp3,posCharge/Volume
19422,0.8428571428571429,0.7333333333333333,molArea,nof_HBA,posCharge/Volume,nof_COOH
19442,0.8523809523809524,0.7,molArea,nof_HBA,nof_Fragments,nof_PO4
19446,0.8523809523809524,0.7666666666666667,molArea,nof_HBA,nof_Fragments,nof_COOH
19447,0.8523809523809524,0.6857142857142857,molArea,nof_HBA,nof_Fragments,nof_OH
19449,0.8285714285714285,0.7571428571428572,molArea,nof_HBA,nof_PO4,nof_SO3H
19452,0.8523809523809524,0.7333333333333333,molArea,nof_HBA,nof_PO4,nof_COOH
19457,0.8571428571428573,0.6809523809523811,molArea,nof_HBA,nof_SO3H,nof_COOH
19461,0.8285714285714285,0.7952380952380953,molArea,nof_HBA,nof_SH,nof_COOH
19462,0.8285714285714285,0.7142857142857142,molArea,nof_HBA,nof_SH,nof_OH
19464,0.8523809523809524,0.7333333333333333,molArea,nof_HBA,nof_NH2,nof_COOH
19468,0.8476190476190476,0.7,molArea,nof_HBA,nof_COOH,nof_acetyl
19471,0.880952380952381,0.8238095238095239,molArea,nof_HBD,molCharge_total,Complexity
19509,0.8285714285714285,0.8523809523809524,molArea,nof_HBD,Complexity,nof_posCharge
19510,0.880952380952381,0.8523809523809524,molArea,nof_HBD,Complexity,nof_negCharge
19516,0.8476190476190476,0.8190476190476189,molArea,nof_HBD,Complexity,posCharge/Volume
19523,0.8523809523809524,0.7714285714285714,molArea,nof_HBD,Complexity,nof_NH2
19524,0.8428571428571429,0.7666666666666667,molArea,nof_HBD,Complexity,nof_COOH
19680,0.8523809523809524,0.9095238095238096,molArea,molCharge_total,nof_Rings,Complexity
19700,0.8285714285714285,0.8571428571428571,molArea,molCharge_total,Complexity,nof_negCharge
19702,0.8285714285714285,0.8523809523809524,molArea,molCharge_total,Complexity,C_R2
19703,0.8285714285714285,0.880952380952381,molArea,molCharge_total,Complexity,C_R1
19705,0.8285714285714285,0.880952380952381,molArea,molCharge_total,Complexity,C_sp3
19706,0.8571428571428571,0.8523809523809524,molArea,molCharge_total,Complexity,posCharge/Volume
19707,0.8523809523809524,0.7666666666666667,molArea,molCharge_total,Complexity,negCharge/Volume
19709,0.8285714285714286,0.7666666666666667,molArea,molCharge_total,Complexity,nof_Fragments
19713,0.8285714285714285,0.8571428571428571,molArea,molCharge_total,Complexity,nof_NH2
19714,0.8571428571428571,0.8,molArea,molCharge_total,Complexity,nof_COOH
19748,0.8285714285714285,0.7619047619047619,molArea,molCharge_total,nof_negCharge,nof_OH
19817,0.8523809523809524,0.6142857142857143,molArea,molCharge_total,posCharge/Volume,nof_Fragments
19823,0.8857142857142858,0.6714285714285715,molArea,molCharge_total,posCharge/Volume,nof_OH
19870,0.8476190476190476,0.7952380952380953,molArea,nof_Rings,Complexity,nof_posCharge
19871,0.8285714285714285,0.7619047619047619,molArea,nof_Rings,Complexity,nof_negCharge
19873,0.8523809523809524,0.7857142857142858,molArea,nof_Rings,Complexity,C_R2
19877,0.880952380952381,0.8238095238095238,molArea,nof_Rings,Complexity,posCharge/Volume
19881,0.8809523809523808,0.8142857142857143,molArea,nof_Rings,Complexity,nof_PO4
19885,0.880952380952381,0.8238095238095238,molArea,nof_Rings,Complexity,nof_COOH
19887,0.8523809523809524,0.7952380952380953,molArea,nof_Rings,Complexity,nof_acetyl
19928,0.8571428571428571,0.7380952380952381,molArea,nof_Rings,a_heavy,nof_Fragments
20041,0.9142857142857144,0.8238095238095239,molArea,Complexity,nof_posCharge,nof_negCharge
20043,0.8285714285714285,0.7904761904761904,molArea,Complexity,nof_posCharge,C_R2
20044,0.8523809523809524,0.8190476190476191,molArea,Complexity,nof_posCharge,C_R1
20051,0.8857142857142858,0.7238095238095238,molArea,Complexity,nof_posCharge,nof_PO4
20052,0.8857142857142858,0.7952380952380953,molArea,Complexity,nof_posCharge,nof_SO3H
20053,0.8285714285714285,0.8190476190476189,molArea,Complexity,nof_posCharge,nof_SH
20064,0.8523809523809524,0.8238095238095238,molArea,Complexity,nof_negCharge,negCharge/Volume
20067,0.8523809523809524,0.8238095238095238,molArea,Complexity,nof_negCharge,nof_PO4
20072,0.8809523809523808,0.7285714285714285,molArea,Complexity,nof_negCharge,nof_OH
20073,0.8761904761904763,0.7619047619047621,molArea,Complexity,nof_negCharge,nof_acetyl
20080,0.8523809523809524,0.9142857142857144,molArea,Complexity,a_heavy,nof_RotB
20088,0.8571428571428573,0.7619047619047619,molArea,Complexity,a_heavy,nof_acetyl
20092,0.8571428571428571,0.8571428571428571,molArea,Complexity,C_R2,posCharge/Volume
20093,0.8285714285714285,0.7666666666666667,molArea,Complexity,C_R2,negCharge/Volume
20094,0.8285714285714285,0.7857142857142857,molArea,Complexity,C_R2,nof_RotB
20095,0.8285714285714286,0.7666666666666667,molArea,Complexity,C_R2,nof_Fragments
20097,0.8523809523809524,0.7952380952380953,molArea,Complexity,C_R2,nof_SO3H
20098,0.8285714285714285,0.7142857142857143,molArea,Complexity,C_R2,nof_SH
20105,0.8523809523809524,0.8476190476190476,molArea,Complexity,C_R1,posCharge/Volume
20106,0.880952380952381,0.7238095238095238,molArea,Complexity,C_R1,negCharge/Volume
20110,0.8476190476190476,0.7571428571428572,molArea,Complexity,C_R1,nof_SO3H
20118,0.8285714285714285,0.7666666666666667,molArea,Complexity,C_R0,negCharge/Volume
20122,0.8571428571428573,0.8571428571428571,molArea,Complexity,C_R0,nof_SO3H
20133,0.8523809523809524,0.6714285714285715,molArea,Complexity,C_sp3,nof_SO3H
20137,0.8857142857142858,0.8523809523809524,molArea,Complexity,C_sp3,nof_OH
20138,0.8523809523809524,0.8238095238095238,molArea,Complexity,C_sp3,nof_acetyl
20142,0.8476190476190476,0.7904761904761904,molArea,Complexity,posCharge/Volume,nof_PO4
20146,0.8857142857142858,0.8190476190476189,molArea,Complexity,posCharge/Volume,nof_COOH
20147,0.8285714285714285,0.8285714285714285,molArea,Complexity,posCharge/Volume,nof_OH
20155,0.8571428571428573,0.7714285714285714,molArea,Complexity,negCharge/Volume,nof_COOH
20158,0.8285714285714285,0.8190476190476191,molArea,Complexity,nof_RotB,nof_Fragments
20165,0.8571428571428571,0.6428571428571429,molArea,Complexity,nof_RotB,nof_acetyl
20167,0.8571428571428571,0.7095238095238094,molArea,Complexity,nof_Fragments,nof_SO3H
20169,0.880952380952381,0.7428571428571429,molArea,Complexity,nof_Fragments,nof_NH2
20174,0.9142857142857144,0.8285714285714285,molArea,Complexity,nof_PO4,nof_SH
20177,0.8476190476190476,0.8809523809523808,molArea,Complexity,nof_PO4,nof_OH
20181,0.8476190476190476,0.880952380952381,molArea,Complexity,nof_SO3H,nof_COOH
20182,0.8523809523809524,0.8285714285714285,molArea,Complexity,nof_SO3H,nof_OH
20190,0.8285714285714286,0.7666666666666667,molArea,Complexity,nof_NH2,nof_acetyl
20191,0.8285714285714285,0.8190476190476191,molArea,Complexity,nof_COOH,nof_OH
20192,0.9095238095238096,0.8523809523809524,molArea,Complexity,nof_COOH,nof_acetyl
20193,0.8285714285714285,0.8190476190476191,molArea,Complexity,nof_OH,nof_acetyl
20280,0.8285714285714286,0.7380952380952379,molArea,nof_posCharge,posCharge/Volume,nof_SH
20334,0.8523809523809524,0.6761904761904762,molArea,nof_negCharge,a_heavy,posCharge/Volume
20361,0.8285714285714285,0.6476190476190475,molArea,nof_negCharge,C_R1,posCharge/Volume
20509,0.8285714285714285,0.6095238095238095,molArea,a_heavy,posCharge/Volume,nof_acetyl
20542,0.8285714285714285,0.7285714285714285,molArea,a_heavy,nof_SO3H,nof_COOH
20552,0.8571428571428571,0.5857142857142856,molArea,a_heavy,nof_COOH,nof_OH
20618,0.8285714285714285,0.7047619047619047,molArea,C_R2,nof_Fragments,nof_PO4
20640,0.8476190476190476,0.6190476190476191,molArea,C_R2,nof_NH2,nof_COOH
20877,0.8857142857142858,0.7047619047619047,molArea,posCharge/Volume,nof_SO3H,nof_COOH
21035,0.8285714285714286,0.5619047619047619,PSA/Area,nof_Atoms,nof_HBA,nof_Rings
21124,0.8285714285714285,0.7047619047619047,PSA/Area,nof_Atoms,Complexity,nof_RotB
21308,0.8285714285714285,0.7095238095238096,PSA/Area,nof_Chirals,nof_HBD,molCharge_total
21581,0.8523809523809524,0.7333333333333333,PSA/Area,nof_HBA,nof_Rings,nof_posCharge
21811,0.8571428571428571,0.7095238095238096,PSA/Area,nof_HBD,Complexity,a_heavy
21912,0.8285714285714285,0.7571428571428571,PSA/Area,nof_HBD,C_R0,nof_OH
21950,0.8285714285714285,0.7047619047619047,PSA/Area,nof_HBD,nof_RotB,nof_OH
21964,0.8285714285714285,0.7142857142857142,PSA/Area,nof_HBD,nof_PO4,nof_acetyl
21996,0.8476190476190476,0.7619047619047621,PSA/Area,molCharge_total,nof_Rings,nof_COOH
22047,0.8285714285714285,0.7380952380952381,PSA/Area,molCharge_total,nof_negCharge,nof_COOH
22234,0.8285714285714285,0.7619047619047619,PSA/Area,nof_Rings,a_heavy,nof_OH
22242,0.8476190476190476,0.6142857142857142,PSA/Area,nof_Rings,C_R2,nof_Fragments
22314,0.8571428571428571,0.7619047619047619,PSA/Area,nof_Rings,nof_Fragments,nof_SO3H
22332,0.8571428571428571,0.6761904761904761,PSA/Area,nof_Rings,nof_SH,nof_COOH
22338,0.8476190476190476,0.7047619047619047,PSA/Area,nof_Rings,nof_COOH,nof_OH
22485,0.8285714285714285,0.7666666666666667,PSA/Area,Complexity,nof_SH,nof_COOH
22853,0.8285714285714285,0.6428571428571428,PSA/Area,a_heavy,nof_COOH,nof_acetyl
23236,0.8285714285714285,0.7380952380952381,PSA/Area,nof_RotB,nof_PO4,nof_COOH
23588,0.8285714285714285,0.6238095238095238,nof_Atoms,nof_HBA,molCharge_total,a_heavy
24028,0.8523809523809524,0.5571428571428572,nof_Atoms,molCharge_total,Complexity,C_R0
24198,0.8571428571428571,0.6142857142857142,nof_Atoms,nof_Rings,Complexity,C_R1
24252,0.8285714285714285,0.6952380952380952,nof_Atoms,nof_Rings,a_heavy,nof_Fragments
24257,0.8285714285714285,0.7666666666666667,nof_Atoms,nof_Rings,a_heavy,nof_COOH
25340,0.8285714285714285,0.4333333333333333,nof_Chirals,nof_HBA,nof_HBD,C_R2
25520,0.8523809523809524,0.5857142857142857,nof_Chirals,nof_HBA,negCharge/Volume,nof_RotB
25967,0.8761904761904763,0.8285714285714285,nof_Chirals,nof_Rings,Complexity,a_heavy
26023,0.8523809523809524,0.7666666666666667,nof_Chirals,nof_Rings,a_heavy,nof_Fragments
26181,0.8571428571428571,0.7666666666666667,nof_Chirals,Complexity,a_heavy,nof_COOH
26556,0.8285714285714285,0.7047619047619047,nof_Chirals,a_heavy,C_R2,nof_COOH
27589,0.8476190476190476,0.6238095238095238,nof_HBA,nof_Rings,C_R1,nof_RotB
27608,0.8523809523809524,0.7,nof_HBA,nof_Rings,C_R0,nof_OH
27631,0.8476190476190476,0.7047619047619047,nof_HBA,nof_Rings,negCharge/Volume,nof_RotB
27641,0.8523809523809524,0.6809523809523811,nof_HBA,nof_Rings,nof_RotB,nof_PO4
27646,0.8571428571428571,0.6761904761904762,nof_HBA,nof_Rings,nof_RotB,nof_OH
27673,0.8285714285714285,0.5666666666666667,nof_HBA,nof_Rings,nof_COOH,nof_OH
27851,0.8476190476190476,0.6523809523809524,nof_HBA,nof_posCharge,a_heavy,nof_RotB
27991,0.8523809523809524,0.5333333333333333,nof_HBA,nof_negCharge,C_R2,nof_COOH
28037,0.8761904761904763,0.5571428571428572,nof_HBA,nof_negCharge,posCharge/Volume,nof_COOH
28076,0.8571428571428571,0.5380952380952382,nof_HBA,nof_negCharge,nof_SH,nof_COOH
28177,0.8857142857142858,0.7047619047619047,nof_HBA,a_heavy,nof_SO3H,nof_COOH
28501,0.8285714285714285,0.7047619047619047,nof_HBA,posCharge/Volume,nof_Fragments,nof_COOH
28837,0.8285714285714285,0.7333333333333333,nof_HBD,nof_Rings,Complexity,a_heavy
29308,0.8285714285714285,0.7095238095238096,nof_HBD,nof_negCharge,a_heavy,nof_OH
30163,0.8523809523809524,0.7714285714285715,molCharge_total,Complexity,nof_negCharge,a_heavy
30181,0.8571428571428571,0.7714285714285715,molCharge_total,Complexity,a_heavy,C_R0
30591,0.8285714285714285,0.5619047619047619,molCharge_total,a_heavy,C_R0,nof_COOH
31123,0.8285714285714286,0.7666666666666667,nof_Rings,Complexity,nof_posCharge,nof_RotB
31151,0.8285714285714285,0.7666666666666667,nof_Rings,Complexity,a_heavy,C_sp3
31152,0.8285714285714285,0.7904761904761904,nof_Rings,Complexity,a_heavy,posCharge/Volume
31162,0.8857142857142858,0.8761904761904763,nof_Rings,Complexity,a_heavy,nof_acetyl
31239,0.8571428571428571,0.6142857142857142,nof_Rings,Complexity,nof_RotB,nof_acetyl
31615,0.8285714285714285,0.7095238095238096,nof_Rings,a_heavy,nof_SO3H,nof_NH2
31913,0.8285714285714285,0.7095238095238096,nof_Rings,C_sp3,nof_NH2,nof_COOH
32222,0.880952380952381,0.5571428571428572,Complexity,nof_negCharge,a_heavy,C_R0
32228,0.8285714285714285,0.7380952380952381,Complexity,nof_negCharge,a_heavy,nof_PO4
32230,0.8285714285714285,0.7333333333333333,Complexity,nof_negCharge,a_heavy,nof_SH
32232,0.8571428571428571,0.8190476190476189,Complexity,nof_negCharge,a_heavy,nof_COOH
32312,0.8285714285714285,0.7666666666666667,Complexity,nof_negCharge,nof_Fragments,nof_PO4
32356,0.8285714285714285,0.6095238095238095,Complexity,a_heavy,C_R1,posCharge/Volume
32397,0.8476190476190476,0.7380952380952381,Complexity,a_heavy,posCharge/Volume,nof_COOH
32827,0.8285714285714285,0.7380952380952381,Complexity,nof_RotB,nof_PO4,nof_OH
33638,0.8285714285714285,0.6238095238095238,nof_negCharge,a_heavy,posCharge/Volume,nof_OH
34183,0.8285714285714285,0.6190476190476191,a_heavy,C_R2,posCharge/Volume,nof_COOH
34184,0.8285714285714285,0.6714285714285715,a_heavy,C_R2,posCharge/Volume,nof_OH
34362,0.8285714285714285,0.5285714285714286,a_heavy,C_R0,nof_SO3H,nof_COOH
35302,0.8523809523809524,0.5904761904761904,C_R0,posCharge/Volume,negCharge/Volume,nof_PO4
35330,0.8571428571428571,0.7095238095238096,C_R0,posCharge/Volume,nof_SO3H,nof_SH
35336,0.8523809523809524,0.7619047619047619,C_R0,posCharge/Volume,nof_SH,nof_COOH
35465,0.8285714285714285,0.6761904761904761,C_sp3,posCharge/Volume,negCharge/Volume,nof_RotB
