,Random Forest HOO Accuracy,Decision Tree HOO Accuracy,Feature  1,Feature  2,Feature  3,Feature  4,Feature  5
864,0.7619047619047621,0.8857142857142858,molWeight,molVolume,molPSA,nof_Chirals,Complexity
1011,0.8238095238095238,0.8523809523809524,molWeight,molVolume,molPSA,nof_negCharge,nof_SH
1140,0.7666666666666667,0.8523809523809524,molWeight,molVolume,molArea,PSA/Area,molCharge_total
1232,0.7666666666666667,0.8571428571428573,molWeight,molVolume,molArea,nof_HBD,Complexity
1252,0.7904761904761904,0.8809523809523808,molWeight,molVolume,molArea,molCharge_total,Complexity
1290,0.7904761904761904,0.9095238095238096,molWeight,molVolume,molArea,Complexity,nof_posCharge
1297,0.8,0.8857142857142858,molWeight,molVolume,molArea,Complexity,posCharge/Volume
1299,0.8142857142857143,0.880952380952381,molWeight,molVolume,molArea,Complexity,nof_RotB
2360,0.8238095238095238,0.8571428571428571,molWeight,molVolume,nof_HBA,Complexity,nof_Fragments
3136,0.7904761904761906,0.8571428571428573,molWeight,molVolume,Complexity,a_heavy,nof_NH2
3155,0.7238095238095239,0.8571428571428571,molWeight,molVolume,Complexity,C_R1,C_sp3
3195,0.8523809523809524,0.8523809523809524,molWeight,molVolume,Complexity,posCharge/Volume,nof_SH
3212,0.7380952380952379,0.8523809523809524,molWeight,molVolume,Complexity,nof_RotB,nof_SH
4949,0.7952380952380953,0.8523809523809524,molWeight,molLogP,molArea,Complexity,C_R0
6010,0.8,0.8571428571428571,molWeight,molLogP,nof_HBA,Complexity,C_sp3
6587,0.8285714285714286,0.8523809523809524,molWeight,molLogP,nof_Rings,Complexity,nof_SO3H
7846,0.7619047619047621,0.8571428571428571,molWeight,molLogS,molPSA,nof_HBD,negCharge/Volume
8182,0.7428571428571429,0.8857142857142858,molWeight,molLogS,molArea,molCharge_total,Complexity
8391,0.8285714285714285,0.8523809523809524,molWeight,molLogS,PSA/Area,nof_Atoms,nof_Chirals
8458,0.7380952380952379,0.8523809523809524,molWeight,molLogS,PSA/Area,nof_HBA,nof_OH
8594,0.7,0.8571428571428573,molWeight,molLogS,PSA/Area,C_R2,nof_SO3H
8611,0.7,0.8523809523809524,molWeight,molLogS,PSA/Area,C_R1,nof_OH
8796,0.7095238095238096,0.8809523809523808,molWeight,molLogS,nof_Atoms,Complexity,nof_posCharge
8970,0.8285714285714285,0.8571428571428571,molWeight,molLogS,nof_Chirals,nof_HBA,Complexity
9061,0.6428571428571428,0.8523809523809524,molWeight,molLogS,nof_Chirals,Complexity,nof_SO3H
9687,0.7952380952380953,0.8571428571428571,molWeight,molLogS,molCharge_total,Complexity,posCharge/Volume
9864,0.8190476190476189,0.8571428571428571,molWeight,molLogS,nof_Rings,Complexity,nof_SH
10022,0.7666666666666667,0.8523809523809524,molWeight,molLogS,Complexity,nof_posCharge,nof_negCharge
10036,0.7333333333333333,0.8523809523809524,molWeight,molLogS,Complexity,nof_posCharge,nof_COOH
10068,0.7380952380952379,0.8523809523809524,molWeight,molLogS,Complexity,a_heavy,nof_OH
11153,0.7095238095238096,0.8523809523809524,molWeight,molPSA,molArea,Complexity,negCharge/Volume
11162,0.7619047619047621,0.8571428571428573,molWeight,molPSA,molArea,Complexity,nof_acetyl
11426,0.7571428571428571,0.8523809523809524,molWeight,molPSA,PSA/Area,nof_Rings,Complexity
11533,0.7380952380952381,0.8571428571428571,molWeight,molPSA,PSA/Area,C_R1,nof_SH
11675,0.7190476190476189,0.8523809523809524,molWeight,molPSA,nof_Atoms,nof_HBD,nof_PO4
11702,0.8238095238095239,0.8761904761904763,molWeight,molPSA,nof_Atoms,nof_Rings,Complexity
12205,0.7047619047619047,0.8857142857142858,molWeight,molPSA,nof_HBA,Complexity,nof_posCharge
12225,0.7952380952380953,0.8523809523809524,molWeight,molPSA,nof_HBA,nof_posCharge,C_R2
12248,0.6523809523809524,0.8523809523809524,molWeight,molPSA,nof_HBA,nof_negCharge,nof_Fragments
12910,0.7333333333333333,0.8523809523809524,molWeight,molPSA,nof_Rings,negCharge/Volume,nof_acetyl
12944,0.7952380952380953,0.8571428571428571,molWeight,molPSA,nof_Rings,nof_COOH,nof_OH
12992,0.8238095238095238,0.8523809523809524,molWeight,molPSA,Complexity,a_heavy,nof_COOH
13040,0.7428571428571429,0.8857142857142858,molWeight,molPSA,Complexity,C_sp3,nof_SH
13042,0.7380952380952381,0.8571428571428571,molWeight,molPSA,Complexity,C_sp3,nof_COOH
13043,0.7571428571428571,0.880952380952381,molWeight,molPSA,Complexity,C_sp3,nof_OH
13080,0.7904761904761904,0.8761904761904763,molWeight,molPSA,Complexity,nof_PO4,nof_SH
13089,0.7047619047619047,0.8523809523809524,molWeight,molPSA,Complexity,nof_SO3H,nof_acetyl
14015,0.7714285714285714,0.8523809523809524,molWeight,molArea,PSA/Area,molCharge_total,posCharge/Volume
14210,0.7952380952380953,0.8523809523809524,molWeight,molArea,PSA/Area,nof_NH2,nof_COOH
14321,0.7619047619047621,0.8571428571428571,molWeight,molArea,nof_Atoms,Complexity,nof_posCharge
14322,0.8190476190476191,0.8809523809523808,molWeight,molArea,nof_Atoms,Complexity,nof_negCharge
14332,0.8523809523809524,0.880952380952381,molWeight,molArea,nof_Atoms,Complexity,nof_PO4
14338,0.8,0.8523809523809524,molWeight,molArea,nof_Atoms,Complexity,nof_acetyl
14339,0.8238095238095238,0.8523809523809524,molWeight,molArea,nof_Atoms,nof_posCharge,nof_negCharge
14364,0.7904761904761904,0.8523809523809524,molWeight,molArea,nof_Atoms,nof_negCharge,nof_Fragments
14579,0.8523809523809524,0.8523809523809524,molWeight,molArea,nof_Chirals,Complexity,C_R0
14589,0.8523809523809524,0.8857142857142858,molWeight,molArea,nof_Chirals,Complexity,nof_COOH
14590,0.8285714285714285,0.880952380952381,molWeight,molArea,nof_Chirals,Complexity,nof_OH
14815,0.8190476190476189,0.8571428571428571,molWeight,molArea,nof_HBA,Complexity,nof_Fragments
14822,0.8190476190476189,0.8571428571428573,molWeight,molArea,nof_HBA,Complexity,nof_acetyl
15017,0.8857142857142858,0.8523809523809524,molWeight,molArea,nof_HBD,Complexity,a_heavy
15020,0.8190476190476189,0.8571428571428571,molWeight,molArea,nof_HBD,Complexity,C_R0
15022,0.8190476190476191,0.880952380952381,molWeight,molArea,nof_HBD,Complexity,posCharge/Volume
15025,0.7619047619047619,0.8523809523809524,molWeight,molArea,nof_HBD,Complexity,nof_Fragments
15030,0.8476190476190476,0.8523809523809524,molWeight,molArea,nof_HBD,Complexity,nof_COOH
15186,0.8523809523809524,0.8523809523809524,molWeight,molArea,molCharge_total,nof_Rings,Complexity
15206,0.7904761904761904,0.8523809523809524,molWeight,molArea,molCharge_total,Complexity,nof_negCharge
15207,0.7904761904761904,0.8523809523809524,molWeight,molArea,molCharge_total,Complexity,a_heavy
15210,0.8,0.9142857142857144,molWeight,molArea,molCharge_total,Complexity,C_R0
15376,0.8190476190476191,0.8523809523809524,molWeight,molArea,nof_Rings,Complexity,nof_posCharge
15379,0.8285714285714286,0.8523809523809524,molWeight,molArea,nof_Rings,Complexity,C_R2
15393,0.8285714285714285,0.8523809523809524,molWeight,molArea,nof_Rings,Complexity,nof_acetyl
15565,0.7714285714285714,0.8523809523809524,molWeight,molArea,Complexity,nof_negCharge,C_R2
15577,0.8190476190476191,0.8571428571428571,molWeight,molArea,Complexity,nof_negCharge,nof_COOH
15599,0.8238095238095238,0.8761904761904763,molWeight,molArea,Complexity,C_R2,negCharge/Volume
15602,0.7952380952380953,0.8761904761904763,molWeight,molArea,Complexity,C_R2,nof_PO4
15603,0.8238095238095239,0.8571428571428571,molWeight,molArea,Complexity,C_R2,nof_SO3H
15610,0.8523809523809524,0.8523809523809524,molWeight,molArea,Complexity,C_R1,C_sp3
15614,0.8190476190476191,0.8857142857142858,molWeight,molArea,Complexity,C_R1,nof_Fragments
15619,0.8571428571428571,0.8571428571428571,molWeight,molArea,Complexity,C_R1,nof_COOH
15623,0.7428571428571429,0.8761904761904763,molWeight,molArea,Complexity,C_R0,posCharge/Volume
15631,0.7952380952380953,0.8523809523809524,molWeight,molArea,Complexity,C_R0,nof_COOH
15641,0.7952380952380952,0.8571428571428573,molWeight,molArea,Complexity,C_sp3,nof_NH2
15642,0.8571428571428573,0.8523809523809524,molWeight,molArea,Complexity,C_sp3,nof_COOH
15662,0.8238095238095238,0.8523809523809524,molWeight,molArea,Complexity,negCharge/Volume,nof_OH
15683,0.7904761904761904,0.8857142857142858,molWeight,molArea,Complexity,nof_PO4,nof_OH
15697,0.8428571428571429,0.8571428571428571,molWeight,molArea,Complexity,nof_COOH,nof_OH
15698,0.8,0.8761904761904763,molWeight,molArea,Complexity,nof_COOH,nof_acetyl
16066,0.8285714285714285,0.8523809523809524,molWeight,molArea,C_R2,C_R1,nof_Fragments
16172,0.7904761904761904,0.8523809523809524,molWeight,molArea,C_R1,C_sp3,nof_COOH
16199,0.7952380952380953,0.8523809523809524,molWeight,molArea,C_R1,nof_RotB,nof_COOH
16327,0.7952380952380953,0.8571428571428571,molWeight,molArea,C_sp3,nof_Fragments,nof_COOH
16370,0.7666666666666667,0.8523809523809524,molWeight,molArea,posCharge/Volume,nof_Fragments,nof_SH
16460,0.7095238095238096,0.8523809523809524,molWeight,molArea,nof_Fragments,nof_PO4,nof_SO3H
16613,0.8571428571428571,0.8523809523809524,molWeight,PSA/Area,nof_Atoms,nof_Rings,nof_Fragments
17060,0.7619047619047619,0.8523809523809524,molWeight,PSA/Area,nof_HBA,nof_HBD,nof_SO3H
17077,0.6238095238095238,0.8571428571428571,molWeight,PSA/Area,nof_HBA,molCharge_total,nof_RotB
17125,0.7095238095238096,0.8761904761904763,molWeight,PSA/Area,nof_HBA,nof_posCharge,C_R2
17151,0.8238095238095238,0.8571428571428573,molWeight,PSA/Area,nof_HBA,nof_negCharge,nof_SH
17251,0.7333333333333333,0.8523809523809524,molWeight,PSA/Area,nof_HBA,nof_Fragments,nof_NH2
17698,0.8,0.8523809523809524,molWeight,PSA/Area,nof_Rings,nof_posCharge,C_R0
17770,0.7952380952380953,0.8571428571428571,molWeight,PSA/Area,nof_Rings,C_R0,posCharge/Volume
17891,0.7666666666666667,0.8571428571428571,molWeight,PSA/Area,Complexity,a_heavy,nof_NH2
17983,0.7380952380952381,0.8523809523809524,molWeight,PSA/Area,Complexity,nof_PO4,nof_OH
18009,0.8238095238095239,0.8523809523809524,molWeight,PSA/Area,nof_posCharge,nof_negCharge,nof_PO4
18939,0.5857142857142856,0.8523809523809524,molWeight,nof_Atoms,nof_Chirals,nof_negCharge,negCharge/Volume
19145,0.7380952380952381,0.8523809523809524,molWeight,nof_Atoms,nof_HBA,Complexity,nof_OH
19195,0.7095238095238096,0.8571428571428571,molWeight,nof_Atoms,nof_HBA,C_R2,C_R1
19712,0.7428571428571429,0.8523809523809524,molWeight,nof_Atoms,nof_Rings,Complexity,nof_SO3H
19723,0.6476190476190476,0.8523809523809524,molWeight,nof_Atoms,nof_Rings,nof_posCharge,C_sp3
19777,0.7952380952380953,0.8571428571428571,molWeight,nof_Atoms,nof_Rings,C_R2,nof_COOH
19889,0.8190476190476189,0.8523809523809524,molWeight,nof_Atoms,Complexity,nof_negCharge,C_R2
19911,0.7095238095238096,0.8523809523809524,molWeight,nof_Atoms,Complexity,a_heavy,nof_Fragments
19970,0.7714285714285715,0.8571428571428573,molWeight,nof_Atoms,Complexity,posCharge/Volume,nof_RotB
20138,0.7952380952380953,0.8523809523809524,molWeight,nof_Atoms,nof_posCharge,nof_Fragments,nof_acetyl
20222,0.7380952380952379,0.8571428571428571,molWeight,nof_Atoms,nof_negCharge,C_sp3,nof_COOH
20233,0.6190476190476191,0.8571428571428571,molWeight,nof_Atoms,nof_negCharge,posCharge/Volume,nof_OH
20430,0.7047619047619047,0.8523809523809524,molWeight,nof_Atoms,C_R2,posCharge/Volume,nof_acetyl
20578,0.7,0.8523809523809524,molWeight,nof_Atoms,C_R0,negCharge/Volume,nof_SO3H
20696,0.5904761904761904,0.8523809523809524,molWeight,nof_Atoms,posCharge/Volume,nof_Fragments,nof_COOH
20842,0.7047619047619047,0.8809523809523808,molWeight,nof_Chirals,nof_HBA,nof_HBD,Complexity
20862,0.8238095238095238,0.8571428571428571,molWeight,nof_Chirals,nof_HBA,molCharge_total,Complexity
20900,0.7047619047619047,0.8857142857142858,molWeight,nof_Chirals,nof_HBA,Complexity,nof_posCharge
20902,0.8190476190476191,0.8571428571428571,molWeight,nof_Chirals,nof_HBA,Complexity,a_heavy
20903,0.7666666666666667,0.8857142857142858,molWeight,nof_Chirals,nof_HBA,Complexity,C_R2
20910,0.7380952380952381,0.8523809523809524,molWeight,nof_Chirals,nof_HBA,Complexity,nof_Fragments
20915,0.7333333333333333,0.8571428571428571,molWeight,nof_Chirals,nof_HBA,Complexity,nof_COOH
20916,0.7952380952380953,0.880952380952381,molWeight,nof_Chirals,nof_HBA,Complexity,nof_OH
21126,0.7571428571428571,0.8523809523809524,molWeight,nof_Chirals,nof_HBD,Complexity,nof_OH
21304,0.7999999999999999,0.9095238095238096,molWeight,nof_Chirals,molCharge_total,Complexity,C_R1
21478,0.880952380952381,0.8857142857142858,molWeight,nof_Chirals,nof_Rings,Complexity,posCharge/Volume
21654,0.8476190476190476,0.8523809523809524,molWeight,nof_Chirals,Complexity,nof_posCharge,nof_SH
21667,0.7047619047619047,0.8809523809523808,molWeight,nof_Chirals,Complexity,nof_negCharge,nof_Fragments
21737,0.7619047619047621,0.8571428571428571,molWeight,nof_Chirals,Complexity,C_sp3,nof_COOH
21752,0.7095238095238094,0.8523809523809524,molWeight,nof_Chirals,Complexity,negCharge/Volume,nof_PO4
21768,0.7285714285714286,0.8523809523809524,molWeight,nof_Chirals,Complexity,nof_Fragments,nof_SO3H
21777,0.7952380952380953,0.8523809523809524,molWeight,nof_Chirals,Complexity,nof_PO4,nof_COOH
21788,0.8523809523809524,0.8523809523809524,molWeight,nof_Chirals,Complexity,nof_SH,nof_acetyl
22652,0.7904761904761904,0.8523809523809524,molWeight,nof_HBA,nof_HBD,Complexity,a_heavy
22660,0.7904761904761906,0.8523809523809524,molWeight,nof_HBA,nof_HBD,Complexity,nof_Fragments
22661,0.8238095238095238,0.8523809523809524,molWeight,nof_HBA,nof_HBD,Complexity,nof_PO4
22844,0.8809523809523808,0.8523809523809524,molWeight,nof_HBA,molCharge_total,Complexity,C_R1
22847,0.8190476190476191,0.8571428571428573,molWeight,nof_HBA,molCharge_total,Complexity,posCharge/Volume
22848,0.8523809523809524,0.880952380952381,molWeight,nof_HBA,molCharge_total,Complexity,negCharge/Volume
22851,0.8571428571428571,0.880952380952381,molWeight,nof_HBA,molCharge_total,Complexity,nof_PO4
22855,0.9142857142857144,0.8857142857142858,molWeight,nof_HBA,molCharge_total,Complexity,nof_COOH
23012,0.7714285714285714,0.8571428571428573,molWeight,nof_HBA,nof_Rings,Complexity,nof_negCharge
23016,0.7428571428571429,0.8523809523809524,molWeight,nof_HBA,nof_Rings,Complexity,C_R0
23018,0.8238095238095238,0.9142857142857144,molWeight,nof_HBA,nof_Rings,Complexity,posCharge/Volume
23023,0.7571428571428571,0.8857142857142858,molWeight,nof_HBA,nof_Rings,Complexity,nof_SO3H
23077,0.7428571428571429,0.8523809523809524,molWeight,nof_HBA,nof_Rings,C_R2,C_R1
23168,0.6523809523809525,0.8523809523809524,molWeight,nof_HBA,nof_Rings,nof_SO3H,nof_NH2
23183,0.7619047619047619,0.8571428571428571,molWeight,nof_HBA,Complexity,nof_posCharge,a_heavy
23188,0.6809523809523811,0.8571428571428571,molWeight,nof_HBA,Complexity,nof_posCharge,posCharge/Volume
23189,0.8523809523809524,0.8857142857142858,molWeight,nof_HBA,Complexity,nof_posCharge,negCharge/Volume
23198,0.7619047619047618,0.8571428571428573,molWeight,nof_HBA,Complexity,nof_posCharge,nof_acetyl
23201,0.8238095238095238,0.8571428571428571,molWeight,nof_HBA,Complexity,nof_negCharge,C_R1
23208,0.8285714285714285,0.8857142857142858,molWeight,nof_HBA,Complexity,nof_negCharge,nof_PO4
23210,0.8571428571428571,0.8857142857142858,molWeight,nof_HBA,Complexity,nof_negCharge,nof_SH
23216,0.8238095238095238,0.8857142857142858,molWeight,nof_HBA,Complexity,a_heavy,C_R1
23221,0.7619047619047619,0.8857142857142858,molWeight,nof_HBA,Complexity,a_heavy,nof_RotB
23229,0.8571428571428571,0.8571428571428571,molWeight,nof_HBA,Complexity,a_heavy,nof_acetyl
23233,0.8523809523809524,0.880952380952381,molWeight,nof_HBA,Complexity,C_R2,posCharge/Volume
23239,0.8476190476190476,0.9095238095238096,molWeight,nof_HBA,Complexity,C_R2,nof_SH
23240,0.7,0.8571428571428573,molWeight,nof_HBA,Complexity,C_R2,nof_NH2
23245,0.7095238095238096,0.8571428571428571,molWeight,nof_HBA,Complexity,C_R1,C_sp3
23246,0.8523809523809524,0.8571428571428571,molWeight,nof_HBA,Complexity,C_R1,posCharge/Volume
23252,0.8,0.8523809523809524,molWeight,nof_HBA,Complexity,C_R1,nof_SH
23255,0.8,0.8523809523809524,molWeight,nof_HBA,Complexity,C_R1,nof_OH
23256,0.6809523809523811,0.880952380952381,molWeight,nof_HBA,Complexity,C_R1,nof_acetyl
23257,0.6857142857142857,0.8857142857142858,molWeight,nof_HBA,Complexity,C_R0,C_sp3
23268,0.7714285714285715,0.8523809523809524,molWeight,nof_HBA,Complexity,C_R0,nof_acetyl
23273,0.7333333333333333,0.9142857142857144,molWeight,nof_HBA,Complexity,C_sp3,nof_PO4
23274,0.7047619047619047,0.8857142857142858,molWeight,nof_HBA,Complexity,C_sp3,nof_SO3H
23279,0.7666666666666667,0.8523809523809524,molWeight,nof_HBA,Complexity,C_sp3,nof_acetyl
23286,0.8190476190476191,0.880952380952381,molWeight,nof_HBA,Complexity,posCharge/Volume,nof_NH2
23287,0.8571428571428573,0.8523809523809524,molWeight,nof_HBA,Complexity,posCharge/Volume,nof_COOH
23292,0.7666666666666667,0.8761904761904763,molWeight,nof_HBA,Complexity,negCharge/Volume,nof_PO4
23302,0.7380952380952379,0.938095238095238,molWeight,nof_HBA,Complexity,nof_RotB,nof_SH
23306,0.7619047619047619,0.8571428571428571,molWeight,nof_HBA,Complexity,nof_RotB,nof_acetyl
23311,0.7904761904761904,0.8523809523809524,molWeight,nof_HBA,Complexity,nof_Fragments,nof_COOH
23314,0.8190476190476191,0.8857142857142858,molWeight,nof_HBA,Complexity,nof_PO4,nof_SO3H
23316,0.7904761904761904,0.8571428571428573,molWeight,nof_HBA,Complexity,nof_PO4,nof_NH2
23318,0.8571428571428571,0.8523809523809524,molWeight,nof_HBA,Complexity,nof_PO4,nof_OH
23320,0.8238095238095238,0.8571428571428573,molWeight,nof_HBA,Complexity,nof_SO3H,nof_SH
23323,0.7619047619047621,0.9428571428571428,molWeight,nof_HBA,Complexity,nof_SO3H,nof_OH
23324,0.7952380952380953,0.8523809523809524,molWeight,nof_HBA,Complexity,nof_SO3H,nof_acetyl
23326,0.7952380952380953,0.8571428571428571,molWeight,nof_HBA,Complexity,nof_SH,nof_COOH
23329,0.7952380952380953,0.8571428571428573,molWeight,nof_HBA,Complexity,nof_NH2,nof_COOH
23332,0.8285714285714285,0.880952380952381,molWeight,nof_HBA,Complexity,nof_COOH,nof_OH
23382,0.7,0.8523809523809524,molWeight,nof_HBA,nof_posCharge,C_R1,posCharge/Volume
24181,0.7857142857142857,0.8523809523809524,molWeight,nof_HBD,molCharge_total,Complexity,nof_PO4
24187,0.8142857142857143,0.8523809523809524,molWeight,nof_HBD,molCharge_total,Complexity,nof_acetyl
24256,0.6428571428571429,0.8571428571428571,molWeight,nof_HBD,molCharge_total,C_R1,nof_PO4
24517,0.7619047619047619,0.8809523809523808,molWeight,nof_HBD,Complexity,nof_posCharge,C_sp3
24525,0.7047619047619047,0.8523809523809524,molWeight,nof_HBD,Complexity,nof_posCharge,nof_NH2
24567,0.7095238095238096,0.880952380952381,molWeight,nof_HBD,Complexity,C_R2,nof_PO4
24572,0.8285714285714286,0.8809523809523808,molWeight,nof_HBD,Complexity,C_R2,nof_OH
24595,0.7619047619047621,0.8571428571428571,molWeight,nof_HBD,Complexity,C_R0,nof_NH2
24604,0.7619047619047619,0.8571428571428571,molWeight,nof_HBD,Complexity,C_sp3,nof_SO3H
24616,0.7952380952380953,0.8523809523809524,molWeight,nof_HBD,Complexity,posCharge/Volume,nof_NH2
24626,0.7428571428571429,0.8523809523809524,molWeight,nof_HBD,Complexity,negCharge/Volume,nof_COOH
24643,0.7952380952380953,0.8523809523809524,molWeight,nof_HBD,Complexity,nof_Fragments,nof_acetyl
24652,0.880952380952381,0.9095238095238096,molWeight,nof_HBD,Complexity,nof_SO3H,nof_COOH
25485,0.8523809523809524,0.880952380952381,molWeight,molCharge_total,nof_Rings,Complexity,C_R1
25490,0.7571428571428571,0.8523809523809524,molWeight,molCharge_total,nof_Rings,Complexity,nof_RotB
25496,0.8285714285714286,0.8523809523809524,molWeight,molCharge_total,nof_Rings,Complexity,nof_COOH
25710,0.8761904761904763,0.8523809523809524,molWeight,molCharge_total,Complexity,C_R2,nof_NH2
25724,0.8190476190476189,0.8571428571428571,molWeight,molCharge_total,Complexity,C_R1,nof_COOH
25758,0.7904761904761906,0.8571428571428573,molWeight,molCharge_total,Complexity,posCharge/Volume,nof_OH
25775,0.7666666666666667,0.8523809523809524,molWeight,molCharge_total,Complexity,nof_RotB,nof_OH
25794,0.7714285714285715,0.9142857142857144,molWeight,molCharge_total,Complexity,nof_SO3H,nof_acetyl
25801,0.8714285714285716,0.9095238095238096,molWeight,molCharge_total,Complexity,nof_NH2,nof_acetyl
26627,0.8285714285714285,0.880952380952381,molWeight,nof_Rings,Complexity,nof_posCharge,posCharge/Volume
26644,0.8523809523809524,0.8523809523809524,molWeight,nof_Rings,Complexity,nof_negCharge,negCharge/Volume
26647,0.8523809523809524,0.8523809523809524,molWeight,nof_Rings,Complexity,nof_negCharge,nof_PO4
26654,0.7952380952380953,0.8523809523809524,molWeight,nof_Rings,Complexity,a_heavy,C_R2
26691,0.8238095238095238,0.8523809523809524,molWeight,nof_Rings,Complexity,C_R1,nof_SH
26713,0.8190476190476191,0.8523809523809524,molWeight,nof_Rings,Complexity,C_sp3,nof_SO3H
26717,0.7095238095238096,0.8523809523809524,molWeight,nof_Rings,Complexity,C_sp3,nof_OH
27632,0.7952380952380953,0.8809523809523808,molWeight,Complexity,nof_posCharge,C_R2,nof_COOH
27678,0.7904761904761904,0.8523809523809524,molWeight,Complexity,nof_posCharge,posCharge/Volume,nof_COOH
27686,0.7666666666666667,0.8857142857142858,molWeight,Complexity,nof_posCharge,negCharge/Volume,nof_NH2
27721,0.8285714285714285,0.8571428571428571,molWeight,Complexity,nof_posCharge,nof_NH2,nof_OH
27760,0.7904761904761906,0.880952380952381,molWeight,Complexity,nof_negCharge,C_R1,nof_Fragments
27798,0.8571428571428571,0.8523809523809524,molWeight,Complexity,nof_negCharge,posCharge/Volume,nof_COOH
27812,0.8190476190476191,0.8523809523809524,molWeight,Complexity,nof_negCharge,nof_RotB,nof_SO3H
27827,0.8238095238095238,0.880952380952381,molWeight,Complexity,nof_negCharge,nof_PO4,nof_NH2
27932,0.8238095238095238,0.8523809523809524,molWeight,Complexity,a_heavy,nof_PO4,nof_NH2
27945,0.7904761904761904,0.8523809523809524,molWeight,Complexity,a_heavy,nof_NH2,nof_COOH
27980,0.7904761904761906,0.8571428571428571,molWeight,Complexity,C_R2,C_sp3,nof_PO4
28021,0.7380952380952381,0.8523809523809524,molWeight,Complexity,C_R2,nof_PO4,nof_SO3H
28022,0.7952380952380952,0.8523809523809524,molWeight,Complexity,C_R2,nof_PO4,nof_SH
28024,0.7571428571428572,0.8571428571428571,molWeight,Complexity,C_R2,nof_PO4,nof_COOH
28034,0.7333333333333333,0.8571428571428571,molWeight,Complexity,C_R2,nof_SH,nof_OH
28074,0.7952380952380953,0.8809523809523808,molWeight,Complexity,C_R1,posCharge/Volume,nof_acetyl
28081,0.7285714285714285,0.8571428571428571,molWeight,Complexity,C_R1,negCharge/Volume,nof_COOH
28100,0.8,0.8571428571428571,molWeight,Complexity,C_R1,nof_PO4,nof_SH
28130,0.7333333333333333,0.8857142857142858,molWeight,Complexity,C_R0,C_sp3,nof_acetyl
28189,0.6761904761904762,0.8523809523809524,molWeight,Complexity,C_sp3,posCharge/Volume,nof_PO4
28229,0.7571428571428571,0.8761904761904763,molWeight,Complexity,C_sp3,nof_SO3H,nof_OH
28247,0.7619047619047621,0.8523809523809524,molWeight,Complexity,posCharge/Volume,negCharge/Volume,nof_COOH
28266,0.8285714285714285,0.8523809523809524,molWeight,Complexity,posCharge/Volume,nof_PO4,nof_SH
28284,0.7714285714285715,0.9095238095238096,molWeight,Complexity,posCharge/Volume,nof_COOH,nof_acetyl
28304,0.8285714285714285,0.8571428571428571,molWeight,Complexity,negCharge/Volume,nof_PO4,nof_COOH
28305,0.7952380952380952,0.8523809523809524,molWeight,Complexity,negCharge/Volume,nof_PO4,nof_OH
28307,0.8,0.8571428571428571,molWeight,Complexity,negCharge/Volume,nof_SO3H,nof_SH
28311,0.7285714285714286,0.8571428571428571,molWeight,Complexity,negCharge/Volume,nof_SO3H,nof_acetyl
28317,0.8142857142857143,0.8523809523809524,molWeight,Complexity,negCharge/Volume,nof_NH2,nof_OH
28318,0.7619047619047619,0.8523809523809524,molWeight,Complexity,negCharge/Volume,nof_NH2,nof_acetyl
28331,0.7666666666666667,0.8571428571428571,molWeight,Complexity,nof_RotB,nof_PO4,nof_NH2
28388,0.7666666666666667,0.880952380952381,molWeight,Complexity,nof_SO3H,nof_SH,nof_OH
28390,0.8285714285714285,0.8523809523809524,molWeight,Complexity,nof_SO3H,nof_NH2,nof_COOH
30019,0.6380952380952382,0.8523809523809524,molWeight,a_heavy,nof_RotB,nof_Fragments,nof_SH
30365,0.7666666666666667,0.8571428571428571,molWeight,C_R2,negCharge/Volume,nof_PO4,nof_acetyl
31309,0.7428571428571428,0.8571428571428573,molWeight,negCharge/Volume,nof_PO4,nof_SO3H,nof_acetyl
32350,0.7428571428571429,0.8571428571428571,molVolume,molLogP,molArea,Complexity,nof_negCharge
32359,0.7380952380952381,0.8571428571428571,molVolume,molLogP,molArea,Complexity,nof_Fragments
36204,0.7904761904761904,0.8523809523809524,molVolume,molLogS,nof_Atoms,Complexity,C_R2
36673,0.6761904761904762,0.8571428571428571,molVolume,molLogS,nof_HBA,nof_Rings,C_sp3
38471,0.7047619047619047,0.8523809523809524,molVolume,molPSA,molArea,nof_HBA,Complexity
38722,0.6809523809523811,0.8523809523809524,molVolume,molPSA,PSA/Area,nof_Atoms,nof_HBA
39289,0.6476190476190475,0.8523809523809524,molVolume,molPSA,nof_Atoms,nof_SH,nof_OH
41403,0.7571428571428571,0.8523809523809524,molVolume,molArea,PSA/Area,nof_HBD,nof_Fragments
41417,0.7047619047619047,0.8571428571428571,molVolume,molArea,PSA/Area,molCharge_total,C_R1
41531,0.7714285714285714,0.8761904761904763,molVolume,molArea,PSA/Area,C_R1,C_sp3
41542,0.7428571428571429,0.8571428571428571,molVolume,molArea,PSA/Area,C_R1,nof_acetyl
41601,0.6809523809523811,0.8571428571428573,molVolume,molArea,PSA/Area,nof_PO4,nof_SH
41727,0.7904761904761904,0.8523809523809524,molVolume,molArea,nof_Atoms,Complexity,nof_negCharge
41734,0.7666666666666667,0.8761904761904763,molVolume,molArea,nof_Atoms,Complexity,negCharge/Volume
41736,0.8238095238095238,0.880952380952381,molVolume,molArea,nof_Atoms,Complexity,nof_Fragments
41737,0.7952380952380953,0.8523809523809524,molVolume,molArea,nof_Atoms,Complexity,nof_PO4
41990,0.7666666666666667,0.8857142857142858,molVolume,molArea,nof_Chirals,Complexity,nof_PO4
41991,0.7571428571428572,0.8571428571428571,molVolume,molArea,nof_Chirals,Complexity,nof_SO3H
41992,0.7714285714285715,0.8523809523809524,molVolume,molArea,nof_Chirals,Complexity,nof_SH
41995,0.7619047619047619,0.8857142857142858,molVolume,molArea,nof_Chirals,Complexity,nof_OH
42210,0.7047619047619047,0.8571428571428573,molVolume,molArea,nof_HBA,Complexity,nof_posCharge
42218,0.7666666666666667,0.8523809523809524,molVolume,molArea,nof_HBA,Complexity,negCharge/Volume
42223,0.7904761904761904,0.8523809523809524,molVolume,molArea,nof_HBA,Complexity,nof_SH
42227,0.7666666666666666,0.8571428571428571,molVolume,molArea,nof_HBA,Complexity,nof_acetyl
42382,0.7619047619047619,0.8523809523809524,molVolume,molArea,nof_HBD,molCharge_total,Complexity
42421,0.7714285714285715,0.8857142857142858,molVolume,molArea,nof_HBD,Complexity,nof_negCharge
42424,0.7380952380952381,0.880952380952381,molVolume,molArea,nof_HBD,Complexity,C_R1
42426,0.7619047619047619,0.8523809523809524,molVolume,molArea,nof_HBD,Complexity,C_sp3
42613,0.8190476190476191,0.8571428571428573,molVolume,molArea,molCharge_total,Complexity,C_R2
42625,0.8238095238095238,0.8571428571428571,molVolume,molArea,molCharge_total,Complexity,nof_COOH
42781,0.7952380952380952,0.8523809523809524,molVolume,molArea,nof_Rings,Complexity,nof_posCharge
42782,0.8285714285714286,0.8809523809523808,molVolume,molArea,nof_Rings,Complexity,nof_negCharge
42793,0.8,0.8523809523809524,molVolume,molArea,nof_Rings,Complexity,nof_SO3H
42794,0.8285714285714285,0.8523809523809524,molVolume,molArea,nof_Rings,Complexity,nof_SH
42963,0.7952380952380953,0.8857142857142858,molVolume,molArea,Complexity,nof_posCharge,nof_SO3H
42976,0.7952380952380953,0.880952380952381,molVolume,molArea,Complexity,nof_negCharge,nof_RotB
42978,0.7857142857142857,0.8809523809523808,molVolume,molArea,Complexity,nof_negCharge,nof_PO4
42981,0.7714285714285714,0.880952380952381,molVolume,molArea,Complexity,nof_negCharge,nof_NH2
42982,0.8523809523809524,0.8523809523809524,molVolume,molArea,Complexity,nof_negCharge,nof_COOH
42985,0.8238095238095238,0.8571428571428571,molVolume,molArea,Complexity,a_heavy,C_R2
42987,0.7619047619047621,0.8809523809523808,molVolume,molArea,Complexity,a_heavy,C_R0
42997,0.7666666666666667,0.8523809523809524,molVolume,molArea,Complexity,a_heavy,nof_COOH
42998,0.8238095238095238,0.8523809523809524,molVolume,molArea,Complexity,a_heavy,nof_OH
43003,0.7904761904761906,0.8857142857142858,molVolume,molArea,Complexity,C_R2,posCharge/Volume
43007,0.7904761904761904,0.8523809523809524,molVolume,molArea,Complexity,C_R2,nof_PO4
43013,0.7952380952380953,0.8523809523809524,molVolume,molArea,Complexity,C_R2,nof_acetyl
43015,0.7952380952380953,0.8571428571428573,molVolume,molArea,Complexity,C_R1,C_sp3
43018,0.8523809523809524,0.9142857142857144,molVolume,molArea,Complexity,C_R1,nof_RotB
43024,0.7952380952380953,0.8571428571428573,molVolume,molArea,Complexity,C_R1,nof_COOH
43057,0.7380952380952381,0.8523809523809524,molVolume,molArea,Complexity,posCharge/Volume,nof_COOH
43065,0.8142857142857143,0.8857142857142858,molVolume,molArea,Complexity,negCharge/Volume,nof_NH2
43067,0.8238095238095239,0.8523809523809524,molVolume,molArea,Complexity,negCharge/Volume,nof_OH
43071,0.8523809523809524,0.880952380952381,molVolume,molArea,Complexity,nof_RotB,nof_SO3H
43073,0.7952380952380953,0.8571428571428571,molVolume,molArea,Complexity,nof_RotB,nof_NH2
43074,0.7333333333333333,0.8571428571428573,molVolume,molArea,Complexity,nof_RotB,nof_COOH
43087,0.7714285714285715,0.8571428571428571,molVolume,molArea,Complexity,nof_PO4,nof_COOH
44485,0.7095238095238096,0.880952380952381,molVolume,PSA/Area,nof_HBA,molCharge_total,nof_SO3H
45657,0.7380952380952379,0.8571428571428571,molVolume,PSA/Area,nof_negCharge,nof_NH2,nof_acetyl
45998,0.7333333333333333,0.8571428571428571,molVolume,PSA/Area,C_R0,nof_COOH,nof_OH
46093,0.6714285714285714,0.8571428571428573,molVolume,PSA/Area,posCharge/Volume,nof_SH,nof_OH
46446,0.7047619047619047,0.8523809523809524,molVolume,nof_Atoms,nof_Chirals,nof_Fragments,nof_PO4
46550,0.7619047619047619,0.880952380952381,molVolume,nof_Atoms,nof_HBA,Complexity,nof_OH
46582,0.8571428571428571,0.8571428571428571,molVolume,nof_Atoms,nof_HBA,nof_negCharge,nof_COOH
47116,0.7380952380952381,0.8571428571428571,molVolume,nof_Atoms,nof_Rings,Complexity,nof_PO4
47285,0.6761904761904761,0.8523809523809524,molVolume,nof_Atoms,Complexity,nof_posCharge,nof_Fragments
47290,0.7,0.8571428571428571,molVolume,nof_Atoms,Complexity,nof_posCharge,nof_COOH
47302,0.7047619047619047,0.8857142857142858,molVolume,nof_Atoms,Complexity,nof_negCharge,nof_PO4
47319,0.7380952380952381,0.880952380952381,molVolume,nof_Atoms,Complexity,a_heavy,nof_SH
47330,0.7619047619047619,0.8857142857142858,molVolume,nof_Atoms,Complexity,C_R2,nof_Fragments
47394,0.7380952380952381,0.8523809523809524,molVolume,nof_Atoms,Complexity,nof_RotB,nof_PO4
48346,0.8238095238095239,0.8523809523809524,molVolume,nof_Chirals,nof_HBA,nof_negCharge,negCharge/Volume
50071,0.7333333333333333,0.8857142857142858,molVolume,nof_HBA,nof_HBD,Complexity,nof_OH
50424,0.7333333333333333,0.8857142857142858,molVolume,nof_HBA,nof_Rings,Complexity,negCharge/Volume
50638,0.8285714285714285,0.8571428571428571,molVolume,nof_HBA,Complexity,C_R2,posCharge/Volume
50642,0.7666666666666667,0.8857142857142858,molVolume,nof_HBA,Complexity,C_R2,nof_PO4
50654,0.7380952380952381,0.8857142857142858,molVolume,nof_HBA,Complexity,C_R1,nof_Fragments
50703,0.7952380952380953,0.8523809523809524,molVolume,nof_HBA,Complexity,negCharge/Volume,nof_acetyl
50735,0.7666666666666667,0.8523809523809524,molVolume,nof_HBA,Complexity,nof_NH2,nof_OH
53086,0.7952380952380953,0.8523809523809524,molVolume,molCharge_total,Complexity,nof_negCharge,nof_NH2
53128,0.8238095238095238,0.8571428571428573,molVolume,molCharge_total,Complexity,C_R1,nof_NH2
54055,0.7428571428571429,0.880952380952381,molVolume,nof_Rings,Complexity,nof_negCharge,nof_NH2
54062,0.7428571428571429,0.8571428571428573,molVolume,nof_Rings,Complexity,a_heavy,C_sp3
54154,0.7666666666666667,0.8523809523809524,molVolume,nof_Rings,Complexity,nof_Fragments,nof_NH2
54170,0.7666666666666667,0.8523809523809524,molVolume,nof_Rings,Complexity,nof_SH,nof_COOH
54173,0.7904761904761904,0.8523809523809524,molVolume,nof_Rings,Complexity,nof_NH2,nof_COOH
55007,0.8,0.8523809523809524,molVolume,Complexity,nof_posCharge,nof_negCharge,nof_NH2
55068,0.6428571428571429,0.8571428571428571,molVolume,Complexity,nof_posCharge,C_sp3,nof_Fragments
55237,0.7714285714285714,0.8523809523809524,molVolume,Complexity,nof_negCharge,nof_SO3H,nof_NH2
55316,0.7904761904761904,0.8523809523809524,molVolume,Complexity,a_heavy,negCharge/Volume,nof_NH2
55333,0.6857142857142857,0.8523809523809524,molVolume,Complexity,a_heavy,nof_Fragments,nof_OH
55381,0.7666666666666667,0.8523809523809524,molVolume,Complexity,C_R2,C_sp3,posCharge/Volume
55410,0.7285714285714285,0.8523809523809524,molVolume,Complexity,C_R2,negCharge/Volume,nof_acetyl
55418,0.7333333333333333,0.8857142857142858,molVolume,Complexity,C_R2,nof_RotB,nof_acetyl
55509,0.7666666666666667,0.8571428571428571,molVolume,Complexity,C_R1,nof_PO4,nof_acetyl
55644,0.7380952380952381,0.8571428571428571,molVolume,Complexity,C_sp3,nof_COOH,nof_acetyl
55753,0.7380952380952381,0.8571428571428571,molVolume,Complexity,nof_RotB,nof_COOH,nof_acetyl
55808,0.7095238095238096,0.8523809523809524,molVolume,Complexity,nof_NH2,nof_COOH,nof_acetyl
57313,0.6761904761904761,0.880952380952381,molVolume,a_heavy,C_sp3,nof_Fragments,nof_PO4
59385,0.7666666666666667,0.8523809523809524,molLogP,molLogS,molArea,Complexity,nof_RotB
62318,0.6761904761904762,0.8523809523809524,molLogP,molPSA,molArea,Complexity,nof_acetyl
65485,0.7571428571428571,0.8523809523809524,molLogP,molArea,nof_Atoms,Complexity,negCharge/Volume
65739,0.7666666666666667,0.8571428571428571,molLogP,molArea,nof_Chirals,Complexity,nof_RotB
65741,0.8238095238095239,0.8571428571428571,molLogP,molArea,nof_Chirals,Complexity,nof_PO4
65745,0.7809523809523811,0.8857142857142858,molLogP,molArea,nof_Chirals,Complexity,nof_COOH
66181,0.6952380952380952,0.8523809523809524,molLogP,molArea,nof_HBD,Complexity,nof_Fragments
66547,0.8238095238095238,0.8523809523809524,molLogP,molArea,nof_Rings,Complexity,nof_COOH
66720,0.7952380952380953,0.8523809523809524,molLogP,molArea,Complexity,nof_negCharge,a_heavy
66733,0.7857142857142857,0.8571428571428573,molLogP,molArea,Complexity,nof_negCharge,nof_COOH
66766,0.7904761904761906,0.8523809523809524,molLogP,molArea,Complexity,C_R1,C_sp3
83589,0.7714285714285715,0.8523809523809524,molLogS,molPSA,nof_Chirals,nof_Rings,a_heavy
83652,0.8,0.8523809523809524,molLogS,molPSA,nof_Chirals,nof_negCharge,nof_NH2
83758,0.7333333333333333,0.8571428571428571,molLogS,molPSA,nof_Chirals,nof_PO4,nof_COOH
83791,0.7666666666666667,0.8571428571428573,molLogS,molPSA,nof_HBA,nof_HBD,nof_SO3H
83857,0.7619047619047619,0.8571428571428571,molLogS,molPSA,nof_HBA,nof_posCharge,C_R1
83956,0.8238095238095238,0.8571428571428571,molLogS,molPSA,nof_HBA,posCharge/Volume,nof_SO3H
84013,0.9142857142857144,0.8523809523809524,molLogS,molPSA,nof_HBD,molCharge_total,C_R1
84178,0.8238095238095238,0.8523809523809524,molLogS,molPSA,nof_HBD,negCharge/Volume,nof_COOH
84206,0.7380952380952381,0.8571428571428571,molLogS,molPSA,nof_HBD,nof_SO3H,nof_acetyl
84231,0.8238095238095238,0.8571428571428571,molLogS,molPSA,molCharge_total,nof_Rings,nof_SH
84252,0.8,0.8523809523809524,molLogS,molPSA,molCharge_total,Complexity,nof_OH
84268,0.7666666666666667,0.8571428571428571,molLogS,molPSA,molCharge_total,nof_posCharge,nof_COOH
84318,0.8,0.8523809523809524,molLogS,molPSA,molCharge_total,C_R1,posCharge/Volume
84319,0.7952380952380953,0.8523809523809524,molLogS,molPSA,molCharge_total,C_R1,negCharge/Volume
84323,0.880952380952381,0.8523809523809524,molLogS,molPSA,molCharge_total,C_R1,nof_SO3H
84350,0.7619047619047618,0.8523809523809524,molLogS,molPSA,molCharge_total,C_sp3,nof_OH
84397,0.7095238095238096,0.8523809523809524,molLogS,molPSA,molCharge_total,nof_SH,nof_NH2
84452,0.7619047619047618,0.8523809523809524,molLogS,molPSA,nof_Rings,nof_negCharge,nof_SO3H
84455,0.7428571428571429,0.8571428571428571,molLogS,molPSA,nof_Rings,nof_negCharge,nof_COOH
84457,0.7619047619047621,0.8523809523809524,molLogS,molPSA,nof_Rings,nof_negCharge,nof_acetyl
84479,0.6809523809523811,0.8523809523809524,molLogS,molPSA,nof_Rings,C_R2,nof_Fragments
84567,0.7380952380952379,0.8523809523809524,molLogS,molPSA,nof_Rings,nof_SO3H,nof_acetyl
84595,0.8857142857142858,0.8523809523809524,molLogS,molPSA,Complexity,nof_negCharge,a_heavy
84600,0.7619047619047619,0.8523809523809524,molLogS,molPSA,Complexity,nof_negCharge,posCharge/Volume
84670,0.7380952380952381,0.8523809523809524,molLogS,molPSA,Complexity,C_sp3,nof_SO3H
84808,0.6761904761904762,0.8523809523809524,molLogS,molPSA,nof_posCharge,C_sp3,nof_NH2
84812,0.7285714285714286,0.8523809523809524,molLogS,molPSA,nof_posCharge,posCharge/Volume,negCharge/Volume
84860,0.6476190476190476,0.8523809523809524,molLogS,molPSA,nof_posCharge,nof_SH,nof_acetyl
84889,0.8190476190476191,0.8523809523809524,molLogS,molPSA,nof_negCharge,C_R2,nof_PO4
84907,0.8285714285714285,0.8571428571428571,molLogS,molPSA,nof_negCharge,C_R1,nof_OH
84969,0.8,0.8571428571428571,molLogS,molPSA,nof_negCharge,nof_PO4,nof_COOH
85100,0.7714285714285714,0.8571428571428571,molLogS,molPSA,C_R2,C_R1,nof_SH
85135,0.7952380952380953,0.8523809523809524,molLogS,molPSA,C_R2,posCharge/Volume,nof_COOH
85164,0.7619047619047619,0.8523809523809524,molLogS,molPSA,C_R2,nof_PO4,nof_NH2
85204,0.7047619047619047,0.8523809523809524,molLogS,molPSA,C_R1,C_sp3,nof_OH
85219,0.7619047619047619,0.8523809523809524,molLogS,molPSA,C_R1,negCharge/Volume,nof_SO3H
85223,0.7904761904761904,0.8571428571428571,molLogS,molPSA,C_R1,negCharge/Volume,nof_OH
85254,0.7333333333333333,0.8523809523809524,molLogS,molPSA,C_R1,nof_SH,nof_acetyl
85399,0.8523809523809524,0.8571428571428571,molLogS,molPSA,posCharge/Volume,nof_Fragments,nof_PO4
85491,0.6857142857142857,0.8571428571428573,molLogS,molPSA,nof_Fragments,nof_PO4,nof_SO3H
85530,0.6523809523809524,0.8523809523809524,molLogS,molPSA,nof_SO3H,nof_SH,nof_acetyl
85578,0.6714285714285715,0.8523809523809524,molLogS,molArea,PSA/Area,nof_Chirals,a_heavy
85613,0.8238095238095239,0.8523809523809524,molLogS,molArea,PSA/Area,nof_HBA,nof_COOH
85682,0.7619047619047619,0.8523809523809524,molLogS,molArea,PSA/Area,Complexity,C_sp3
85695,0.7047619047619047,0.8523809523809524,molLogS,molArea,PSA/Area,nof_posCharge,a_heavy
85704,0.7333333333333333,0.8571428571428571,molLogS,molArea,PSA/Area,nof_posCharge,nof_PO4
85750,0.7523809523809525,0.8523809523809524,molLogS,molArea,PSA/Area,C_R2,nof_SO3H
85956,0.7333333333333333,0.8523809523809524,molLogS,molArea,nof_Atoms,Complexity,C_R1
86212,0.8238095238095239,0.880952380952381,molLogS,molArea,nof_Chirals,Complexity,posCharge/Volume
86215,0.8142857142857143,0.8523809523809524,molLogS,molArea,nof_Chirals,Complexity,nof_Fragments
86222,0.7904761904761904,0.8571428571428573,molLogS,molArea,nof_Chirals,Complexity,nof_acetyl
86398,0.8523809523809524,0.8523809523809524,molLogS,molArea,nof_HBA,molCharge_total,Complexity
86452,0.7952380952380953,0.8523809523809524,molLogS,molArea,nof_HBA,Complexity,nof_OH
86849,0.8190476190476189,0.9142857142857144,molLogS,molArea,molCharge_total,Complexity,nof_SH
87017,0.8523809523809524,0.8523809523809524,molLogS,molArea,nof_Rings,Complexity,nof_Fragments
87185,0.7952380952380953,0.9142857142857144,molLogS,molArea,Complexity,nof_posCharge,negCharge/Volume
87188,0.8523809523809524,0.8523809523809524,molLogS,molArea,Complexity,nof_posCharge,nof_PO4
87191,0.7809523809523811,0.8523809523809524,molLogS,molArea,Complexity,nof_posCharge,nof_NH2
87201,0.8857142857142858,0.8523809523809524,molLogS,molArea,Complexity,nof_negCharge,negCharge/Volume
87204,0.7666666666666667,0.8571428571428571,molLogS,molArea,Complexity,nof_negCharge,nof_PO4
87205,0.7666666666666666,0.880952380952381,molLogS,molArea,Complexity,nof_negCharge,nof_SO3H
87211,0.8,0.880952380952381,molLogS,molArea,Complexity,a_heavy,C_R2
87228,0.7619047619047619,0.8857142857142858,molLogS,molArea,Complexity,C_R2,C_sp3
87241,0.8476190476190476,0.8523809523809524,molLogS,molArea,Complexity,C_R1,C_sp3
87274,0.7095238095238096,0.8523809523809524,molLogS,molArea,Complexity,C_sp3,nof_OH
87276,0.7857142857142858,0.8523809523809524,molLogS,molArea,Complexity,posCharge/Volume,negCharge/Volume
87277,0.6761904761904761,0.8571428571428571,molLogS,molArea,Complexity,posCharge/Volume,nof_RotB
87283,0.7666666666666667,0.8523809523809524,molLogS,molArea,Complexity,posCharge/Volume,nof_COOH
87292,0.7047619047619047,0.9142857142857144,molLogS,molArea,Complexity,negCharge/Volume,nof_COOH
87295,0.6809523809523811,0.8809523809523808,molLogS,molArea,Complexity,nof_RotB,nof_Fragments
87317,0.7952380952380953,0.8571428571428571,molLogS,molArea,Complexity,nof_SO3H,nof_NH2
87326,0.7952380952380953,0.8523809523809524,molLogS,molArea,Complexity,nof_NH2,nof_OH
88335,0.7047619047619047,0.8523809523809524,molLogS,PSA/Area,nof_Atoms,C_R1,negCharge/Volume
89987,0.6809523809523811,0.8523809523809524,molLogS,PSA/Area,a_heavy,nof_NH2,nof_OH
92545,0.7142857142857142,0.8523809523809524,molLogS,nof_Chirals,nof_HBA,Complexity,nof_NH2
93109,0.7666666666666667,0.8571428571428571,molLogS,nof_Chirals,nof_Rings,Complexity,posCharge/Volume
94855,0.7047619047619047,0.8523809523809524,molLogS,nof_HBA,Complexity,a_heavy,nof_SO3H
96176,0.7666666666666667,0.8857142857142858,molLogS,nof_HBD,Complexity,a_heavy,C_R2
98299,0.7380952380952379,0.8523809523809524,molLogS,nof_Rings,Complexity,a_heavy,nof_acetyl
99349,0.8285714285714285,0.8571428571428573,molLogS,Complexity,nof_posCharge,nof_SH,nof_OH
99385,0.7142857142857143,0.8571428571428573,molLogS,Complexity,nof_negCharge,C_R2,nof_acetyl
99475,0.6761904761904762,0.8571428571428571,molLogS,Complexity,nof_negCharge,nof_COOH,nof_acetyl
99540,0.6476190476190476,0.880952380952381,molLogS,Complexity,a_heavy,negCharge/Volume,nof_SO3H
99631,0.7904761904761904,0.8523809523809524,molLogS,Complexity,C_R2,negCharge/Volume,nof_SO3H
99744,0.7,0.8523809523809524,molLogS,Complexity,C_R1,nof_SH,nof_acetyl
100014,0.7380952380952379,0.8857142857142858,molLogS,Complexity,nof_PO4,nof_COOH,nof_OH
103503,0.7952380952380953,0.880952380952381,molPSA,molArea,nof_Atoms,Complexity,nof_negCharge
103515,0.7666666666666667,0.8523809523809524,molPSA,molArea,nof_Atoms,Complexity,nof_SH
103519,0.7571428571428571,0.8571428571428571,molPSA,molArea,nof_Atoms,Complexity,nof_acetyl
103547,0.8285714285714285,0.8761904761904763,molPSA,molArea,nof_Atoms,nof_negCharge,nof_SO3H
103766,0.7,0.880952380952381,molPSA,molArea,nof_Chirals,Complexity,nof_PO4
103768,0.7714285714285715,0.8523809523809524,molPSA,molArea,nof_Chirals,Complexity,nof_SH
103992,0.7285714285714285,0.8523809523809524,molPSA,molArea,nof_HBA,Complexity,C_sp3
104367,0.7380952380952381,0.8571428571428571,molPSA,molArea,molCharge_total,nof_Rings,Complexity
104390,0.7380952380952381,0.8571428571428571,molPSA,molArea,molCharge_total,Complexity,C_R1
104392,0.8,0.8571428571428573,molPSA,molArea,molCharge_total,Complexity,C_sp3
104397,0.7904761904761904,0.8571428571428571,molPSA,molArea,molCharge_total,Complexity,nof_PO4
104574,0.7666666666666667,0.8523809523809524,molPSA,molArea,nof_Rings,Complexity,nof_acetyl
104729,0.7904761904761904,0.8571428571428571,molPSA,molArea,Complexity,nof_posCharge,a_heavy
104736,0.6761904761904762,0.8523809523809524,molPSA,molArea,Complexity,nof_posCharge,nof_RotB
104742,0.8142857142857143,0.8571428571428571,molPSA,molArea,Complexity,nof_posCharge,nof_COOH
104747,0.8190476190476191,0.8571428571428573,molPSA,molArea,Complexity,nof_negCharge,C_R1
104752,0.7952380952380953,0.8571428571428571,molPSA,molArea,Complexity,nof_negCharge,nof_RotB
104756,0.8857142857142858,0.8523809523809524,molPSA,molArea,Complexity,nof_negCharge,nof_SH
104767,0.7666666666666667,0.8571428571428571,molPSA,molArea,Complexity,a_heavy,nof_RotB
104797,0.8190476190476189,0.8571428571428573,molPSA,molArea,Complexity,C_R1,nof_SO3H
104805,0.8523809523809524,0.8523809523809524,molPSA,molArea,Complexity,C_R0,negCharge/Volume
104820,0.7571428571428571,0.8571428571428571,molPSA,molArea,Complexity,C_sp3,nof_SO3H
104831,0.7904761904761904,0.8523809523809524,molPSA,molArea,Complexity,posCharge/Volume,nof_SH
104842,0.8523809523809524,0.8523809523809524,molPSA,molArea,Complexity,negCharge/Volume,nof_COOH
104856,0.7619047619047619,0.8523809523809524,molPSA,molArea,Complexity,nof_Fragments,nof_NH2
104863,0.7619047619047619,0.8523809523809524,molPSA,molArea,Complexity,nof_PO4,nof_COOH
104866,0.7666666666666667,0.8809523809523808,molPSA,molArea,Complexity,nof_SO3H,nof_SH
104874,0.7619047619047619,0.9142857142857144,molPSA,molArea,Complexity,nof_SH,nof_acetyl
105112,0.8238095238095238,0.8523809523809524,molPSA,molArea,nof_negCharge,nof_Fragments,nof_NH2
105198,0.7,0.8523809523809524,molPSA,molArea,a_heavy,negCharge/Volume,nof_Fragments
105544,0.6571428571428571,0.8523809523809524,molPSA,molArea,posCharge/Volume,nof_RotB,nof_SH
108329,0.6523809523809525,0.8571428571428573,molPSA,nof_Atoms,nof_HBA,nof_posCharge,a_heavy
120701,0.7666666666666667,0.8523809523809524,molArea,PSA/Area,nof_Atoms,nof_HBD,C_sp3
120704,0.7428571428571429,0.8523809523809524,molArea,PSA/Area,nof_Atoms,nof_HBD,nof_RotB
120770,0.8,0.8571428571428571,molArea,PSA/Area,nof_Atoms,nof_posCharge,nof_negCharge
120783,0.7952380952380953,0.8523809523809524,molArea,PSA/Area,nof_Atoms,nof_posCharge,nof_NH2
120800,0.7714285714285715,0.8523809523809524,molArea,PSA/Area,nof_Atoms,nof_negCharge,nof_COOH
121008,0.7666666666666667,0.8523809523809524,molArea,PSA/Area,nof_Chirals,Complexity,C_R2
121109,0.7380952380952381,0.8571428571428573,molArea,PSA/Area,nof_Chirals,C_R0,nof_acetyl
121135,0.7428571428571429,0.8571428571428571,molArea,PSA/Area,nof_Chirals,negCharge/Volume,nof_SH
121183,0.8190476190476191,0.8571428571428571,molArea,PSA/Area,nof_HBA,nof_HBD,C_R1
121381,0.7619047619047619,0.8523809523809524,molArea,PSA/Area,nof_HBA,nof_Fragments,nof_SH
121394,0.7857142857142858,0.8523809523809524,molArea,PSA/Area,nof_HBA,nof_SO3H,nof_COOH
121443,0.7571428571428571,0.8523809523809524,molArea,PSA/Area,nof_HBD,nof_Rings,nof_COOH
121453,0.7952380952380953,0.8571428571428571,molArea,PSA/Area,nof_HBD,Complexity,posCharge/Volume
121553,0.6761904761904762,0.8571428571428571,molArea,PSA/Area,nof_HBD,C_sp3,nof_RotB
121643,0.8190476190476191,0.8857142857142858,molArea,PSA/Area,molCharge_total,Complexity,posCharge/Volume
121644,0.7619047619047619,0.8857142857142858,molArea,PSA/Area,molCharge_total,Complexity,negCharge/Volume
121684,0.8285714285714285,0.8523809523809524,molArea,PSA/Area,molCharge_total,nof_negCharge,nof_COOH
121739,0.7380952380952381,0.8571428571428571,molArea,PSA/Area,molCharge_total,C_R0,nof_OH
121825,0.7904761904761904,0.8761904761904763,molArea,PSA/Area,nof_Rings,nof_posCharge,nof_negCharge
121838,0.7047619047619047,0.8571428571428571,molArea,PSA/Area,nof_Rings,nof_posCharge,nof_NH2
121841,0.6761904761904761,0.8523809523809524,molArea,PSA/Area,nof_Rings,nof_posCharge,nof_acetyl
121902,0.7333333333333333,0.8523809523809524,molArea,PSA/Area,nof_Rings,C_R0,negCharge/Volume
121990,0.7666666666666667,0.8523809523809524,molArea,PSA/Area,Complexity,nof_posCharge,nof_SH
122114,0.7952380952380953,0.8523809523809524,molArea,PSA/Area,Complexity,nof_PO4,nof_OH
122129,0.7952380952380953,0.8571428571428571,molArea,PSA/Area,Complexity,nof_COOH,nof_acetyl
122132,0.7380952380952381,0.8523809523809524,molArea,PSA/Area,nof_posCharge,nof_negCharge,C_R2
122161,0.7047619047619047,0.8523809523809524,molArea,PSA/Area,nof_posCharge,a_heavy,nof_acetyl
122162,0.7571428571428571,0.8523809523809524,molArea,PSA/Area,nof_posCharge,C_R2,C_R1
122219,0.8285714285714285,0.8571428571428573,molArea,PSA/Area,nof_posCharge,posCharge/Volume,nof_COOH
122547,0.7380952380952381,0.8571428571428573,molArea,PSA/Area,C_R2,nof_RotB,nof_Fragments
122582,0.7380952380952379,0.8571428571428571,molArea,PSA/Area,C_R2,nof_OH,nof_acetyl
122668,0.6476190476190475,0.8523809523809524,molArea,PSA/Area,C_R0,C_sp3,nof_NH2
122704,0.6428571428571428,0.8523809523809524,molArea,PSA/Area,C_R0,nof_Fragments,nof_OH
122853,0.7285714285714284,0.8523809523809524,molArea,PSA/Area,negCharge/Volume,nof_SH,nof_NH2
122865,0.6809523809523811,0.880952380952381,molArea,PSA/Area,nof_RotB,nof_Fragments,nof_SH
123030,0.7714285714285715,0.8523809523809524,molArea,nof_Atoms,nof_Chirals,Complexity,nof_negCharge
123037,0.7904761904761904,0.9095238095238096,molArea,nof_Atoms,nof_Chirals,Complexity,negCharge/Volume
123040,0.7904761904761904,0.8571428571428573,molArea,nof_Atoms,nof_Chirals,Complexity,nof_PO4
123043,0.7666666666666667,0.8571428571428571,molArea,nof_Atoms,nof_Chirals,Complexity,nof_NH2
123046,0.7904761904761904,0.880952380952381,molArea,nof_Atoms,nof_Chirals,Complexity,nof_acetyl
123264,0.8285714285714286,0.8857142857142858,molArea,nof_Atoms,nof_HBA,Complexity,C_R1
123269,0.7619047619047619,0.8857142857142858,molArea,nof_Atoms,nof_HBA,Complexity,nof_RotB
123277,0.7380952380952379,0.8523809523809524,molArea,nof_Atoms,nof_HBA,Complexity,nof_acetyl
123473,0.8238095238095238,0.8571428571428571,molArea,nof_Atoms,nof_HBD,Complexity,C_R2
123478,0.7285714285714285,0.8809523809523808,molArea,nof_Atoms,nof_HBD,Complexity,negCharge/Volume
123485,0.7904761904761904,0.8571428571428571,molArea,nof_Atoms,nof_HBD,Complexity,nof_COOH
123486,0.7714285714285714,0.8571428571428571,molArea,nof_Atoms,nof_HBD,Complexity,nof_OH
123664,0.8285714285714286,0.8523809523809524,molArea,nof_Atoms,molCharge_total,Complexity,C_R1
123715,0.7428571428571429,0.8523809523809524,molArea,nof_Atoms,molCharge_total,a_heavy,posCharge/Volume
123840,0.6761904761904761,0.8523809523809524,molArea,nof_Atoms,nof_Rings,Complexity,nof_RotB
123842,0.8285714285714285,0.8571428571428571,molArea,nof_Atoms,nof_Rings,Complexity,nof_PO4
124005,0.7666666666666667,0.8523809523809524,molArea,nof_Atoms,Complexity,nof_posCharge,C_R1
124010,0.7714285714285715,0.8571428571428571,molArea,nof_Atoms,Complexity,nof_posCharge,nof_RotB
124015,0.7952380952380953,0.8523809523809524,molArea,nof_Atoms,Complexity,nof_posCharge,nof_NH2
124021,0.7142857142857142,0.8857142857142858,molArea,nof_Atoms,Complexity,nof_negCharge,C_R1
124024,0.8,0.8523809523809524,molArea,nof_Atoms,Complexity,nof_negCharge,posCharge/Volume
124028,0.8,0.8571428571428571,molArea,nof_Atoms,Complexity,nof_negCharge,nof_PO4
124033,0.7904761904761906,0.8761904761904763,molArea,nof_Atoms,Complexity,nof_negCharge,nof_OH
124036,0.7952380952380953,0.8571428571428571,molArea,nof_Atoms,Complexity,a_heavy,C_R1
124041,0.8238095238095239,0.8523809523809524,molArea,nof_Atoms,Complexity,a_heavy,nof_RotB
124043,0.7952380952380953,0.8809523809523808,molArea,nof_Atoms,Complexity,a_heavy,nof_PO4
124046,0.7952380952380953,0.8571428571428571,molArea,nof_Atoms,Complexity,a_heavy,nof_NH2
124052,0.7904761904761906,0.9095238095238096,molArea,nof_Atoms,Complexity,C_R2,C_sp3
124053,0.8,0.8571428571428571,molArea,nof_Atoms,Complexity,C_R2,posCharge/Volume
124057,0.7380952380952381,0.880952380952381,molArea,nof_Atoms,Complexity,C_R2,nof_PO4
124063,0.7285714285714285,0.8523809523809524,molArea,nof_Atoms,Complexity,C_R2,nof_acetyl
124064,0.8,0.8571428571428573,molArea,nof_Atoms,Complexity,C_R1,C_R0
124067,0.7380952380952379,0.8857142857142858,molArea,nof_Atoms,Complexity,C_R1,negCharge/Volume
124094,0.8523809523809524,0.8523809523809524,molArea,nof_Atoms,Complexity,C_sp3,nof_SO3H
124107,0.8238095238095238,0.8809523809523808,molArea,nof_Atoms,Complexity,posCharge/Volume,nof_COOH
124110,0.7333333333333333,0.880952380952381,molArea,nof_Atoms,Complexity,negCharge/Volume,nof_RotB
124113,0.8238095238095238,0.8523809523809524,molArea,nof_Atoms,Complexity,negCharge/Volume,nof_SO3H
124118,0.7714285714285715,0.880952380952381,molArea,nof_Atoms,Complexity,negCharge/Volume,nof_acetyl
124120,0.7904761904761904,0.8571428571428571,molArea,nof_Atoms,Complexity,nof_RotB,nof_PO4
124129,0.6761904761904762,0.8523809523809524,molArea,nof_Atoms,Complexity,nof_Fragments,nof_SH
124130,0.7714285714285715,0.8523809523809524,molArea,nof_Atoms,Complexity,nof_Fragments,nof_NH2
124140,0.8285714285714286,0.880952380952381,molArea,nof_Atoms,Complexity,nof_SO3H,nof_SH
124141,0.7428571428571429,0.8571428571428571,molArea,nof_Atoms,Complexity,nof_SO3H,nof_NH2
124142,0.7904761904761904,0.8571428571428571,molArea,nof_Atoms,Complexity,nof_SO3H,nof_COOH
124143,0.8476190476190476,0.8571428571428571,molArea,nof_Atoms,Complexity,nof_SO3H,nof_OH
124148,0.7428571428571428,0.8571428571428571,molArea,nof_Atoms,Complexity,nof_SH,nof_acetyl
124424,0.7619047619047619,0.8571428571428571,molArea,nof_Atoms,a_heavy,C_R2,nof_acetyl
125032,0.8190476190476191,0.8857142857142858,molArea,nof_Chirals,nof_HBA,Complexity,nof_negCharge
125044,0.7095238095238096,0.8571428571428571,molArea,nof_Chirals,nof_HBA,Complexity,nof_SH
125241,0.7857142857142858,0.8857142857142858,molArea,nof_Chirals,nof_HBD,Complexity,nof_posCharge
125245,0.8,0.8571428571428571,molArea,nof_Chirals,nof_HBD,Complexity,C_R1
125247,0.7333333333333333,0.8857142857142858,molArea,nof_Chirals,nof_HBD,Complexity,C_sp3
125249,0.8190476190476191,0.8523809523809524,molArea,nof_Chirals,nof_HBD,Complexity,negCharge/Volume
125250,0.7666666666666667,0.880952380952381,molArea,nof_Chirals,nof_HBD,Complexity,nof_RotB
125256,0.8238095238095238,0.8523809523809524,molArea,nof_Chirals,nof_HBD,Complexity,nof_COOH
125431,0.8571428571428571,0.880952380952381,molArea,nof_Chirals,molCharge_total,Complexity,nof_posCharge
125432,0.7380952380952381,0.8857142857142858,molArea,nof_Chirals,molCharge_total,Complexity,nof_negCharge
125437,0.7952380952380953,0.8571428571428571,molArea,nof_Chirals,molCharge_total,Complexity,C_sp3
125438,0.8238095238095238,0.9142857142857144,molArea,nof_Chirals,molCharge_total,Complexity,posCharge/Volume
125439,0.7952380952380953,0.8571428571428571,molArea,nof_Chirals,molCharge_total,Complexity,negCharge/Volume
125440,0.8285714285714286,0.8523809523809524,molArea,nof_Chirals,molCharge_total,Complexity,nof_RotB
125442,0.8285714285714285,0.8761904761904763,molArea,nof_Chirals,molCharge_total,Complexity,nof_PO4
125605,0.8238095238095238,0.8523809523809524,molArea,nof_Chirals,nof_Rings,Complexity,C_R2
125606,0.8523809523809524,0.8571428571428571,molArea,nof_Chirals,nof_Rings,Complexity,C_R1
125615,0.8523809523809524,0.8523809523809524,molArea,nof_Chirals,nof_Rings,Complexity,nof_SH
125773,0.8285714285714285,0.8857142857142858,molArea,nof_Chirals,Complexity,nof_posCharge,nof_negCharge
125779,0.8285714285714286,0.8523809523809524,molArea,nof_Chirals,Complexity,nof_posCharge,posCharge/Volume
125788,0.7571428571428571,0.8523809523809524,molArea,nof_Chirals,Complexity,nof_posCharge,nof_OH
125789,0.8238095238095238,0.880952380952381,molArea,nof_Chirals,Complexity,nof_posCharge,nof_acetyl
125794,0.7952380952380953,0.8523809523809524,molArea,nof_Chirals,Complexity,nof_negCharge,C_sp3
125812,0.8476190476190476,0.8857142857142858,molArea,nof_Chirals,Complexity,a_heavy,nof_RotB
125815,0.8190476190476191,0.8571428571428571,molArea,nof_Chirals,Complexity,a_heavy,nof_SO3H
125821,0.7380952380952379,0.8571428571428571,molArea,nof_Chirals,Complexity,C_R2,C_R1
125823,0.7904761904761904,0.8571428571428571,molArea,nof_Chirals,Complexity,C_R2,C_sp3
125829,0.8857142857142858,0.9142857142857144,molArea,nof_Chirals,Complexity,C_R2,nof_SO3H
125834,0.7380952380952381,0.8523809523809524,molArea,nof_Chirals,Complexity,C_R2,nof_acetyl
125835,0.8523809523809524,0.880952380952381,molArea,nof_Chirals,Complexity,C_R1,C_R0
125840,0.7285714285714285,0.880952380952381,molArea,nof_Chirals,Complexity,C_R1,nof_Fragments
125843,0.7047619047619047,0.8571428571428571,molArea,nof_Chirals,Complexity,C_R1,nof_SH
125844,0.8,0.8571428571428571,molArea,nof_Chirals,Complexity,C_R1,nof_NH2
125868,0.7714285714285714,0.8523809523809524,molArea,nof_Chirals,Complexity,C_sp3,nof_COOH
125871,0.7666666666666667,0.8571428571428571,molArea,nof_Chirals,Complexity,posCharge/Volume,negCharge/Volume
125872,0.7333333333333333,0.8571428571428573,molArea,nof_Chirals,Complexity,posCharge/Volume,nof_RotB
125877,0.7428571428571429,0.8571428571428571,molArea,nof_Chirals,Complexity,posCharge/Volume,nof_NH2
125883,0.8238095238095239,0.8523809523809524,molArea,nof_Chirals,Complexity,negCharge/Volume,nof_PO4
125885,0.7952380952380953,0.8571428571428571,molArea,nof_Chirals,Complexity,negCharge/Volume,nof_SH
125888,0.8238095238095238,0.8523809523809524,molArea,nof_Chirals,Complexity,negCharge/Volume,nof_OH
125894,0.7904761904761906,0.880952380952381,molArea,nof_Chirals,Complexity,nof_RotB,nof_NH2
125902,0.7619047619047618,0.8571428571428573,molArea,nof_Chirals,Complexity,nof_Fragments,nof_COOH
125915,0.8,0.8523809523809524,molArea,nof_Chirals,Complexity,nof_SO3H,nof_acetyl
125916,0.8476190476190476,0.8857142857142858,molArea,nof_Chirals,Complexity,nof_SH,nof_NH2
125920,0.8190476190476189,0.880952380952381,molArea,nof_Chirals,Complexity,nof_NH2,nof_COOH
125925,0.8571428571428571,0.8857142857142858,molArea,nof_Chirals,Complexity,nof_OH,nof_acetyl
126265,0.7380952380952379,0.8523809523809524,molArea,nof_Chirals,a_heavy,nof_Fragments,nof_acetyl
126789,0.7952380952380953,0.8857142857142858,molArea,nof_HBA,nof_HBD,Complexity,negCharge/Volume
126790,0.8285714285714285,0.880952380952381,molArea,nof_HBA,nof_HBD,Complexity,nof_RotB
126794,0.8190476190476191,0.880952380952381,molArea,nof_HBA,nof_HBD,Complexity,nof_SH
126798,0.8238095238095238,0.8857142857142858,molArea,nof_HBA,nof_HBD,Complexity,nof_acetyl
126971,0.7952380952380953,0.8809523809523808,molArea,nof_HBA,molCharge_total,Complexity,nof_posCharge
126974,0.8523809523809524,0.880952380952381,molArea,nof_HBA,molCharge_total,Complexity,C_R2
126978,0.8571428571428571,0.8857142857142858,molArea,nof_HBA,molCharge_total,Complexity,posCharge/Volume
126981,0.7333333333333333,0.880952380952381,molArea,nof_HBA,molCharge_total,Complexity,nof_Fragments
127144,0.8238095238095239,0.8523809523809524,molArea,nof_HBA,nof_Rings,Complexity,a_heavy
127153,0.7666666666666667,0.8571428571428571,molArea,nof_HBA,nof_Rings,Complexity,nof_PO4
127155,0.7333333333333333,0.8571428571428571,molArea,nof_HBA,nof_Rings,Complexity,nof_SH
127313,0.8285714285714285,0.8523809523809524,molArea,nof_HBA,Complexity,nof_posCharge,nof_negCharge
127318,0.8523809523809524,0.8523809523809524,molArea,nof_HBA,Complexity,nof_posCharge,C_sp3
127319,0.8238095238095239,0.8571428571428571,molArea,nof_HBA,Complexity,nof_posCharge,posCharge/Volume
127325,0.8523809523809524,0.8523809523809524,molArea,nof_HBA,Complexity,nof_posCharge,nof_SH
127343,0.8238095238095238,0.8523809523809524,molArea,nof_HBA,Complexity,nof_negCharge,nof_COOH
127345,0.8238095238095238,0.8523809523809524,molArea,nof_HBA,Complexity,nof_negCharge,nof_acetyl
127346,0.8571428571428571,0.8809523809523808,molArea,nof_HBA,Complexity,a_heavy,C_R2
127347,0.8476190476190476,0.8809523809523808,molArea,nof_HBA,Complexity,a_heavy,C_R1
127355,0.8285714285714285,0.8523809523809524,molArea,nof_HBA,Complexity,a_heavy,nof_SO3H
127357,0.7952380952380953,0.8523809523809524,molArea,nof_HBA,Complexity,a_heavy,nof_NH2
127364,0.8285714285714285,0.8761904761904763,molArea,nof_HBA,Complexity,C_R2,posCharge/Volume
127371,0.7095238095238096,0.8857142857142858,molArea,nof_HBA,Complexity,C_R2,nof_NH2
127374,0.7666666666666667,0.9095238095238096,molArea,nof_HBA,Complexity,C_R2,nof_acetyl
127382,0.7666666666666667,0.8571428571428573,molArea,nof_HBA,Complexity,C_R1,nof_SO3H
127384,0.7571428571428572,0.8523809523809524,molArea,nof_HBA,Complexity,C_R1,nof_NH2
127390,0.7571428571428571,0.8571428571428571,molArea,nof_HBA,Complexity,C_R0,negCharge/Volume
127395,0.7666666666666667,0.8571428571428571,molArea,nof_HBA,Complexity,C_R0,nof_SH
127397,0.8523809523809524,0.8571428571428571,molArea,nof_HBA,Complexity,C_R0,nof_COOH
127399,0.8285714285714285,0.8571428571428571,molArea,nof_HBA,Complexity,C_R0,nof_acetyl
127409,0.7666666666666667,0.9095238095238096,molArea,nof_HBA,Complexity,C_sp3,nof_OH
127417,0.8571428571428571,0.8523809523809524,molArea,nof_HBA,Complexity,posCharge/Volume,nof_NH2
127422,0.8190476190476189,0.8857142857142858,molArea,nof_HBA,Complexity,negCharge/Volume,nof_Fragments
127430,0.7666666666666667,0.9047619047619048,molArea,nof_HBA,Complexity,nof_RotB,nof_Fragments
127439,0.7952380952380953,0.8523809523809524,molArea,nof_HBA,Complexity,nof_Fragments,nof_SO3H
127448,0.8761904761904763,0.9095238095238096,molArea,nof_HBA,Complexity,nof_PO4,nof_COOH
127455,0.7714285714285715,0.880952380952381,molArea,nof_HBA,Complexity,nof_SO3H,nof_acetyl
127459,0.7952380952380953,0.8571428571428571,molArea,nof_HBA,Complexity,nof_SH,nof_acetyl
127460,0.7904761904761904,0.9142857142857144,molArea,nof_HBA,Complexity,nof_NH2,nof_COOH
127461,0.7952380952380952,0.8857142857142858,molArea,nof_HBA,Complexity,nof_NH2,nof_OH
127463,0.8,0.8857142857142858,molArea,nof_HBA,Complexity,nof_COOH,nof_OH
128301,0.8238095238095238,0.8571428571428571,molArea,nof_HBD,molCharge_total,Complexity,nof_posCharge
128302,0.8571428571428571,0.8523809523809524,molArea,nof_HBD,molCharge_total,Complexity,nof_negCharge
128304,0.8238095238095238,0.8571428571428571,molArea,nof_HBD,molCharge_total,Complexity,C_R2
128308,0.7904761904761906,0.8523809523809524,molArea,nof_HBD,molCharge_total,Complexity,posCharge/Volume
128309,0.7380952380952379,0.8571428571428571,molArea,nof_HBD,molCharge_total,Complexity,negCharge/Volume
128311,0.7952380952380953,0.8857142857142858,molArea,nof_HBD,molCharge_total,Complexity,nof_Fragments
128316,0.8285714285714285,0.8571428571428571,molArea,nof_HBD,molCharge_total,Complexity,nof_COOH
128472,0.7952380952380953,0.8857142857142858,molArea,nof_HBD,nof_Rings,Complexity,nof_posCharge
128474,0.8523809523809524,0.8523809523809524,molArea,nof_HBD,nof_Rings,Complexity,a_heavy
128475,0.8523809523809524,0.8523809523809524,molArea,nof_HBD,nof_Rings,Complexity,C_R2
128476,0.7904761904761904,0.8523809523809524,molArea,nof_HBD,nof_Rings,Complexity,C_R1
128479,0.7619047619047619,0.880952380952381,molArea,nof_HBD,nof_Rings,Complexity,posCharge/Volume
128651,0.7952380952380953,0.8571428571428573,molArea,nof_HBD,Complexity,nof_posCharge,nof_RotB
128654,0.8476190476190476,0.8523809523809524,molArea,nof_HBD,Complexity,nof_posCharge,nof_SO3H
128657,0.7952380952380953,0.8571428571428571,molArea,nof_HBD,Complexity,nof_posCharge,nof_COOH
128658,0.8285714285714285,0.8857142857142858,molArea,nof_HBD,Complexity,nof_posCharge,nof_OH
128659,0.7714285714285715,0.8571428571428573,molArea,nof_HBD,Complexity,nof_posCharge,nof_acetyl
128660,0.8571428571428571,0.8523809523809524,molArea,nof_HBD,Complexity,nof_negCharge,a_heavy
128661,0.7952380952380953,0.8523809523809524,molArea,nof_HBD,Complexity,nof_negCharge,C_R2
128673,0.8238095238095238,0.8571428571428573,molArea,nof_HBD,Complexity,nof_negCharge,nof_COOH
128677,0.8,0.8523809523809524,molArea,nof_HBD,Complexity,a_heavy,C_R1
128679,0.8523809523809524,0.8523809523809524,molArea,nof_HBD,Complexity,a_heavy,C_sp3
128680,0.7619047619047619,0.8571428571428571,molArea,nof_HBD,Complexity,a_heavy,posCharge/Volume
128681,0.8523809523809524,0.8523809523809524,molArea,nof_HBD,Complexity,a_heavy,negCharge/Volume
128685,0.8,0.8523809523809524,molArea,nof_HBD,Complexity,a_heavy,nof_SO3H
128690,0.8285714285714285,0.880952380952381,molArea,nof_HBD,Complexity,a_heavy,nof_acetyl
128693,0.7666666666666667,0.8523809523809524,molArea,nof_HBD,Complexity,C_R2,C_sp3
128694,0.7333333333333333,0.8571428571428573,molArea,nof_HBD,Complexity,C_R2,posCharge/Volume
128695,0.7666666666666667,0.8857142857142858,molArea,nof_HBD,Complexity,C_R2,negCharge/Volume
128698,0.8238095238095239,0.880952380952381,molArea,nof_HBD,Complexity,C_R2,nof_PO4
128703,0.7952380952380953,0.8523809523809524,molArea,nof_HBD,Complexity,C_R2,nof_OH
128706,0.8,0.8523809523809524,molArea,nof_HBD,Complexity,C_R1,C_sp3
128708,0.8238095238095238,0.8571428571428571,molArea,nof_HBD,Complexity,C_R1,negCharge/Volume
128714,0.7904761904761904,0.8571428571428571,molArea,nof_HBD,Complexity,C_R1,nof_NH2
128716,0.7714285714285715,0.8857142857142858,molArea,nof_HBD,Complexity,C_R1,nof_OH
128719,0.7047619047619047,0.8857142857142858,molArea,nof_HBD,Complexity,C_R0,posCharge/Volume
128722,0.7666666666666667,0.8523809523809524,molArea,nof_HBD,Complexity,C_R0,nof_Fragments
128737,0.7428571428571429,0.8523809523809524,molArea,nof_HBD,Complexity,C_sp3,nof_NH2
128739,0.7952380952380953,0.8523809523809524,molArea,nof_HBD,Complexity,C_sp3,nof_OH
128742,0.7619047619047619,0.8571428571428571,molArea,nof_HBD,Complexity,posCharge/Volume,nof_RotB
128744,0.7952380952380953,0.880952380952381,molArea,nof_HBD,Complexity,posCharge/Volume,nof_PO4
128746,0.8190476190476191,0.8809523809523808,molArea,nof_HBD,Complexity,posCharge/Volume,nof_SH
128761,0.6476190476190476,0.8523809523809524,molArea,nof_HBD,Complexity,nof_RotB,nof_PO4
128763,0.7571428571428571,0.8523809523809524,molArea,nof_HBD,Complexity,nof_RotB,nof_SH
128768,0.7571428571428572,0.8523809523809524,molArea,nof_HBD,Complexity,nof_Fragments,nof_PO4
128779,0.7904761904761904,0.8523809523809524,molArea,nof_HBD,Complexity,nof_PO4,nof_OH
128783,0.8571428571428571,0.8523809523809524,molArea,nof_HBD,Complexity,nof_SO3H,nof_COOH
128786,0.6428571428571428,0.8523809523809524,molArea,nof_HBD,Complexity,nof_SH,nof_NH2
128792,0.7666666666666667,0.8857142857142858,molArea,nof_HBD,Complexity,nof_NH2,nof_acetyl
128793,0.8238095238095238,0.8523809523809524,molArea,nof_HBD,Complexity,nof_COOH,nof_OH
128794,0.8285714285714285,0.8523809523809524,molArea,nof_HBD,Complexity,nof_COOH,nof_acetyl
129612,0.7571428571428571,0.8523809523809524,molArea,molCharge_total,nof_Rings,Complexity,nof_posCharge
129614,0.8238095238095238,0.8571428571428571,molArea,molCharge_total,nof_Rings,Complexity,a_heavy
129616,0.7714285714285714,0.8523809523809524,molArea,molCharge_total,nof_Rings,Complexity,C_R1
129618,0.7952380952380953,0.8809523809523808,molArea,molCharge_total,nof_Rings,Complexity,C_sp3
129625,0.8285714285714285,0.8571428571428571,molArea,molCharge_total,nof_Rings,Complexity,nof_SH
129628,0.8476190476190476,0.8571428571428571,molArea,molCharge_total,nof_Rings,Complexity,nof_OH
129788,0.7333333333333333,0.8523809523809524,molArea,molCharge_total,Complexity,nof_posCharge,C_sp3
129793,0.7,0.880952380952381,molArea,molCharge_total,Complexity,nof_posCharge,nof_PO4
129795,0.7666666666666667,0.8571428571428571,molArea,molCharge_total,Complexity,nof_posCharge,nof_SH
129804,0.7666666666666667,0.8857142857142858,molArea,molCharge_total,Complexity,nof_negCharge,C_sp3
129811,0.7904761904761904,0.9095238095238096,molArea,molCharge_total,Complexity,nof_negCharge,nof_SH
129812,0.8,0.8571428571428571,molArea,molCharge_total,Complexity,nof_negCharge,nof_NH2
129822,0.7619047619047619,0.8523809523809524,molArea,molCharge_total,Complexity,a_heavy,nof_RotB
129824,0.8190476190476191,0.8523809523809524,molArea,molCharge_total,Complexity,a_heavy,nof_PO4
129825,0.8190476190476189,0.8571428571428571,molArea,molCharge_total,Complexity,a_heavy,nof_SO3H
129827,0.7666666666666667,0.8523809523809524,molArea,molCharge_total,Complexity,a_heavy,nof_NH2
129830,0.7857142857142858,0.8523809523809524,molArea,molCharge_total,Complexity,a_heavy,nof_acetyl
129842,0.7904761904761906,0.880952380952381,molArea,molCharge_total,Complexity,C_R2,nof_COOH
129849,0.6571428571428571,0.8809523809523808,molArea,molCharge_total,Complexity,C_R1,nof_RotB
129850,0.8238095238095238,0.8857142857142858,molArea,molCharge_total,Complexity,C_R1,nof_Fragments
129855,0.7666666666666667,0.8523809523809524,molArea,molCharge_total,Complexity,C_R1,nof_COOH
129857,0.8190476190476191,0.8857142857142858,molArea,molCharge_total,Complexity,C_R1,nof_acetyl
129859,0.7333333333333333,0.8571428571428571,molArea,molCharge_total,Complexity,C_R0,posCharge/Volume
129860,0.7857142857142858,0.8523809523809524,molArea,molCharge_total,Complexity,C_R0,negCharge/Volume
129865,0.7904761904761904,0.8523809523809524,molArea,molCharge_total,Complexity,C_R0,nof_SH
129868,0.7666666666666667,0.8523809523809524,molArea,molCharge_total,Complexity,C_R0,nof_OH
129869,0.7523809523809524,0.8571428571428573,molArea,molCharge_total,Complexity,C_R0,nof_acetyl
129874,0.7857142857142857,0.880952380952381,molArea,molCharge_total,Complexity,C_sp3,nof_PO4
129877,0.7714285714285715,0.8571428571428571,molArea,molCharge_total,Complexity,C_sp3,nof_NH2
129878,0.7666666666666667,0.8571428571428571,molArea,molCharge_total,Complexity,C_sp3,nof_COOH
129880,0.7428571428571429,0.8523809523809524,molArea,molCharge_total,Complexity,C_sp3,nof_acetyl
129883,0.7952380952380953,0.8523809523809524,molArea,molCharge_total,Complexity,posCharge/Volume,nof_Fragments
129890,0.7333333333333333,0.8571428571428571,molArea,molCharge_total,Complexity,posCharge/Volume,nof_acetyl
129898,0.7285714285714285,0.9142857142857144,molArea,molCharge_total,Complexity,negCharge/Volume,nof_OH
129899,0.7952380952380953,0.880952380952381,molArea,molCharge_total,Complexity,negCharge/Volume,nof_acetyl
129906,0.7809523809523811,0.8571428571428571,molArea,molCharge_total,Complexity,nof_RotB,nof_OH
129907,0.8,0.8523809523809524,molArea,molCharge_total,Complexity,nof_RotB,nof_acetyl
129908,0.7952380952380953,0.880952380952381,molArea,molCharge_total,Complexity,nof_Fragments,nof_PO4
129917,0.7952380952380953,0.8857142857142858,molArea,molCharge_total,Complexity,nof_PO4,nof_NH2
129919,0.8809523809523808,0.8571428571428571,molArea,molCharge_total,Complexity,nof_PO4,nof_OH
129920,0.8571428571428571,0.8809523809523808,molArea,molCharge_total,Complexity,nof_PO4,nof_acetyl
129921,0.8571428571428571,0.8571428571428571,molArea,molCharge_total,Complexity,nof_SO3H,nof_SH
129922,0.7904761904761904,0.880952380952381,molArea,molCharge_total,Complexity,nof_SO3H,nof_NH2
129930,0.7666666666666667,0.8571428571428571,molArea,molCharge_total,Complexity,nof_NH2,nof_COOH
129933,0.7952380952380953,0.880952380952381,molArea,molCharge_total,Complexity,nof_COOH,nof_OH
130757,0.8238095238095238,0.8571428571428573,molArea,nof_Rings,Complexity,nof_posCharge,C_sp3
130760,0.8238095238095238,0.8571428571428571,molArea,nof_Rings,Complexity,nof_posCharge,nof_RotB
130767,0.7619047619047619,0.8523809523809524,molArea,nof_Rings,Complexity,nof_posCharge,nof_OH
130770,0.8476190476190476,0.8523809523809524,molArea,nof_Rings,Complexity,nof_negCharge,C_R2
130771,0.8,0.880952380952381,molArea,nof_Rings,Complexity,nof_negCharge,C_R1
130777,0.8238095238095238,0.8571428571428571,molArea,nof_Rings,Complexity,nof_negCharge,nof_Fragments
130779,0.7523809523809525,0.8857142857142858,molArea,nof_Rings,Complexity,nof_negCharge,nof_SO3H
130781,0.8190476190476191,0.8523809523809524,molArea,nof_Rings,Complexity,nof_negCharge,nof_NH2
130782,0.8523809523809524,0.880952380952381,molArea,nof_Rings,Complexity,nof_negCharge,nof_COOH
130792,0.8285714285714285,0.8571428571428571,molArea,nof_Rings,Complexity,a_heavy,nof_Fragments
130797,0.7619047619047619,0.8523809523809524,molArea,nof_Rings,Complexity,a_heavy,nof_COOH
130800,0.8238095238095238,0.8857142857142858,molArea,nof_Rings,Complexity,C_R2,C_R1
130802,0.8523809523809524,0.8523809523809524,molArea,nof_Rings,Complexity,C_R2,C_sp3
130803,0.8571428571428571,0.8857142857142858,molArea,nof_Rings,Complexity,C_R2,posCharge/Volume
130807,0.8761904761904763,0.8523809523809524,molArea,nof_Rings,Complexity,C_R2,nof_PO4
130810,0.7095238095238096,0.8523809523809524,molArea,nof_Rings,Complexity,C_R2,nof_NH2
130811,0.7952380952380953,0.880952380952381,molArea,nof_Rings,Complexity,C_R2,nof_COOH
130812,0.7952380952380953,0.8571428571428573,molArea,nof_Rings,Complexity,C_R2,nof_OH
130817,0.8238095238095238,0.8523809523809524,molArea,nof_Rings,Complexity,C_R1,negCharge/Volume
130821,0.8571428571428571,0.8857142857142858,molArea,nof_Rings,Complexity,C_R1,nof_SO3H
130826,0.8142857142857143,0.8857142857142858,molArea,nof_Rings,Complexity,C_R1,nof_acetyl
130828,0.8571428571428571,0.8857142857142858,molArea,nof_Rings,Complexity,C_R0,posCharge/Volume
130845,0.8190476190476191,0.8571428571428571,molArea,nof_Rings,Complexity,C_sp3,nof_SH
130849,0.8,0.880952380952381,molArea,nof_Rings,Complexity,C_sp3,nof_acetyl
130856,0.7380952380952379,0.8523809523809524,molArea,nof_Rings,Complexity,posCharge/Volume,nof_NH2
130865,0.7904761904761904,0.8523809523809524,molArea,nof_Rings,Complexity,negCharge/Volume,nof_NH2
130866,0.8238095238095239,0.8571428571428571,molArea,nof_Rings,Complexity,negCharge/Volume,nof_COOH
130877,0.8523809523809524,0.8571428571428571,molArea,nof_Rings,Complexity,nof_Fragments,nof_PO4
130878,0.7952380952380953,0.880952380952381,molArea,nof_Rings,Complexity,nof_Fragments,nof_SO3H
130879,0.7714285714285715,0.8571428571428571,molArea,nof_Rings,Complexity,nof_Fragments,nof_SH
130883,0.7666666666666667,0.8523809523809524,molArea,nof_Rings,Complexity,nof_Fragments,nof_acetyl
130888,0.7952380952380953,0.8523809523809524,molArea,nof_Rings,Complexity,nof_PO4,nof_OH
130894,0.8857142857142858,0.880952380952381,molArea,nof_Rings,Complexity,nof_SO3H,nof_acetyl
130900,0.8,0.8571428571428573,molArea,nof_Rings,Complexity,nof_NH2,nof_OH
130903,0.7619047619047619,0.8857142857142858,molArea,nof_Rings,Complexity,nof_COOH,nof_acetyl
130904,0.8190476190476189,0.8523809523809524,molArea,nof_Rings,Complexity,nof_OH,nof_acetyl
131724,0.7714285714285715,0.8857142857142858,molArea,Complexity,nof_posCharge,nof_negCharge,C_R0
131727,0.7952380952380953,0.8857142857142858,molArea,Complexity,nof_posCharge,nof_negCharge,negCharge/Volume
131732,0.7952380952380953,0.8857142857142858,molArea,Complexity,nof_posCharge,nof_negCharge,nof_SH
131734,0.8809523809523808,0.880952380952381,molArea,Complexity,nof_posCharge,nof_negCharge,nof_COOH
131741,0.7714285714285714,0.8523809523809524,molArea,Complexity,nof_posCharge,a_heavy,posCharge/Volume
131744,0.8238095238095238,0.8571428571428571,molArea,Complexity,nof_posCharge,a_heavy,nof_Fragments
131748,0.7714285714285715,0.8523809523809524,molArea,Complexity,nof_posCharge,a_heavy,nof_NH2
131750,0.8285714285714285,0.8523809523809524,molArea,Complexity,nof_posCharge,a_heavy,nof_OH
131753,0.7333333333333332,0.880952380952381,molArea,Complexity,nof_posCharge,C_R2,C_R0
131754,0.8238095238095239,0.880952380952381,molArea,Complexity,nof_posCharge,C_R2,C_sp3
131758,0.7571428571428571,0.8857142857142858,molArea,Complexity,nof_posCharge,C_R2,nof_Fragments
131763,0.7904761904761906,0.8523809523809524,molArea,Complexity,nof_posCharge,C_R2,nof_COOH
131772,0.7904761904761904,0.880952380952381,molArea,Complexity,nof_posCharge,C_R1,nof_PO4
131774,0.8190476190476189,0.8809523809523808,molArea,Complexity,nof_posCharge,C_R1,nof_SH
131775,0.7952380952380953,0.880952380952381,molArea,Complexity,nof_posCharge,C_R1,nof_NH2
131776,0.8238095238095238,0.9095238095238096,molArea,Complexity,nof_posCharge,C_R1,nof_COOH
131788,0.7380952380952381,0.8571428571428573,molArea,Complexity,nof_posCharge,C_R0,nof_COOH
131799,0.7666666666666667,0.880952380952381,molArea,Complexity,nof_posCharge,C_sp3,nof_COOH
131800,0.7666666666666667,0.8523809523809524,molArea,Complexity,nof_posCharge,C_sp3,nof_OH
131802,0.7666666666666667,0.880952380952381,molArea,Complexity,nof_posCharge,posCharge/Volume,negCharge/Volume
131810,0.8523809523809524,0.8523809523809524,molArea,Complexity,nof_posCharge,posCharge/Volume,nof_OH
131815,0.8238095238095238,0.8571428571428573,molArea,Complexity,nof_posCharge,negCharge/Volume,nof_SO3H
131822,0.7857142857142858,0.9142857142857144,molArea,Complexity,nof_posCharge,nof_RotB,nof_PO4
131828,0.7952380952380952,0.880952380952381,molArea,Complexity,nof_posCharge,nof_RotB,nof_acetyl
131832,0.7380952380952381,0.8523809523809524,molArea,Complexity,nof_posCharge,nof_Fragments,nof_NH2
131833,0.8238095238095239,0.8523809523809524,molArea,Complexity,nof_posCharge,nof_Fragments,nof_COOH
131837,0.7285714285714286,0.8571428571428571,molArea,Complexity,nof_posCharge,nof_PO4,nof_SH
131844,0.8190476190476191,0.8523809523809524,molArea,Complexity,nof_posCharge,nof_SO3H,nof_COOH
131845,0.7666666666666667,0.880952380952381,molArea,Complexity,nof_posCharge,nof_SO3H,nof_OH
131848,0.8,0.8857142857142858,molArea,Complexity,nof_posCharge,nof_SH,nof_COOH
131851,0.7666666666666667,0.9142857142857144,molArea,Complexity,nof_posCharge,nof_NH2,nof_COOH
131853,0.8523809523809524,0.8523809523809524,molArea,Complexity,nof_posCharge,nof_NH2,nof_acetyl
131856,0.7904761904761904,0.8523809523809524,molArea,Complexity,nof_posCharge,nof_OH,nof_acetyl
131868,0.8476190476190476,0.8523809523809524,molArea,Complexity,nof_negCharge,a_heavy,nof_NH2
131869,0.7666666666666667,0.8523809523809524,molArea,Complexity,nof_negCharge,a_heavy,nof_COOH
131870,0.7952380952380953,0.8523809523809524,molArea,Complexity,nof_negCharge,a_heavy,nof_OH
131871,0.7952380952380953,0.9095238095238096,molArea,Complexity,nof_negCharge,a_heavy,nof_acetyl
131872,0.6761904761904762,0.880952380952381,molArea,Complexity,nof_negCharge,C_R2,C_R1
131873,0.7380952380952381,0.880952380952381,molArea,Complexity,nof_negCharge,C_R2,C_R0
131874,0.7619047619047619,0.8857142857142858,molArea,Complexity,nof_negCharge,C_R2,C_sp3
131882,0.7952380952380953,0.9095238095238096,molArea,Complexity,nof_negCharge,C_R2,nof_NH2
131888,0.8476190476190476,0.8571428571428571,molArea,Complexity,nof_negCharge,C_R1,posCharge/Volume
131891,0.7904761904761906,0.880952380952381,molArea,Complexity,nof_negCharge,C_R1,nof_Fragments
131892,0.7952380952380953,0.8571428571428573,molArea,Complexity,nof_negCharge,C_R1,nof_PO4
131911,0.7857142857142858,0.8761904761904763,molArea,Complexity,nof_negCharge,C_sp3,posCharge/Volume
131913,0.7666666666666667,0.8523809523809524,molArea,Complexity,nof_negCharge,C_sp3,nof_RotB
131921,0.8238095238095238,0.8857142857142858,molArea,Complexity,nof_negCharge,C_sp3,nof_acetyl
131926,0.8476190476190476,0.8809523809523808,molArea,Complexity,nof_negCharge,posCharge/Volume,nof_SO3H
131928,0.7952380952380953,0.8857142857142858,molArea,Complexity,nof_negCharge,posCharge/Volume,nof_NH2
131940,0.8,0.880952380952381,molArea,Complexity,nof_negCharge,negCharge/Volume,nof_acetyl
131945,0.6761904761904761,0.880952380952381,molArea,Complexity,nof_negCharge,nof_RotB,nof_NH2
131949,0.880952380952381,0.8523809523809524,molArea,Complexity,nof_negCharge,nof_Fragments,nof_PO4
131961,0.8285714285714285,0.880952380952381,molArea,Complexity,nof_negCharge,nof_PO4,nof_acetyl
131962,0.8761904761904763,0.8571428571428571,molArea,Complexity,nof_negCharge,nof_SO3H,nof_SH
131963,0.7904761904761904,0.8857142857142858,molArea,Complexity,nof_negCharge,nof_SO3H,nof_NH2
131967,0.8285714285714285,0.8571428571428571,molArea,Complexity,nof_negCharge,nof_SH,nof_NH2
131970,0.8238095238095239,0.8571428571428571,molArea,Complexity,nof_negCharge,nof_SH,nof_acetyl
131979,0.8571428571428571,0.8809523809523808,molArea,Complexity,a_heavy,C_R2,C_sp3
131981,0.8238095238095239,0.8571428571428571,molArea,Complexity,a_heavy,C_R2,negCharge/Volume
131983,0.7952380952380953,0.8523809523809524,molArea,Complexity,a_heavy,C_R2,nof_Fragments
131986,0.7666666666666667,0.8857142857142858,molArea,Complexity,a_heavy,C_R2,nof_SH
131988,0.8523809523809524,0.880952380952381,molArea,Complexity,a_heavy,C_R2,nof_COOH
131990,0.8238095238095239,0.8857142857142858,molArea,Complexity,a_heavy,C_R2,nof_acetyl
131997,0.7904761904761904,0.8523809523809524,molArea,Complexity,a_heavy,C_R1,nof_PO4
132011,0.8571428571428571,0.9142857142857144,molArea,Complexity,a_heavy,C_R0,nof_SH
132018,0.8285714285714285,0.9142857142857144,molArea,Complexity,a_heavy,C_sp3,nof_RotB
132020,0.7619047619047621,0.8571428571428571,molArea,Complexity,a_heavy,C_sp3,nof_PO4
132021,0.8238095238095239,0.8523809523809524,molArea,Complexity,a_heavy,C_sp3,nof_SO3H
132022,0.7380952380952381,0.8857142857142858,molArea,Complexity,a_heavy,C_sp3,nof_SH
132028,0.8190476190476191,0.8523809523809524,molArea,Complexity,a_heavy,posCharge/Volume,nof_RotB
132031,0.8,0.8523809523809524,molArea,Complexity,a_heavy,posCharge/Volume,nof_SO3H
132032,0.8,0.8523809523809524,molArea,Complexity,a_heavy,posCharge/Volume,nof_SH
132042,0.8190476190476189,0.8523809523809524,molArea,Complexity,a_heavy,negCharge/Volume,nof_NH2
132045,0.7904761904761904,0.8523809523809524,molArea,Complexity,a_heavy,negCharge/Volume,nof_acetyl
132053,0.7666666666666667,0.8523809523809524,molArea,Complexity,a_heavy,nof_RotB,nof_acetyl
132056,0.8476190476190476,0.8523809523809524,molArea,Complexity,a_heavy,nof_Fragments,nof_SH
132059,0.8523809523809524,0.8523809523809524,molArea,Complexity,a_heavy,nof_Fragments,nof_OH
132061,0.8285714285714286,0.8857142857142858,molArea,Complexity,a_heavy,nof_PO4,nof_SO3H
132077,0.8238095238095238,0.8571428571428571,molArea,Complexity,a_heavy,nof_NH2,nof_OH
132091,0.8238095238095238,0.8571428571428573,molArea,Complexity,C_R2,C_R1,nof_NH2
132100,0.7619047619047621,0.8523809523809524,molArea,Complexity,C_R2,C_R0,nof_PO4
132109,0.7380952380952381,0.8857142857142858,molArea,Complexity,C_R2,C_sp3,nof_RotB
132111,0.8523809523809524,0.8809523809523808,molArea,Complexity,C_R2,C_sp3,nof_PO4
132117,0.8,0.8857142857142858,molArea,Complexity,C_R2,C_sp3,nof_acetyl
132118,0.7952380952380953,0.8523809523809524,molArea,Complexity,C_R2,posCharge/Volume,negCharge/Volume
132120,0.8857142857142858,0.9142857142857144,molArea,Complexity,C_R2,posCharge/Volume,nof_Fragments
132122,0.8571428571428571,0.880952380952381,molArea,Complexity,C_R2,posCharge/Volume,nof_SO3H
132127,0.8238095238095239,0.8523809523809524,molArea,Complexity,C_R2,posCharge/Volume,nof_acetyl
132129,0.8,0.8523809523809524,molArea,Complexity,C_R2,negCharge/Volume,nof_Fragments
132151,0.8238095238095239,0.8523809523809524,molArea,Complexity,C_R2,nof_Fragments,nof_acetyl
132152,0.7857142857142858,0.880952380952381,molArea,Complexity,C_R2,nof_PO4,nof_SO3H
132154,0.7047619047619047,0.8523809523809524,molArea,Complexity,C_R2,nof_PO4,nof_NH2
132161,0.8285714285714285,0.8857142857142858,molArea,Complexity,C_R2,nof_SO3H,nof_OH
132164,0.8523809523809524,0.8571428571428573,molArea,Complexity,C_R2,nof_SH,nof_COOH
132165,0.8285714285714285,0.880952380952381,molArea,Complexity,C_R2,nof_SH,nof_OH
132167,0.6857142857142857,0.8523809523809524,molArea,Complexity,C_R2,nof_NH2,nof_COOH
132169,0.7666666666666667,0.880952380952381,molArea,Complexity,C_R2,nof_NH2,nof_acetyl
132170,0.8190476190476189,0.8571428571428571,molArea,Complexity,C_R2,nof_COOH,nof_OH
132171,0.7619047619047619,0.8523809523809524,molArea,Complexity,C_R2,nof_COOH,nof_acetyl
132183,0.7666666666666667,0.8523809523809524,molArea,Complexity,C_R1,C_R0,nof_OH
132185,0.7857142857142857,0.8523809523809524,molArea,Complexity,C_R1,C_sp3,posCharge/Volume
132193,0.7619047619047621,0.880952380952381,molArea,Complexity,C_R1,C_sp3,nof_COOH
132205,0.8238095238095239,0.8523809523809524,molArea,Complexity,C_R1,posCharge/Volume,nof_acetyl
132208,0.8,0.8523809523809524,molArea,Complexity,C_R1,negCharge/Volume,nof_PO4
132217,0.7904761904761904,0.8523809523809524,molArea,Complexity,C_R1,nof_RotB,nof_SO3H
132218,0.8,0.8523809523809524,molArea,Complexity,C_R1,nof_RotB,nof_SH
132220,0.8285714285714286,0.880952380952381,molArea,Complexity,C_R1,nof_RotB,nof_COOH
132222,0.7904761904761904,0.8523809523809524,molArea,Complexity,C_R1,nof_RotB,nof_acetyl
132223,0.7952380952380953,0.8571428571428571,molArea,Complexity,C_R1,nof_Fragments,nof_PO4
132232,0.8142857142857143,0.8523809523809524,molArea,Complexity,C_R1,nof_PO4,nof_NH2
132233,0.8476190476190476,0.8523809523809524,molArea,Complexity,C_R1,nof_PO4,nof_COOH
132236,0.8761904761904763,0.880952380952381,molArea,Complexity,C_R1,nof_SO3H,nof_SH
132237,0.7714285714285715,0.880952380952381,molArea,Complexity,C_R1,nof_SO3H,nof_NH2
132240,0.7857142857142858,0.8857142857142858,molArea,Complexity,C_R1,nof_SO3H,nof_acetyl
132243,0.8285714285714286,0.8571428571428571,molArea,Complexity,C_R1,nof_SH,nof_OH
132257,0.7285714285714285,0.8857142857142858,molArea,Complexity,C_R0,C_sp3,nof_SH
132282,0.6761904761904761,0.8571428571428571,molArea,Complexity,C_R0,nof_RotB,nof_PO4
132285,0.7,0.8809523809523808,molArea,Complexity,C_R0,nof_RotB,nof_NH2
132301,0.7666666666666667,0.8571428571428571,molArea,Complexity,C_R0,nof_PO4,nof_acetyl
132308,0.7380952380952379,0.8571428571428571,molArea,Complexity,C_R0,nof_SH,nof_COOH
132309,0.7904761904761906,0.8523809523809524,molArea,Complexity,C_R0,nof_SH,nof_OH
132324,0.8523809523809524,0.8571428571428571,molArea,Complexity,C_sp3,posCharge/Volume,nof_COOH
132329,0.8571428571428571,0.8857142857142858,molArea,Complexity,C_sp3,negCharge/Volume,nof_PO4
132336,0.8476190476190476,0.8571428571428571,molArea,Complexity,C_sp3,nof_RotB,nof_Fragments
132340,0.7285714285714286,0.8523809523809524,molArea,Complexity,C_sp3,nof_RotB,nof_NH2
132346,0.7619047619047619,0.8523809523809524,molArea,Complexity,C_sp3,nof_Fragments,nof_SH
132351,0.7904761904761904,0.8571428571428571,molArea,Complexity,C_sp3,nof_PO4,nof_SO3H
132353,0.7619047619047619,0.8523809523809524,molArea,Complexity,C_sp3,nof_PO4,nof_NH2
132362,0.7619047619047619,0.8523809523809524,molArea,Complexity,C_sp3,nof_SH,nof_NH2
132363,0.8285714285714285,0.8523809523809524,molArea,Complexity,C_sp3,nof_SH,nof_COOH
132365,0.7904761904761904,0.8523809523809524,molArea,Complexity,C_sp3,nof_SH,nof_acetyl
132367,0.7333333333333333,0.8571428571428571,molArea,Complexity,C_sp3,nof_NH2,nof_OH
132372,0.7952380952380953,0.8523809523809524,molArea,Complexity,posCharge/Volume,negCharge/Volume,nof_RotB
132380,0.7904761904761904,0.8571428571428571,molArea,Complexity,posCharge/Volume,negCharge/Volume,nof_acetyl
132391,0.7666666666666667,0.8571428571428573,molArea,Complexity,posCharge/Volume,nof_Fragments,nof_SH
132394,0.8238095238095238,0.8857142857142858,molArea,Complexity,posCharge/Volume,nof_Fragments,nof_OH
132401,0.7619047619047619,0.8523809523809524,molArea,Complexity,posCharge/Volume,nof_PO4,nof_acetyl
132409,0.8,0.8571428571428571,molArea,Complexity,posCharge/Volume,nof_SH,nof_OH
132416,0.8476190476190476,0.8761904761904763,molArea,Complexity,posCharge/Volume,nof_OH,nof_acetyl
132426,0.8523809523809524,0.8571428571428573,molArea,Complexity,negCharge/Volume,nof_Fragments,nof_SO3H
132427,0.7952380952380953,0.8523809523809524,molArea,Complexity,negCharge/Volume,nof_Fragments,nof_SH
132435,0.8523809523809524,0.8857142857142858,molArea,Complexity,negCharge/Volume,nof_PO4,nof_COOH
132436,0.7666666666666667,0.9142857142857144,molArea,Complexity,negCharge/Volume,nof_PO4,nof_OH
132439,0.8285714285714285,0.8571428571428571,molArea,Complexity,negCharge/Volume,nof_SO3H,nof_NH2
132446,0.7952380952380953,0.8571428571428571,molArea,Complexity,negCharge/Volume,nof_SH,nof_acetyl
132447,0.7333333333333333,0.8523809523809524,molArea,Complexity,negCharge/Volume,nof_NH2,nof_COOH
132452,0.7952380952380953,0.8571428571428571,molArea,Complexity,negCharge/Volume,nof_OH,nof_acetyl
132453,0.8285714285714285,0.880952380952381,molArea,Complexity,nof_RotB,nof_Fragments,nof_PO4
132460,0.8238095238095238,0.8523809523809524,molArea,Complexity,nof_RotB,nof_PO4,nof_SO3H
132463,0.7619047619047621,0.8571428571428571,molArea,Complexity,nof_RotB,nof_PO4,nof_COOH
132467,0.7,0.880952380952381,molArea,Complexity,nof_RotB,nof_SO3H,nof_NH2
132471,0.7285714285714285,0.8571428571428573,molArea,Complexity,nof_RotB,nof_SH,nof_NH2
132475,0.8238095238095239,0.8523809523809524,molArea,Complexity,nof_RotB,nof_NH2,nof_COOH
132486,0.7714285714285714,0.8523809523809524,molArea,Complexity,nof_Fragments,nof_PO4,nof_acetyl
132487,0.7571428571428572,0.8571428571428571,molArea,Complexity,nof_Fragments,nof_SO3H,nof_SH
132488,0.7333333333333333,0.8571428571428571,molArea,Complexity,nof_Fragments,nof_SO3H,nof_NH2
132494,0.8238095238095238,0.8571428571428573,molArea,Complexity,nof_Fragments,nof_SH,nof_OH
132497,0.7952380952380953,0.8857142857142858,molArea,Complexity,nof_Fragments,nof_NH2,nof_OH
132501,0.7666666666666667,0.880952380952381,molArea,Complexity,nof_Fragments,nof_OH,nof_acetyl
132502,0.8571428571428571,0.8571428571428571,molArea,Complexity,nof_PO4,nof_SO3H,nof_SH
132503,0.7952380952380953,0.8761904761904763,molArea,Complexity,nof_PO4,nof_SO3H,nof_NH2
132505,0.7666666666666667,0.8523809523809524,molArea,Complexity,nof_PO4,nof_SO3H,nof_OH
132508,0.8571428571428571,0.9142857142857144,molArea,Complexity,nof_PO4,nof_SH,nof_COOH
132509,0.8523809523809524,0.8523809523809524,molArea,Complexity,nof_PO4,nof_SH,nof_OH
132518,0.8238095238095238,0.8571428571428571,molArea,Complexity,nof_SO3H,nof_SH,nof_COOH
132521,0.7333333333333333,0.8857142857142858,molArea,Complexity,nof_SO3H,nof_NH2,nof_COOH
132524,0.8523809523809524,0.9142857142857144,molArea,Complexity,nof_SO3H,nof_COOH,nof_OH
132527,0.7666666666666667,0.880952380952381,molArea,Complexity,nof_SH,nof_NH2,nof_COOH
132528,0.8476190476190476,0.8523809523809524,molArea,Complexity,nof_SH,nof_NH2,nof_OH
132735,0.7952380952380952,0.8571428571428571,molArea,nof_posCharge,a_heavy,nof_Fragments,nof_SO3H
134086,0.7619047619047621,0.8523809523809524,molArea,a_heavy,posCharge/Volume,nof_Fragments,nof_SH
134180,0.7619047619047619,0.880952380952381,molArea,a_heavy,nof_Fragments,nof_PO4,nof_OH
136366,0.6761904761904761,0.8571428571428571,PSA/Area,nof_Atoms,molCharge_total,a_heavy,negCharge/Volume
140367,0.6476190476190476,0.8523809523809524,PSA/Area,nof_HBA,nof_negCharge,nof_NH2,nof_OH
141717,0.6476190476190475,0.8523809523809524,PSA/Area,nof_HBD,a_heavy,C_R1,C_sp3
145380,0.7571428571428571,0.8523809523809524,PSA/Area,nof_posCharge,a_heavy,nof_RotB,nof_NH2
158914,0.6761904761904761,0.8523809523809524,nof_Chirals,nof_HBA,nof_HBD,Complexity,a_heavy
159461,0.8238095238095238,0.8571428571428573,nof_Chirals,nof_HBA,Complexity,nof_negCharge,a_heavy
160186,0.7047619047619047,0.8523809523809524,nof_Chirals,nof_HBA,C_R0,nof_SH,nof_acetyl
160287,0.7428571428571428,0.8857142857142858,nof_Chirals,nof_HBA,posCharge/Volume,nof_NH2,nof_COOH
162919,0.7666666666666667,0.8571428571428573,nof_Chirals,nof_Rings,Complexity,a_heavy,C_sp3
163382,0.7714285714285715,0.8523809523809524,nof_Chirals,nof_Rings,a_heavy,nof_SO3H,nof_SH
164109,0.8190476190476191,0.8523809523809524,nof_Chirals,Complexity,a_heavy,C_R2,C_R0
164174,0.7095238095238094,0.8523809523809524,nof_Chirals,Complexity,a_heavy,negCharge/Volume,nof_COOH
169246,0.8142857142857143,0.8523809523809524,nof_HBA,molCharge_total,Complexity,nof_negCharge,a_heavy
170232,0.7952380952380953,0.8571428571428571,nof_HBA,nof_Rings,Complexity,a_heavy,C_R1
170244,0.7285714285714286,0.8571428571428571,nof_HBA,nof_Rings,Complexity,a_heavy,nof_OH
171316,0.8523809523809524,0.8571428571428573,nof_HBA,Complexity,nof_negCharge,a_heavy,nof_OH
171439,0.7095238095238096,0.8857142857142858,nof_HBA,Complexity,a_heavy,C_R1,posCharge/Volume
171470,0.7952380952380953,0.8523809523809524,nof_HBA,Complexity,a_heavy,C_sp3,nof_COOH
171473,0.7095238095238094,0.8523809523809524,nof_HBA,Complexity,a_heavy,posCharge/Volume,negCharge/Volume
171516,0.7666666666666667,0.880952380952381,nof_HBA,Complexity,a_heavy,nof_SO3H,nof_OH
171834,0.7047619047619047,0.8523809523809524,nof_HBA,Complexity,posCharge/Volume,nof_RotB,nof_acetyl
175028,0.6714285714285714,0.8523809523809524,nof_HBA,nof_SO3H,nof_SH,nof_NH2,nof_COOH
175035,0.7619047619047618,0.8523809523809524,nof_HBA,nof_SO3H,nof_NH2,nof_COOH,nof_acetyl
176229,0.7666666666666667,0.8571428571428571,nof_HBD,nof_Rings,Complexity,a_heavy,nof_OH
176558,0.7904761904761906,0.8523809523809524,nof_HBD,nof_Rings,nof_negCharge,nof_RotB,nof_SO3H
177451,0.7238095238095239,0.8523809523809524,nof_HBD,Complexity,a_heavy,C_sp3,nof_PO4
177453,0.7,0.880952380952381,nof_HBD,Complexity,a_heavy,C_sp3,nof_SH
177499,0.7666666666666667,0.8523809523809524,nof_HBD,Complexity,a_heavy,nof_SO3H,nof_NH2
177502,0.6714285714285715,0.8523809523809524,nof_HBD,Complexity,a_heavy,nof_SO3H,nof_acetyl
181933,0.7333333333333333,0.8523809523809524,molCharge_total,nof_Rings,nof_RotB,nof_SH,nof_OH
186150,0.7952380952380952,0.8571428571428571,nof_Rings,Complexity,a_heavy,C_R1,nof_SO3H
186151,0.7619047619047619,0.880952380952381,nof_Rings,Complexity,a_heavy,C_R1,nof_SH
186152,0.6571428571428571,0.8571428571428571,nof_Rings,Complexity,a_heavy,C_R1,nof_NH2
186154,0.7714285714285714,0.8857142857142858,nof_Rings,Complexity,a_heavy,C_R1,nof_OH
186168,0.8238095238095239,0.8523809523809524,nof_Rings,Complexity,a_heavy,C_sp3,posCharge/Volume
186186,0.8523809523809524,0.8523809523809524,nof_Rings,Complexity,a_heavy,posCharge/Volume,nof_COOH
186192,0.8523809523809524,0.8571428571428573,nof_Rings,Complexity,a_heavy,negCharge/Volume,nof_SO3H
186232,0.7904761904761904,0.8523809523809524,nof_Rings,Complexity,a_heavy,nof_COOH,nof_acetyl
186296,0.6428571428571428,0.8571428571428571,nof_Rings,Complexity,C_R2,nof_RotB,nof_acetyl
187172,0.7333333333333333,0.8523809523809524,nof_Rings,nof_posCharge,C_sp3,nof_RotB,nof_NH2
187295,0.6761904761904761,0.8523809523809524,nof_Rings,nof_posCharge,nof_RotB,nof_PO4,nof_COOH
188840,0.6142857142857143,0.8523809523809524,nof_Rings,C_R1,C_sp3,nof_RotB,nof_acetyl
189474,0.7571428571428571,0.8523809523809524,nof_Rings,posCharge/Volume,nof_RotB,nof_SH,nof_COOH
189476,0.7333333333333333,0.8571428571428571,nof_Rings,posCharge/Volume,nof_RotB,nof_SH,nof_acetyl
189633,0.6190476190476191,0.8523809523809524,nof_Rings,nof_RotB,nof_Fragments,nof_SO3H,nof_acetyl
189651,0.6380952380952382,0.8571428571428571,nof_Rings,nof_RotB,nof_PO4,nof_SH,nof_OH
189973,0.6809523809523811,0.8523809523809524,Complexity,nof_posCharge,a_heavy,nof_OH,nof_acetyl
191014,0.7619047619047619,0.8571428571428571,Complexity,a_heavy,C_R2,C_sp3,posCharge/Volume
191042,0.8,0.8523809523809524,Complexity,a_heavy,C_R2,negCharge/Volume,nof_OH
191050,0.8571428571428571,0.8523809523809524,Complexity,a_heavy,C_R2,nof_RotB,nof_OH
191073,0.7095238095238096,0.8523809523809524,Complexity,a_heavy,C_R2,nof_SH,nof_acetyl
191074,0.7095238095238096,0.9428571428571428,Complexity,a_heavy,C_R2,nof_NH2,nof_COOH
191121,0.7095238095238096,0.8523809523809524,Complexity,a_heavy,C_R1,negCharge/Volume,nof_acetyl
191249,0.7285714285714285,0.8523809523809524,Complexity,a_heavy,C_sp3,nof_RotB,nof_OH
191271,0.7047619047619047,0.8571428571428571,Complexity,a_heavy,C_sp3,nof_SH,nof_OH
191317,0.7285714285714285,0.8523809523809524,Complexity,a_heavy,posCharge/Volume,nof_SH,nof_acetyl
191358,0.7714285714285714,0.8857142857142858,Complexity,a_heavy,negCharge/Volume,nof_COOH,nof_acetyl
191416,0.7666666666666667,0.8857142857142858,Complexity,a_heavy,nof_PO4,nof_SH,nof_OH
191428,0.7380952380952379,0.8857142857142858,Complexity,a_heavy,nof_SO3H,nof_NH2,nof_COOH
