,Random Forest HOO Accuracy,Decision Tree HOO Accuracy,Feature  1,Feature  2,Feature  3,Feature  4
91,0.8529411764705882,0.8529411764705882,molWeight,molVolume,molArea,Complexity
164,0.8529411764705882,0.7352941176470589,molWeight,molVolume,nof_Chirals,nof_posCharge
166,0.8529411764705882,0.7352941176470589,molWeight,molVolume,nof_Chirals,a_heavy
167,0.8529411764705882,0.7058823529411765,molWeight,molVolume,nof_Chirals,C_R2
168,0.8529411764705882,0.7941176470588235,molWeight,molVolume,nof_Chirals,C_R1
171,0.8529411764705882,0.7352941176470589,molWeight,molVolume,nof_Chirals,posCharge/Volume
172,0.8529411764705882,0.7647058823529411,molWeight,molVolume,nof_Chirals,negCharge/Volume
175,0.8529411764705882,0.7058823529411765,molWeight,molVolume,nof_Chirals,nof_PO4
176,0.8529411764705882,0.7058823529411765,molWeight,molVolume,nof_Chirals,nof_SO3H
177,0.8529411764705882,0.7352941176470589,molWeight,molVolume,nof_Chirals,nof_SH
178,0.8529411764705882,0.6764705882352942,molWeight,molVolume,nof_Chirals,nof_NH2
180,0.8529411764705882,0.7352941176470589,molWeight,molVolume,nof_Chirals,nof_OH
207,0.8529411764705882,0.7941176470588235,molWeight,molVolume,nof_HBD,nof_posCharge
218,0.8529411764705882,0.7941176470588235,molWeight,molVolume,nof_HBD,nof_PO4
223,0.8529411764705882,0.7941176470588235,molWeight,molVolume,nof_HBD,nof_OH
224,0.8529411764705882,0.7941176470588235,molWeight,molVolume,nof_HBD,nof_acetyl
226,0.8529411764705882,0.7647058823529411,molWeight,molVolume,molCharge_total,Complexity
288,0.8529411764705882,0.6764705882352942,molWeight,molVolume,nof_posCharge,posCharge/Volume
294,0.8529411764705882,0.6764705882352942,molWeight,molVolume,nof_posCharge,nof_SH
298,0.8529411764705882,0.6764705882352942,molWeight,molVolume,nof_posCharge,nof_acetyl
323,0.8529411764705882,0.6470588235294118,molWeight,molVolume,a_heavy,nof_PO4
324,0.8529411764705882,0.6470588235294118,molWeight,molVolume,a_heavy,nof_SO3H
325,0.8529411764705882,0.6470588235294118,molWeight,molVolume,a_heavy,nof_SH
326,0.8529411764705882,0.6470588235294118,molWeight,molVolume,a_heavy,nof_NH2
333,0.8529411764705882,0.6470588235294118,molWeight,molVolume,C_R2,posCharge/Volume
338,0.8529411764705882,0.6470588235294118,molWeight,molVolume,C_R2,nof_SO3H
339,0.8529411764705882,0.6470588235294118,molWeight,molVolume,C_R2,nof_SH
353,0.8529411764705882,0.7058823529411765,molWeight,molVolume,C_R1,nof_NH2
385,0.8529411764705882,0.6764705882352942,molWeight,molVolume,posCharge/Volume,nof_SH
389,0.8529411764705882,0.6470588235294118,molWeight,molVolume,posCharge/Volume,nof_acetyl
414,0.8529411764705882,0.6470588235294118,molWeight,molVolume,nof_PO4,nof_SO3H
415,0.8529411764705882,0.6470588235294118,molWeight,molVolume,nof_PO4,nof_SH
420,0.8529411764705882,0.6470588235294118,molWeight,molVolume,nof_SO3H,nof_SH
425,0.8529411764705882,0.6470588235294118,molWeight,molVolume,nof_SH,nof_NH2
428,0.8529411764705882,0.6764705882352942,molWeight,molVolume,nof_SH,nof_acetyl
671,0.8823529411764706,0.7941176470588235,molWeight,molLogP,Complexity,nof_negCharge
673,0.8529411764705882,0.8235294117647058,molWeight,molLogP,Complexity,C_R2
674,0.8529411764705882,0.8235294117647058,molWeight,molLogP,Complexity,C_R1
681,0.8529411764705882,0.8235294117647058,molWeight,molLogP,Complexity,nof_PO4
685,0.8823529411764706,0.7941176470588235,molWeight,molLogP,Complexity,nof_COOH
718,0.8823529411764706,0.7352941176470589,molWeight,molLogP,nof_negCharge,nof_COOH
747,0.8529411764705882,0.7058823529411765,molWeight,molLogP,C_R2,nof_COOH
823,0.8529411764705882,0.7058823529411765,molWeight,molLogP,nof_PO4,nof_COOH
979,0.8529411764705882,0.6764705882352942,molWeight,molLogS,nof_HBA,nof_RotB
1267,0.8529411764705882,0.6470588235294118,molWeight,molPSA,PSA/Area,nof_COOH
1361,0.8529411764705882,0.8235294117647058,molWeight,molPSA,molCharge_total,Complexity
1363,0.8529411764705882,0.7058823529411765,molWeight,molPSA,molCharge_total,nof_negCharge
1400,0.8529411764705882,0.7941176470588235,molWeight,molPSA,Complexity,nof_negCharge
1404,0.8529411764705882,0.7941176470588235,molWeight,molPSA,Complexity,C_R0
1411,0.8529411764705882,0.7941176470588235,molWeight,molPSA,Complexity,nof_SO3H
1633,0.8529411764705882,0.7058823529411765,molWeight,molArea,nof_Chirals,nof_RotB
1636,0.8529411764705882,0.7352941176470589,molWeight,molArea,nof_Chirals,nof_SO3H
1686,0.8529411764705882,0.8529411764705882,molWeight,molArea,molCharge_total,Complexity
1726,0.8529411764705882,0.8235294117647058,molWeight,molArea,Complexity,a_heavy
1728,0.8529411764705882,0.8529411764705882,molWeight,molArea,Complexity,C_R1
1733,0.8529411764705882,0.8235294117647058,molWeight,molArea,Complexity,nof_RotB
1735,0.8529411764705882,0.8235294117647058,molWeight,molArea,Complexity,nof_PO4
1988,0.8529411764705882,0.6764705882352942,molWeight,PSA/Area,molCharge_total,nof_negCharge
2007,0.8529411764705882,0.7058823529411765,molWeight,PSA/Area,nof_Rings,nof_negCharge
2072,0.8529411764705882,0.6764705882352942,molWeight,PSA/Area,nof_negCharge,nof_COOH
2177,0.8529411764705882,0.6764705882352942,molWeight,PSA/Area,nof_PO4,nof_COOH
2515,0.8823529411764706,0.7941176470588235,molWeight,nof_Chirals,molCharge_total,Complexity
2544,0.8529411764705882,0.7058823529411765,molWeight,nof_Chirals,nof_Rings,nof_RotB
2554,0.8823529411764706,0.8235294117647058,molWeight,nof_Chirals,Complexity,nof_negCharge
2568,0.8823529411764706,0.8235294117647058,molWeight,nof_Chirals,Complexity,nof_COOH
2569,0.8529411764705882,0.7941176470588235,molWeight,nof_Chirals,Complexity,nof_OH
2600,0.8529411764705882,0.7058823529411765,molWeight,nof_Chirals,nof_negCharge,nof_NH2
2746,0.8823529411764706,0.8823529411764706,molWeight,nof_HBA,molCharge_total,Complexity
2755,0.8529411764705882,0.7058823529411765,molWeight,nof_HBA,molCharge_total,negCharge/Volume
2785,0.8823529411764706,0.8529411764705882,molWeight,nof_HBA,Complexity,nof_negCharge
2799,0.8823529411764706,0.8529411764705882,molWeight,nof_HBA,Complexity,nof_COOH
2821,0.8529411764705882,0.7352941176470589,molWeight,nof_HBA,nof_negCharge,C_R1
2825,0.8529411764705882,0.7352941176470589,molWeight,nof_HBA,nof_negCharge,negCharge/Volume
2826,0.8529411764705882,0.7352941176470589,molWeight,nof_HBA,nof_negCharge,nof_RotB
2828,0.8529411764705882,0.7058823529411765,molWeight,nof_HBA,nof_negCharge,nof_PO4
2855,0.8529411764705882,0.7352941176470589,molWeight,nof_HBA,C_R2,nof_RotB
2861,0.8823529411764706,0.7352941176470589,molWeight,nof_HBA,C_R2,nof_COOH
2937,0.8529411764705882,0.7352941176470589,molWeight,nof_HBA,nof_PO4,nof_COOH
2946,0.8529411764705882,0.7058823529411765,molWeight,nof_HBA,nof_SH,nof_COOH
2949,0.8529411764705882,0.7352941176470589,molWeight,nof_HBA,nof_NH2,nof_COOH
2956,0.8529411764705882,0.8235294117647058,molWeight,nof_HBD,molCharge_total,Complexity
2995,0.8529411764705882,0.7941176470588235,molWeight,nof_HBD,Complexity,nof_negCharge
3008,0.8529411764705882,0.8235294117647058,molWeight,nof_HBD,Complexity,nof_NH2
3184,0.8823529411764706,0.8235294117647058,molWeight,molCharge_total,Complexity,nof_posCharge
3185,0.9117647058823528,0.7941176470588235,molWeight,molCharge_total,Complexity,nof_negCharge
3186,0.8823529411764706,0.7647058823529411,molWeight,molCharge_total,Complexity,a_heavy
3187,0.8823529411764706,0.8235294117647058,molWeight,molCharge_total,Complexity,C_R2
3188,0.8823529411764706,0.7941176470588235,molWeight,molCharge_total,Complexity,C_R1
3191,0.8823529411764706,0.8235294117647058,molWeight,molCharge_total,Complexity,posCharge/Volume
3192,0.8529411764705882,0.8235294117647058,molWeight,molCharge_total,Complexity,negCharge/Volume
3194,0.8529411764705882,0.7941176470588235,molWeight,molCharge_total,Complexity,nof_Fragments
3195,0.8823529411764706,0.7941176470588235,molWeight,molCharge_total,Complexity,nof_PO4
3196,0.8823529411764706,0.8235294117647058,molWeight,molCharge_total,Complexity,nof_SO3H
3197,0.9117647058823528,0.8235294117647058,molWeight,molCharge_total,Complexity,nof_SH
3198,0.8823529411764706,0.8235294117647058,molWeight,molCharge_total,Complexity,nof_NH2
3199,0.9117647058823528,0.7941176470588235,molWeight,molCharge_total,Complexity,nof_COOH
3200,0.8529411764705882,0.8235294117647058,molWeight,molCharge_total,Complexity,nof_OH
3201,0.8529411764705882,0.8235294117647058,molWeight,molCharge_total,Complexity,nof_acetyl
3355,0.8529411764705882,0.8235294117647058,molWeight,nof_Rings,Complexity,nof_posCharge
3356,0.8529411764705882,0.7941176470588235,molWeight,nof_Rings,Complexity,nof_negCharge
3368,0.8529411764705882,0.7941176470588235,molWeight,nof_Rings,Complexity,nof_SH
3381,0.8529411764705882,0.7058823529411765,molWeight,nof_Rings,nof_posCharge,nof_RotB
3415,0.8529411764705882,0.7352941176470589,molWeight,nof_Rings,a_heavy,nof_SO3H
3426,0.8529411764705882,0.7352941176470589,molWeight,nof_Rings,C_R2,nof_RotB
3462,0.8529411764705882,0.7058823529411765,molWeight,nof_Rings,C_sp3,nof_RotB
3472,0.8529411764705882,0.7058823529411765,molWeight,nof_Rings,posCharge/Volume,nof_RotB
3481,0.8529411764705882,0.7647058823529411,molWeight,nof_Rings,negCharge/Volume,nof_RotB
3491,0.8529411764705882,0.7352941176470589,molWeight,nof_Rings,nof_RotB,nof_PO4
3492,0.8529411764705882,0.7352941176470589,molWeight,nof_Rings,nof_RotB,nof_SO3H
3493,0.8529411764705882,0.7352941176470589,molWeight,nof_Rings,nof_RotB,nof_SH
3495,0.8529411764705882,0.7352941176470589,molWeight,nof_Rings,nof_RotB,nof_COOH
3526,0.8823529411764706,0.8235294117647058,molWeight,Complexity,nof_posCharge,nof_negCharge
3540,0.8823529411764706,0.7941176470588235,molWeight,Complexity,nof_posCharge,nof_COOH
3543,0.8823529411764706,0.7941176470588235,molWeight,Complexity,nof_negCharge,a_heavy
3544,0.8823529411764706,0.7941176470588235,molWeight,Complexity,nof_negCharge,C_R2
3545,0.8529411764705882,0.7941176470588235,molWeight,Complexity,nof_negCharge,C_R1
3548,0.8823529411764706,0.7941176470588235,molWeight,Complexity,nof_negCharge,posCharge/Volume
3549,0.8823529411764706,0.8235294117647058,molWeight,Complexity,nof_negCharge,negCharge/Volume
3552,0.8823529411764706,0.7941176470588235,molWeight,Complexity,nof_negCharge,nof_PO4
3553,0.8823529411764706,0.8235294117647058,molWeight,Complexity,nof_negCharge,nof_SO3H
3554,0.8823529411764706,0.8235294117647058,molWeight,Complexity,nof_negCharge,nof_SH
3555,0.8823529411764706,0.7941176470588235,molWeight,Complexity,nof_negCharge,nof_NH2
3556,0.9117647058823528,0.8235294117647058,molWeight,Complexity,nof_negCharge,nof_COOH
3557,0.8823529411764706,0.8235294117647058,molWeight,Complexity,nof_negCharge,nof_OH
3558,0.8823529411764706,0.8235294117647058,molWeight,Complexity,nof_negCharge,nof_acetyl
3582,0.8529411764705882,0.7941176470588235,molWeight,Complexity,C_R2,nof_SO3H
3584,0.8529411764705882,0.8235294117647058,molWeight,Complexity,C_R2,nof_NH2
3585,0.9117647058823528,0.8235294117647058,molWeight,Complexity,C_R2,nof_COOH
3598,0.8823529411764706,0.8235294117647058,molWeight,Complexity,C_R1,nof_COOH
3631,0.8823529411764706,0.7941176470588235,molWeight,Complexity,posCharge/Volume,nof_COOH
3640,0.8529411764705882,0.7941176470588235,molWeight,Complexity,negCharge/Volume,nof_COOH
3660,0.8529411764705882,0.8235294117647058,molWeight,Complexity,nof_PO4,nof_NH2
3661,0.8823529411764706,0.7941176470588235,molWeight,Complexity,nof_PO4,nof_COOH
3666,0.9117647058823528,0.7941176470588235,molWeight,Complexity,nof_SO3H,nof_COOH
3669,0.8529411764705882,0.8235294117647058,molWeight,Complexity,nof_SH,nof_NH2
3670,0.9117647058823528,0.8235294117647058,molWeight,Complexity,nof_SH,nof_COOH
3673,0.8823529411764706,0.7941176470588235,molWeight,Complexity,nof_NH2,nof_COOH
3676,0.8823529411764706,0.7941176470588235,molWeight,Complexity,nof_COOH,nof_OH
3677,0.8823529411764706,0.8235294117647058,molWeight,Complexity,nof_COOH,nof_acetyl
3706,0.8529411764705882,0.7058823529411765,molWeight,nof_posCharge,a_heavy,nof_NH2
3866,0.8529411764705882,0.6176470588235294,molWeight,nof_negCharge,C_R0,nof_COOH
3929,0.8529411764705882,0.7058823529411765,molWeight,nof_negCharge,nof_NH2,nof_COOH
4026,0.8529411764705882,0.7058823529411765,molWeight,a_heavy,nof_SO3H,nof_NH2
4030,0.8529411764705882,0.6764705882352942,molWeight,a_heavy,nof_SH,nof_NH2
4083,0.8529411764705882,0.7058823529411765,molWeight,C_R2,posCharge/Volume,nof_COOH
4113,0.8529411764705882,0.7058823529411765,molWeight,C_R2,nof_PO4,nof_COOH
4357,0.8529411764705882,0.7058823529411765,molWeight,posCharge/Volume,nof_PO4,nof_COOH
4362,0.8823529411764706,0.7058823529411765,molWeight,posCharge/Volume,nof_SO3H,nof_COOH
4379,0.8529411764705882,0.7352941176470589,molWeight,negCharge/Volume,nof_RotB,nof_NH2
4405,0.8529411764705882,0.7058823529411765,molWeight,negCharge/Volume,nof_NH2,nof_COOH
4408,0.8529411764705882,0.7647058823529411,molWeight,negCharge/Volume,nof_COOH,nof_OH
4479,0.8529411764705882,0.7352941176470589,molWeight,nof_SO3H,nof_NH2,nof_COOH
6532,0.8529411764705882,0.7058823529411765,molVolume,nof_Chirals,nof_HBA,molCharge_total
6536,0.8529411764705882,0.6764705882352942,molVolume,nof_Chirals,nof_HBA,nof_negCharge
6546,0.8529411764705882,0.7058823529411765,molVolume,nof_Chirals,nof_HBA,nof_PO4
6614,0.8529411764705882,0.7941176470588235,molVolume,nof_Chirals,Complexity,nof_negCharge
6616,0.8529411764705882,0.7941176470588235,molVolume,nof_Chirals,Complexity,C_R2
6620,0.8529411764705882,0.7941176470588235,molVolume,nof_Chirals,Complexity,posCharge/Volume
6625,0.8529411764705882,0.7941176470588235,molVolume,nof_Chirals,Complexity,nof_SO3H
6626,0.8529411764705882,0.7941176470588235,molVolume,nof_Chirals,Complexity,nof_SH
6629,0.8529411764705882,0.7941176470588235,molVolume,nof_Chirals,Complexity,nof_OH
6630,0.8529411764705882,0.7941176470588235,molVolume,nof_Chirals,Complexity,nof_acetyl
6806,0.8529411764705882,0.8529411764705882,molVolume,nof_HBA,molCharge_total,Complexity
6816,0.8529411764705882,0.6764705882352942,molVolume,nof_HBA,molCharge_total,nof_RotB
6886,0.8529411764705882,0.7058823529411765,molVolume,nof_HBA,nof_negCharge,nof_RotB
6892,0.8529411764705882,0.6764705882352942,molVolume,nof_HBA,nof_negCharge,nof_COOH
6921,0.8529411764705882,0.7058823529411765,molVolume,nof_HBA,C_R2,nof_COOH
7006,0.8529411764705882,0.6764705882352942,molVolume,nof_HBA,nof_SH,nof_COOH
7225,0.8529411764705882,0.7941176470588235,molVolume,molCharge_total,nof_Rings,Complexity
7416,0.8529411764705882,0.7941176470588235,molVolume,nof_Rings,Complexity,nof_negCharge
7430,0.8529411764705882,0.7941176470588235,molVolume,nof_Rings,Complexity,nof_COOH
7616,0.8529411764705882,0.7941176470588235,molVolume,Complexity,nof_negCharge,nof_COOH
7645,0.8529411764705882,0.7941176470588235,molVolume,Complexity,C_R2,nof_COOH
7658,0.8529411764705882,0.7941176470588235,molVolume,Complexity,C_R1,nof_COOH
7726,0.8529411764705882,0.7941176470588235,molVolume,Complexity,nof_SO3H,nof_COOH
7730,0.8823529411764706,0.7941176470588235,molVolume,Complexity,nof_SH,nof_COOH
12312,0.8529411764705882,0.7941176470588235,molLogS,molPSA,nof_HBA,nof_negCharge
12350,0.8823529411764706,0.8235294117647058,molLogS,molPSA,molCharge_total,nof_Rings
12360,0.8529411764705882,0.8235294117647058,molLogS,molPSA,molCharge_total,negCharge/Volume
12363,0.8529411764705882,0.8235294117647058,molLogS,molPSA,molCharge_total,nof_PO4
12372,0.8529411764705882,0.8235294117647058,molLogS,molPSA,nof_Rings,nof_negCharge
12414,0.8529411764705882,0.7941176470588235,molLogS,molPSA,nof_posCharge,negCharge/Volume
12425,0.8529411764705882,0.8235294117647058,molLogS,molPSA,nof_negCharge,C_R2
12430,0.8529411764705882,0.7941176470588235,molLogS,molPSA,nof_negCharge,negCharge/Volume
12437,0.8529411764705882,0.8235294117647058,molLogS,molPSA,nof_negCharge,nof_COOH
12472,0.8529411764705882,0.7941176470588235,molLogS,molPSA,C_R1,negCharge/Volume
12476,0.8529411764705882,0.8235294117647058,molLogS,molPSA,C_R1,nof_SO3H
12505,0.8529411764705882,0.7941176470588235,molLogS,molPSA,posCharge/Volume,negCharge/Volume
12586,0.8529411764705882,0.6176470588235294,molLogS,molArea,nof_Atoms,nof_HBA
12642,0.8529411764705882,0.6176470588235294,molLogS,molArea,nof_HBA,C_sp3
12725,0.8529411764705882,0.7647058823529411,molLogS,molArea,Complexity,nof_PO4
12729,0.8529411764705882,0.7647058823529411,molLogS,molArea,Complexity,nof_COOH
15601,0.8529411764705882,0.8235294117647058,molPSA,molArea,molCharge_total,Complexity
18740,0.8529411764705882,0.6470588235294118,molArea,nof_Atoms,nof_HBA,C_R2
18744,0.8529411764705882,0.6470588235294118,molArea,nof_Atoms,nof_HBA,posCharge/Volume
18749,0.8529411764705882,0.7058823529411765,molArea,nof_Atoms,nof_HBA,nof_SO3H
18987,0.8823529411764706,0.6764705882352942,molArea,nof_Chirals,nof_HBA,molCharge_total
19010,0.8529411764705882,0.8529411764705882,molArea,nof_Chirals,nof_HBD,Complexity
19030,0.8529411764705882,0.8529411764705882,molArea,nof_Chirals,molCharge_total,Complexity
19069,0.8529411764705882,0.8529411764705882,molArea,nof_Chirals,Complexity,nof_negCharge
19071,0.8529411764705882,0.8529411764705882,molArea,nof_Chirals,Complexity,C_R2
19075,0.8529411764705882,0.8529411764705882,molArea,nof_Chirals,Complexity,posCharge/Volume
19079,0.8529411764705882,0.8529411764705882,molArea,nof_Chirals,Complexity,nof_PO4
19080,0.8529411764705882,0.8529411764705882,molArea,nof_Chirals,Complexity,nof_SO3H
19081,0.8529411764705882,0.8529411764705882,molArea,nof_Chirals,Complexity,nof_SH
19083,0.8529411764705882,0.8529411764705882,molArea,nof_Chirals,Complexity,nof_COOH
19084,0.8529411764705882,0.8529411764705882,molArea,nof_Chirals,Complexity,nof_OH
19241,0.8529411764705882,0.7941176470588235,molArea,nof_HBA,nof_HBD,Complexity
19274,0.8529411764705882,0.7352941176470589,molArea,nof_HBA,molCharge_total,nof_SO3H
19314,0.8529411764705882,0.8235294117647058,molArea,nof_HBA,Complexity,nof_COOH
19316,0.8529411764705882,0.8823529411764706,molArea,nof_HBA,Complexity,nof_acetyl
19345,0.8529411764705882,0.7058823529411765,molArea,nof_HBA,nof_negCharge,nof_SH
19412,0.8529411764705882,0.6764705882352942,molArea,nof_HBA,C_sp3,nof_COOH
19509,0.8529411764705882,0.8529411764705882,molArea,nof_HBD,Complexity,nof_posCharge
19510,0.8529411764705882,0.8529411764705882,molArea,nof_HBD,Complexity,nof_negCharge
19513,0.8529411764705882,0.8529411764705882,molArea,nof_HBD,Complexity,C_R1
19516,0.8529411764705882,0.8529411764705882,molArea,nof_HBD,Complexity,posCharge/Volume
19520,0.8529411764705882,0.8529411764705882,molArea,nof_HBD,Complexity,nof_PO4
19521,0.8529411764705882,0.8529411764705882,molArea,nof_HBD,Complexity,nof_SO3H
19522,0.8529411764705882,0.8529411764705882,molArea,nof_HBD,Complexity,nof_SH
19523,0.8529411764705882,0.8529411764705882,molArea,nof_HBD,Complexity,nof_NH2
19524,0.8529411764705882,0.8529411764705882,molArea,nof_HBD,Complexity,nof_COOH
19710,0.8529411764705882,0.8529411764705882,molArea,molCharge_total,Complexity,nof_PO4
19712,0.8529411764705882,0.8529411764705882,molArea,molCharge_total,Complexity,nof_SH
19885,0.8529411764705882,0.8529411764705882,molArea,nof_Rings,Complexity,nof_COOH
20044,0.8529411764705882,0.8529411764705882,molArea,Complexity,nof_posCharge,C_R1
20059,0.8529411764705882,0.8529411764705882,molArea,Complexity,nof_negCharge,C_R2
20060,0.8529411764705882,0.8529411764705882,molArea,Complexity,nof_negCharge,C_R1
20063,0.8529411764705882,0.8529411764705882,molArea,Complexity,nof_negCharge,posCharge/Volume
20067,0.8529411764705882,0.8529411764705882,molArea,Complexity,nof_negCharge,nof_PO4
20068,0.8529411764705882,0.8529411764705882,molArea,Complexity,nof_negCharge,nof_SO3H
20069,0.8529411764705882,0.8529411764705882,molArea,Complexity,nof_negCharge,nof_SH
20071,0.8529411764705882,0.8529411764705882,molArea,Complexity,nof_negCharge,nof_COOH
20072,0.8529411764705882,0.8529411764705882,molArea,Complexity,nof_negCharge,nof_OH
20097,0.8529411764705882,0.8529411764705882,molArea,Complexity,C_R2,nof_SO3H
20098,0.8529411764705882,0.8529411764705882,molArea,Complexity,C_R2,nof_SH
20100,0.8529411764705882,0.8529411764705882,molArea,Complexity,C_R2,nof_COOH
20111,0.8529411764705882,0.8529411764705882,molArea,Complexity,C_R1,nof_SH
20113,0.8529411764705882,0.8529411764705882,molArea,Complexity,C_R1,nof_COOH
20115,0.8529411764705882,0.8529411764705882,molArea,Complexity,C_R1,nof_acetyl
20143,0.8529411764705882,0.8529411764705882,molArea,Complexity,posCharge/Volume,nof_SO3H
20146,0.8529411764705882,0.8529411764705882,molArea,Complexity,posCharge/Volume,nof_COOH
20147,0.8529411764705882,0.8529411764705882,molArea,Complexity,posCharge/Volume,nof_OH
20157,0.8529411764705882,0.8529411764705882,molArea,Complexity,negCharge/Volume,nof_acetyl
20173,0.8529411764705882,0.8529411764705882,molArea,Complexity,nof_PO4,nof_SO3H
20174,0.8529411764705882,0.8529411764705882,molArea,Complexity,nof_PO4,nof_SH
20176,0.8529411764705882,0.8529411764705882,molArea,Complexity,nof_PO4,nof_COOH
20179,0.8529411764705882,0.8529411764705882,molArea,Complexity,nof_SO3H,nof_SH
20181,0.8529411764705882,0.8529411764705882,molArea,Complexity,nof_SO3H,nof_COOH
20182,0.8529411764705882,0.8529411764705882,molArea,Complexity,nof_SO3H,nof_OH
20185,0.8823529411764706,0.8529411764705882,molArea,Complexity,nof_SH,nof_COOH
20186,0.8529411764705882,0.8529411764705882,molArea,Complexity,nof_SH,nof_OH
20192,0.8529411764705882,0.8529411764705882,molArea,Complexity,nof_COOH,nof_acetyl
22062,0.8529411764705882,0.6470588235294118,PSA/Area,molCharge_total,a_heavy,nof_COOH
22157,0.8529411764705882,0.6470588235294118,PSA/Area,molCharge_total,nof_SO3H,nof_COOH
22189,0.8529411764705882,0.6470588235294118,PSA/Area,nof_Rings,nof_posCharge,a_heavy
22219,0.8529411764705882,0.6176470588235294,PSA/Area,nof_Rings,nof_negCharge,nof_OH
22222,0.8529411764705882,0.6176470588235294,PSA/Area,nof_Rings,a_heavy,C_R1
22225,0.8529411764705882,0.6470588235294118,PSA/Area,nof_Rings,a_heavy,posCharge/Volume
22228,0.8529411764705882,0.6470588235294118,PSA/Area,nof_Rings,a_heavy,nof_Fragments
22230,0.8529411764705882,0.6470588235294118,PSA/Area,nof_Rings,a_heavy,nof_SO3H
22231,0.8529411764705882,0.6470588235294118,PSA/Area,nof_Rings,a_heavy,nof_SH
22233,0.9117647058823528,0.6470588235294118,PSA/Area,nof_Rings,a_heavy,nof_COOH
22323,0.8529411764705882,0.7058823529411765,PSA/Area,nof_Rings,nof_PO4,nof_COOH
22328,0.8529411764705882,0.7058823529411765,PSA/Area,nof_Rings,nof_SO3H,nof_COOH
22332,0.8529411764705882,0.6470588235294118,PSA/Area,nof_Rings,nof_SH,nof_COOH
22761,0.8529411764705882,0.6470588235294118,PSA/Area,a_heavy,C_R2,nof_COOH
22837,0.8529411764705882,0.6470588235294118,PSA/Area,a_heavy,nof_PO4,nof_COOH
22852,0.8529411764705882,0.6470588235294118,PSA/Area,a_heavy,nof_COOH,nof_OH
24258,0.8529411764705882,0.7647058823529411,nof_Atoms,nof_Rings,a_heavy,nof_OH
25974,0.8529411764705882,0.6764705882352942,nof_Chirals,nof_Rings,Complexity,nof_RotB
27531,0.8529411764705882,0.7058823529411765,nof_HBA,nof_Rings,nof_posCharge,nof_RotB
27622,0.8529411764705882,0.7058823529411765,nof_HBA,nof_Rings,posCharge/Volume,nof_RotB
27642,0.8529411764705882,0.7058823529411765,nof_HBA,nof_Rings,nof_RotB,nof_SO3H
27643,0.8529411764705882,0.7058823529411765,nof_HBA,nof_Rings,nof_RotB,nof_SH
27646,0.8529411764705882,0.7058823529411765,nof_HBA,nof_Rings,nof_RotB,nof_OH
27738,0.8529411764705882,0.5,nof_HBA,Complexity,C_R1,C_R0
28027,0.8529411764705882,0.4705882352941176,nof_HBA,nof_negCharge,C_sp3,nof_COOH
28184,0.8529411764705882,0.6470588235294118,nof_HBA,a_heavy,nof_NH2,nof_COOH
28223,0.8529411764705882,0.4705882352941176,nof_HBA,C_R2,C_sp3,nof_COOH
28432,0.8529411764705882,0.4705882352941176,nof_HBA,C_sp3,posCharge/Volume,nof_COOH
28462,0.8529411764705882,0.4705882352941176,nof_HBA,C_sp3,nof_PO4,nof_COOH
28467,0.8529411764705882,0.4705882352941176,nof_HBA,C_sp3,nof_SO3H,nof_COOH
28477,0.8823529411764706,0.5294117647058824,nof_HBA,C_sp3,nof_COOH,nof_OH
28526,0.8529411764705882,0.6470588235294118,nof_HBA,negCharge/Volume,nof_RotB,nof_PO4
29984,0.8529411764705882,0.7352941176470589,molCharge_total,nof_Rings,Complexity,nof_RotB
30191,0.8529411764705882,0.7941176470588235,molCharge_total,Complexity,a_heavy,nof_COOH
31139,0.8529411764705882,0.7352941176470589,nof_Rings,Complexity,nof_negCharge,nof_RotB
31148,0.8529411764705882,0.8235294117647058,nof_Rings,Complexity,a_heavy,C_R2
31149,0.8529411764705882,0.8823529411764706,nof_Rings,Complexity,a_heavy,C_R1
31152,0.8529411764705882,0.8235294117647058,nof_Rings,Complexity,a_heavy,posCharge/Volume
31153,0.8529411764705882,0.8235294117647058,nof_Rings,Complexity,a_heavy,negCharge/Volume
31156,0.8529411764705882,0.8823529411764706,nof_Rings,Complexity,a_heavy,nof_PO4
31157,0.8529411764705882,0.8235294117647058,nof_Rings,Complexity,a_heavy,nof_SO3H
31158,0.8529411764705882,0.8235294117647058,nof_Rings,Complexity,a_heavy,nof_SH
31161,0.8529411764705882,0.8529411764705882,nof_Rings,Complexity,a_heavy,nof_OH
31162,0.8529411764705882,0.8235294117647058,nof_Rings,Complexity,a_heavy,nof_acetyl
31238,0.8529411764705882,0.7058823529411765,nof_Rings,Complexity,nof_RotB,nof_OH
32232,0.8529411764705882,0.7941176470588235,Complexity,nof_negCharge,a_heavy,nof_COOH
32351,0.8529411764705882,0.7941176470588235,Complexity,a_heavy,C_R2,nof_COOH
32427,0.8529411764705882,0.7941176470588235,Complexity,a_heavy,nof_PO4,nof_COOH
32432,0.8529411764705882,0.7941176470588235,Complexity,a_heavy,nof_SO3H,nof_COOH
32436,0.8529411764705882,0.7941176470588235,Complexity,a_heavy,nof_SH,nof_COOH
34805,0.8529411764705882,0.6176470588235294,C_R2,posCharge/Volume,nof_RotB,nof_SO3H
35324,0.8529411764705882,0.7058823529411765,C_R0,posCharge/Volume,nof_PO4,nof_SO3H
35325,0.8529411764705882,0.7058823529411765,C_R0,posCharge/Volume,nof_PO4,nof_SH
35673,0.8529411764705882,0.6176470588235294,posCharge/Volume,nof_RotB,nof_PO4,nof_SO3H
