,Random Forest HOO Accuracy,Decision Tree HOO Accuracy,Feature  1,Feature  2,Feature  3
1,0.8235294117647058,0.6176470588235294,molWeight,molVolume,molLogS
2,0.7647058823529411,0.7058823529411765,molWeight,molVolume,molPSA
3,0.8235294117647058,0.7058823529411765,molWeight,molVolume,molArea
4,0.7647058823529411,0.6764705882352942,molWeight,molVolume,PSA/Area
5,0.7941176470588235,0.7352941176470589,molWeight,molVolume,nof_Atoms
6,0.7941176470588235,0.7058823529411765,molWeight,molVolume,nof_Chirals
7,0.7647058823529411,0.6764705882352942,molWeight,molVolume,nof_HBA
8,0.7941176470588235,0.7941176470588235,molWeight,molVolume,nof_HBD
9,0.7941176470588235,0.6470588235294118,molWeight,molVolume,molCharge_total
10,0.7941176470588235,0.6764705882352942,molWeight,molVolume,nof_Rings
11,0.7941176470588235,0.7941176470588235,molWeight,molVolume,Complexity
12,0.7941176470588235,0.6470588235294118,molWeight,molVolume,nof_posCharge
13,0.7647058823529411,0.6176470588235294,molWeight,molVolume,nof_negCharge
14,0.8235294117647058,0.6176470588235294,molWeight,molVolume,a_heavy
15,0.8529411764705882,0.6764705882352942,molWeight,molVolume,C_R2
16,0.7647058823529411,0.7352941176470589,molWeight,molVolume,C_R1
17,0.7941176470588235,0.6176470588235294,molWeight,molVolume,C_R0
18,0.7647058823529411,0.6470588235294118,molWeight,molVolume,C_sp3
19,0.8529411764705882,0.6764705882352942,molWeight,molVolume,posCharge/Volume
20,0.7941176470588235,0.7058823529411765,molWeight,molVolume,negCharge/Volume
21,0.7941176470588235,0.6764705882352942,molWeight,molVolume,nof_RotB
22,0.8235294117647058,0.7058823529411765,molWeight,molVolume,nof_Fragments
23,0.8529411764705882,0.6764705882352942,molWeight,molVolume,nof_PO4
24,0.8235294117647058,0.6470588235294118,molWeight,molVolume,nof_SO3H
25,0.8529411764705882,0.6764705882352942,molWeight,molVolume,nof_SH
26,0.7941176470588235,0.6764705882352942,molWeight,molVolume,nof_NH2
27,0.7941176470588235,0.6764705882352942,molWeight,molVolume,nof_COOH
28,0.7941176470588235,0.6470588235294118,molWeight,molVolume,nof_OH
29,0.7647058823529411,0.6764705882352942,molWeight,molVolume,nof_acetyl
34,0.7647058823529411,0.7647058823529411,molWeight,molLogP,nof_Atoms
39,0.7647058823529411,0.7058823529411765,molWeight,molLogP,nof_Rings
40,0.8235294117647058,0.7647058823529411,molWeight,molLogP,Complexity
41,0.7647058823529411,0.7058823529411765,molWeight,molLogP,nof_posCharge
42,0.8235294117647058,0.7352941176470589,molWeight,molLogP,nof_negCharge
44,0.7941176470588235,0.7352941176470589,molWeight,molLogP,C_R2
48,0.7941176470588235,0.7352941176470589,molWeight,molLogP,posCharge/Volume
50,0.7647058823529411,0.7352941176470589,molWeight,molLogP,nof_RotB
52,0.7647058823529411,0.7352941176470589,molWeight,molLogP,nof_PO4
53,0.7647058823529411,0.7058823529411765,molWeight,molLogP,nof_SO3H
54,0.7647058823529411,0.7058823529411765,molWeight,molLogP,nof_SH
56,0.8823529411764706,0.7058823529411765,molWeight,molLogP,nof_COOH
57,0.7647058823529411,0.7352941176470589,molWeight,molLogP,nof_OH
59,0.7647058823529411,0.7058823529411765,molWeight,molLogS,molPSA
60,0.8235294117647058,0.6176470588235294,molWeight,molLogS,molArea
67,0.7941176470588235,0.6470588235294118,molWeight,molLogS,nof_Rings
68,0.7647058823529411,0.7941176470588235,molWeight,molLogS,Complexity
72,0.7647058823529411,0.6470588235294118,molWeight,molLogS,C_R2
73,0.7941176470588235,0.5588235294117647,molWeight,molLogS,C_R1
78,0.7647058823529411,0.5882352941176471,molWeight,molLogS,nof_RotB
79,0.8235294117647058,0.7058823529411765,molWeight,molLogS,nof_Fragments
83,0.7647058823529411,0.6470588235294118,molWeight,molLogS,nof_NH2
88,0.7941176470588235,0.6764705882352942,molWeight,molPSA,PSA/Area
89,0.7647058823529411,0.7058823529411765,molWeight,molPSA,nof_Atoms
90,0.7647058823529411,0.6764705882352942,molWeight,molPSA,nof_Chirals
93,0.7941176470588235,0.7058823529411765,molWeight,molPSA,molCharge_total
95,0.7941176470588235,0.7941176470588235,molWeight,molPSA,Complexity
97,0.8529411764705882,0.7352941176470589,molWeight,molPSA,nof_negCharge
98,0.7647058823529411,0.7352941176470589,molWeight,molPSA,a_heavy
99,0.7647058823529411,0.7058823529411765,molWeight,molPSA,C_R2
103,0.7941176470588235,0.7058823529411765,molWeight,molPSA,posCharge/Volume
104,0.7941176470588235,0.6470588235294118,molWeight,molPSA,negCharge/Volume
105,0.7941176470588235,0.7647058823529411,molWeight,molPSA,nof_RotB
106,0.7647058823529411,0.6764705882352942,molWeight,molPSA,nof_Fragments
111,0.7941176470588235,0.7058823529411765,molWeight,molPSA,nof_COOH
115,0.7941176470588235,0.7352941176470589,molWeight,molArea,nof_Atoms
116,0.8235294117647058,0.7352941176470589,molWeight,molArea,nof_Chirals
117,0.8235294117647058,0.6764705882352942,molWeight,molArea,nof_HBA
119,0.7941176470588235,0.7058823529411765,molWeight,molArea,molCharge_total
120,0.7647058823529411,0.7058823529411765,molWeight,molArea,nof_Rings
121,0.8235294117647058,0.8529411764705882,molWeight,molArea,Complexity
123,0.7647058823529411,0.7058823529411765,molWeight,molArea,nof_negCharge
124,0.7941176470588235,0.7058823529411765,molWeight,molArea,a_heavy
125,0.8235294117647058,0.7058823529411765,molWeight,molArea,C_R2
126,0.7941176470588235,0.7352941176470589,molWeight,molArea,C_R1
128,0.7647058823529411,0.7058823529411765,molWeight,molArea,C_sp3
129,0.8235294117647058,0.7058823529411765,molWeight,molArea,posCharge/Volume
130,0.8235294117647058,0.7352941176470589,molWeight,molArea,negCharge/Volume
131,0.7647058823529411,0.7058823529411765,molWeight,molArea,nof_RotB
132,0.8235294117647058,0.7352941176470589,molWeight,molArea,nof_Fragments
133,0.7941176470588235,0.7058823529411765,molWeight,molArea,nof_PO4
134,0.8235294117647058,0.7058823529411765,molWeight,molArea,nof_SO3H
135,0.8235294117647058,0.7058823529411765,molWeight,molArea,nof_SH
136,0.7647058823529411,0.7058823529411765,molWeight,molArea,nof_NH2
137,0.8235294117647058,0.7058823529411765,molWeight,molArea,nof_COOH
138,0.8235294117647058,0.7058823529411765,molWeight,molArea,nof_OH
140,0.7941176470588235,0.6764705882352942,molWeight,PSA/Area,nof_Atoms
143,0.7941176470588235,0.6764705882352942,molWeight,PSA/Area,nof_HBD
144,0.8235294117647058,0.6470588235294118,molWeight,PSA/Area,molCharge_total
145,0.7941176470588235,0.6764705882352942,molWeight,PSA/Area,nof_Rings
146,0.7647058823529411,0.6764705882352942,molWeight,PSA/Area,Complexity
148,0.8529411764705882,0.6764705882352942,molWeight,PSA/Area,nof_negCharge
149,0.7647058823529411,0.7058823529411765,molWeight,PSA/Area,a_heavy
150,0.7941176470588235,0.6764705882352942,molWeight,PSA/Area,C_R2
151,0.7647058823529411,0.6470588235294118,molWeight,PSA/Area,C_R1
154,0.7647058823529411,0.6764705882352942,molWeight,PSA/Area,posCharge/Volume
157,0.7941176470588235,0.6764705882352942,molWeight,PSA/Area,nof_Fragments
158,0.7941176470588235,0.6470588235294118,molWeight,PSA/Area,nof_PO4
159,0.7941176470588235,0.6764705882352942,molWeight,PSA/Area,nof_SO3H
160,0.7941176470588235,0.6470588235294118,molWeight,PSA/Area,nof_SH
161,0.7647058823529411,0.6764705882352942,molWeight,PSA/Area,nof_NH2
162,0.8529411764705882,0.7058823529411765,molWeight,PSA/Area,nof_COOH
163,0.7941176470588235,0.6470588235294118,molWeight,PSA/Area,nof_OH
164,0.7941176470588235,0.6764705882352942,molWeight,PSA/Area,nof_acetyl
166,0.7647058823529411,0.7352941176470589,molWeight,nof_Atoms,nof_HBA
168,0.7941176470588235,0.7647058823529411,molWeight,nof_Atoms,molCharge_total
169,0.8235294117647058,0.7941176470588235,molWeight,nof_Atoms,nof_Rings
172,0.7941176470588235,0.7352941176470589,molWeight,nof_Atoms,nof_negCharge
173,0.8235294117647058,0.7352941176470589,molWeight,nof_Atoms,a_heavy
178,0.7647058823529411,0.7647058823529411,molWeight,nof_Atoms,posCharge/Volume
182,0.7647058823529411,0.7647058823529411,molWeight,nof_Atoms,nof_PO4
183,0.7647058823529411,0.7647058823529411,molWeight,nof_Atoms,nof_SO3H
186,0.7941176470588235,0.7647058823529411,molWeight,nof_Atoms,nof_COOH
189,0.7941176470588235,0.7058823529411765,molWeight,nof_Chirals,nof_HBA
193,0.8529411764705882,0.7941176470588235,molWeight,nof_Chirals,Complexity
212,0.8235294117647058,0.7058823529411765,molWeight,nof_HBA,nof_HBD
213,0.8529411764705882,0.7058823529411765,molWeight,nof_HBA,molCharge_total
214,0.7647058823529411,0.7058823529411765,molWeight,nof_HBA,nof_Rings
215,0.8235294117647058,0.8823529411764706,molWeight,nof_HBA,Complexity
217,0.8529411764705882,0.7352941176470589,molWeight,nof_HBA,nof_negCharge
221,0.7647058823529411,0.7058823529411765,molWeight,nof_HBA,C_R0
225,0.8823529411764706,0.7058823529411765,molWeight,nof_HBA,nof_RotB
226,0.7647058823529411,0.7352941176470589,molWeight,nof_HBA,nof_Fragments
230,0.7941176470588235,0.7352941176470589,molWeight,nof_HBA,nof_NH2
231,0.8529411764705882,0.7058823529411765,molWeight,nof_HBA,nof_COOH
232,0.7647058823529411,0.7058823529411765,molWeight,nof_HBA,nof_OH
235,0.7647058823529411,0.7352941176470589,molWeight,nof_HBD,nof_Rings
236,0.7941176470588235,0.8235294117647058,molWeight,nof_HBD,Complexity
239,0.7647058823529411,0.7647058823529411,molWeight,nof_HBD,a_heavy
243,0.7647058823529411,0.7647058823529411,molWeight,nof_HBD,C_sp3
244,0.7647058823529411,0.7352941176470589,molWeight,nof_HBD,posCharge/Volume
246,0.8235294117647058,0.7058823529411765,molWeight,nof_HBD,nof_RotB
248,0.7647058823529411,0.7647058823529411,molWeight,nof_HBD,nof_PO4
251,0.8235294117647058,0.7352941176470589,molWeight,nof_HBD,nof_NH2
252,0.7647058823529411,0.7647058823529411,molWeight,nof_HBD,nof_COOH
253,0.7647058823529411,0.7647058823529411,molWeight,nof_HBD,nof_OH
256,0.8529411764705882,0.8235294117647058,molWeight,molCharge_total,Complexity
259,0.7941176470588235,0.7058823529411765,molWeight,molCharge_total,a_heavy
261,0.7647058823529411,0.7941176470588235,molWeight,molCharge_total,C_R1
262,0.7941176470588235,0.6176470588235294,molWeight,molCharge_total,C_R0
266,0.8235294117647058,0.7058823529411765,molWeight,molCharge_total,nof_RotB
267,0.7647058823529411,0.7647058823529411,molWeight,molCharge_total,nof_Fragments
268,0.7647058823529411,0.6764705882352942,molWeight,molCharge_total,nof_PO4
271,0.8529411764705882,0.7058823529411765,molWeight,molCharge_total,nof_NH2
273,0.8235294117647058,0.7058823529411765,molWeight,molCharge_total,nof_OH
275,0.8529411764705882,0.8235294117647058,molWeight,nof_Rings,Complexity
277,0.7647058823529411,0.6764705882352942,molWeight,nof_Rings,nof_negCharge
278,0.8529411764705882,0.7058823529411765,molWeight,nof_Rings,a_heavy
279,0.7941176470588235,0.7058823529411765,molWeight,nof_Rings,C_R2
280,0.7647058823529411,0.7647058823529411,molWeight,nof_Rings,C_R1
281,0.7941176470588235,0.6764705882352942,molWeight,nof_Rings,C_R0
283,0.7941176470588235,0.7352941176470589,molWeight,nof_Rings,posCharge/Volume
284,0.7647058823529411,0.7647058823529411,molWeight,nof_Rings,negCharge/Volume
285,0.8235294117647058,0.7352941176470589,molWeight,nof_Rings,nof_RotB
286,0.7941176470588235,0.7941176470588235,molWeight,nof_Rings,nof_Fragments
290,0.7647058823529411,0.7352941176470589,molWeight,nof_Rings,nof_NH2
291,0.7941176470588235,0.7058823529411765,molWeight,nof_Rings,nof_COOH
294,0.7647058823529411,0.8235294117647058,molWeight,Complexity,nof_posCharge
295,0.8823529411764706,0.8235294117647058,molWeight,Complexity,nof_negCharge
296,0.7941176470588235,0.7647058823529411,molWeight,Complexity,a_heavy
297,0.7941176470588235,0.7941176470588235,molWeight,Complexity,C_R2
298,0.7941176470588235,0.7941176470588235,molWeight,Complexity,C_R1
299,0.7647058823529411,0.7352941176470589,molWeight,Complexity,C_R0
301,0.7647058823529411,0.7941176470588235,molWeight,Complexity,posCharge/Volume
302,0.7647058823529411,0.8235294117647058,molWeight,Complexity,negCharge/Volume
303,0.7941176470588235,0.8235294117647058,molWeight,Complexity,nof_RotB
304,0.7647058823529411,0.7941176470588235,molWeight,Complexity,nof_Fragments
305,0.8529411764705882,0.7941176470588235,molWeight,Complexity,nof_PO4
306,0.8235294117647058,0.7941176470588235,molWeight,Complexity,nof_SO3H
307,0.7647058823529411,0.8235294117647058,molWeight,Complexity,nof_SH
308,0.8235294117647058,0.7941176470588235,molWeight,Complexity,nof_NH2
309,0.8529411764705882,0.7941176470588235,molWeight,Complexity,nof_COOH
310,0.7941176470588235,0.7941176470588235,molWeight,Complexity,nof_OH
318,0.7647058823529411,0.7058823529411765,molWeight,nof_posCharge,posCharge/Volume
320,0.7647058823529411,0.7058823529411765,molWeight,nof_posCharge,nof_RotB
325,0.8235294117647058,0.7058823529411765,molWeight,nof_posCharge,nof_NH2
330,0.7941176470588235,0.6764705882352942,molWeight,nof_negCharge,C_R2
332,0.8235294117647058,0.6764705882352942,molWeight,nof_negCharge,C_R0
334,0.8235294117647058,0.6764705882352942,molWeight,nof_negCharge,posCharge/Volume
335,0.7647058823529411,0.7352941176470589,molWeight,nof_negCharge,negCharge/Volume
336,0.8235294117647058,0.7058823529411765,molWeight,nof_negCharge,nof_RotB
337,0.7647058823529411,0.7647058823529411,molWeight,nof_negCharge,nof_Fragments
338,0.7941176470588235,0.6764705882352942,molWeight,nof_negCharge,nof_PO4
339,0.7941176470588235,0.6764705882352942,molWeight,nof_negCharge,nof_SO3H
340,0.7941176470588235,0.6764705882352942,molWeight,nof_negCharge,nof_SH
341,0.8529411764705882,0.7058823529411765,molWeight,nof_negCharge,nof_NH2
342,0.7647058823529411,0.6764705882352942,molWeight,nof_negCharge,nof_COOH
343,0.7647058823529411,0.7058823529411765,molWeight,nof_negCharge,nof_OH
345,0.7647058823529411,0.6764705882352942,molWeight,a_heavy,C_R2
346,0.7647058823529411,0.7352941176470589,molWeight,a_heavy,C_R1
347,0.7647058823529411,0.6470588235294118,molWeight,a_heavy,C_R0
349,0.7941176470588235,0.7058823529411765,molWeight,a_heavy,posCharge/Volume
350,0.7941176470588235,0.7352941176470589,molWeight,a_heavy,negCharge/Volume
351,0.8235294117647058,0.7058823529411765,molWeight,a_heavy,nof_RotB
352,0.7941176470588235,0.7058823529411765,molWeight,a_heavy,nof_Fragments
353,0.7941176470588235,0.7058823529411765,molWeight,a_heavy,nof_PO4
354,0.7647058823529411,0.7058823529411765,molWeight,a_heavy,nof_SO3H
355,0.7941176470588235,0.7058823529411765,molWeight,a_heavy,nof_SH
356,0.8235294117647058,0.6764705882352942,molWeight,a_heavy,nof_NH2
357,0.7941176470588235,0.6764705882352942,molWeight,a_heavy,nof_COOH
358,0.7941176470588235,0.7058823529411765,molWeight,a_heavy,nof_OH
361,0.7647058823529411,0.6470588235294118,molWeight,C_R2,C_R0
363,0.8235294117647058,0.7058823529411765,molWeight,C_R2,posCharge/Volume
364,0.7647058823529411,0.7647058823529411,molWeight,C_R2,negCharge/Volume
365,0.7647058823529411,0.7058823529411765,molWeight,C_R2,nof_RotB
367,0.7941176470588235,0.7058823529411765,molWeight,C_R2,nof_PO4
368,0.7941176470588235,0.7058823529411765,molWeight,C_R2,nof_SO3H
369,0.7941176470588235,0.7058823529411765,molWeight,C_R2,nof_SH
370,0.7647058823529411,0.7058823529411765,molWeight,C_R2,nof_NH2
371,0.8235294117647058,0.7058823529411765,molWeight,C_R2,nof_COOH
372,0.7941176470588235,0.7058823529411765,molWeight,C_R2,nof_OH
374,0.7647058823529411,0.7058823529411765,molWeight,C_R1,C_R0
378,0.7647058823529411,0.7647058823529411,molWeight,C_R1,nof_RotB
383,0.7647058823529411,0.7058823529411765,molWeight,C_R1,nof_NH2
384,0.7647058823529411,0.7647058823529411,molWeight,C_R1,nof_COOH
388,0.7647058823529411,0.6470588235294118,molWeight,C_R0,posCharge/Volume
389,0.7647058823529411,0.7058823529411765,molWeight,C_R0,negCharge/Volume
392,0.7647058823529411,0.6470588235294118,molWeight,C_R0,nof_PO4
393,0.7647058823529411,0.6764705882352942,molWeight,C_R0,nof_SO3H
394,0.7647058823529411,0.6764705882352942,molWeight,C_R0,nof_SH
396,0.7647058823529411,0.6764705882352942,molWeight,C_R0,nof_COOH
406,0.7647058823529411,0.6764705882352942,molWeight,C_sp3,nof_NH2
407,0.7647058823529411,0.7058823529411765,molWeight,C_sp3,nof_COOH
410,0.8235294117647058,0.7647058823529411,molWeight,posCharge/Volume,negCharge/Volume
411,0.7647058823529411,0.7058823529411765,molWeight,posCharge/Volume,nof_RotB
412,0.7647058823529411,0.7647058823529411,molWeight,posCharge/Volume,nof_Fragments
413,0.8235294117647058,0.7058823529411765,molWeight,posCharge/Volume,nof_PO4
414,0.8235294117647058,0.7058823529411765,molWeight,posCharge/Volume,nof_SO3H
415,0.8235294117647058,0.7058823529411765,molWeight,posCharge/Volume,nof_SH
416,0.7941176470588235,0.7058823529411765,molWeight,posCharge/Volume,nof_NH2
417,0.8529411764705882,0.7058823529411765,molWeight,posCharge/Volume,nof_COOH
418,0.8235294117647058,0.7058823529411765,molWeight,posCharge/Volume,nof_OH
420,0.7647058823529411,0.7647058823529411,molWeight,negCharge/Volume,nof_RotB
422,0.7941176470588235,0.7647058823529411,molWeight,negCharge/Volume,nof_PO4
424,0.7647058823529411,0.7647058823529411,molWeight,negCharge/Volume,nof_SH
425,0.7647058823529411,0.7058823529411765,molWeight,negCharge/Volume,nof_NH2
426,0.7941176470588235,0.7647058823529411,molWeight,negCharge/Volume,nof_COOH
427,0.7647058823529411,0.7647058823529411,molWeight,negCharge/Volume,nof_OH
430,0.8235294117647058,0.7058823529411765,molWeight,nof_RotB,nof_PO4
431,0.8235294117647058,0.7058823529411765,molWeight,nof_RotB,nof_SO3H
432,0.7941176470588235,0.7058823529411765,molWeight,nof_RotB,nof_SH
434,0.8235294117647058,0.7058823529411765,molWeight,nof_RotB,nof_COOH
435,0.7941176470588235,0.7058823529411765,molWeight,nof_RotB,nof_OH
436,0.7647058823529411,0.7058823529411765,molWeight,nof_RotB,nof_acetyl
437,0.7941176470588235,0.7647058823529411,molWeight,nof_Fragments,nof_PO4
438,0.7941176470588235,0.7647058823529411,molWeight,nof_Fragments,nof_SO3H
441,0.7647058823529411,0.7647058823529411,molWeight,nof_Fragments,nof_COOH
444,0.7941176470588235,0.7058823529411765,molWeight,nof_PO4,nof_SO3H
445,0.7941176470588235,0.7058823529411765,molWeight,nof_PO4,nof_SH
446,0.8529411764705882,0.7058823529411765,molWeight,nof_PO4,nof_NH2
447,0.7941176470588235,0.7058823529411765,molWeight,nof_PO4,nof_COOH
448,0.7941176470588235,0.7058823529411765,molWeight,nof_PO4,nof_OH
450,0.7941176470588235,0.7058823529411765,molWeight,nof_SO3H,nof_SH
451,0.8235294117647058,0.7058823529411765,molWeight,nof_SO3H,nof_NH2
452,0.7941176470588235,0.7058823529411765,molWeight,nof_SO3H,nof_COOH
453,0.7941176470588235,0.7058823529411765,molWeight,nof_SO3H,nof_OH
455,0.8235294117647058,0.7058823529411765,molWeight,nof_SH,nof_NH2
456,0.8235294117647058,0.7058823529411765,molWeight,nof_SH,nof_COOH
457,0.7941176470588235,0.7058823529411765,molWeight,nof_SH,nof_OH
459,0.8823529411764706,0.7352941176470589,molWeight,nof_NH2,nof_COOH
460,0.8529411764705882,0.7058823529411765,molWeight,nof_NH2,nof_OH
462,0.8235294117647058,0.7058823529411765,molWeight,nof_COOH,nof_OH
474,0.7647058823529411,0.6176470588235294,molVolume,molLogP,nof_Rings
477,0.7941176470588235,0.6764705882352942,molVolume,molLogP,nof_negCharge
491,0.7941176470588235,0.6470588235294118,molVolume,molLogP,nof_COOH
499,0.8235294117647058,0.6470588235294118,molVolume,molLogS,nof_HBA
502,0.7941176470588235,0.6176470588235294,molVolume,molLogS,nof_Rings
503,0.7941176470588235,0.7058823529411765,molVolume,molLogS,Complexity
507,0.7647058823529411,0.5882352941176471,molVolume,molLogS,C_R2
511,0.7941176470588235,0.5588235294117647,molVolume,molLogS,posCharge/Volume
518,0.7647058823529411,0.5294117647058824,molVolume,molLogS,nof_NH2
530,0.7647058823529411,0.7941176470588235,molVolume,molPSA,Complexity
550,0.7647058823529411,0.6176470588235294,molVolume,molArea,nof_Atoms
552,0.7941176470588235,0.6470588235294118,molVolume,molArea,nof_HBA
555,0.7647058823529411,0.7058823529411765,molVolume,molArea,nof_Rings
556,0.7941176470588235,0.8529411764705882,molVolume,molArea,Complexity
564,0.7647058823529411,0.7058823529411765,molVolume,molArea,posCharge/Volume
567,0.7647058823529411,0.6176470588235294,molVolume,molArea,nof_Fragments
572,0.7647058823529411,0.7058823529411765,molVolume,molArea,nof_COOH
578,0.7647058823529411,0.6470588235294118,molVolume,PSA/Area,nof_HBD
580,0.7647058823529411,0.6764705882352942,molVolume,PSA/Area,nof_Rings
583,0.7647058823529411,0.6764705882352942,molVolume,PSA/Area,nof_negCharge
597,0.8529411764705882,0.7058823529411765,molVolume,PSA/Area,nof_COOH
601,0.7647058823529411,0.6764705882352942,molVolume,nof_Atoms,nof_HBA
604,0.8235294117647058,0.6176470588235294,molVolume,nof_Atoms,nof_Rings
624,0.8235294117647058,0.7058823529411765,molVolume,nof_Chirals,nof_HBA
627,0.8235294117647058,0.6470588235294118,molVolume,nof_Chirals,nof_Rings
628,0.8235294117647058,0.7941176470588235,molVolume,nof_Chirals,Complexity
630,0.7941176470588235,0.5882352941176471,molVolume,nof_Chirals,nof_negCharge
636,0.7647058823529411,0.6764705882352942,molVolume,nof_Chirals,posCharge/Volume
637,0.7647058823529411,0.7352941176470589,molVolume,nof_Chirals,negCharge/Volume
644,0.7647058823529411,0.7058823529411765,molVolume,nof_Chirals,nof_COOH
648,0.7647058823529411,0.7058823529411765,molVolume,nof_HBA,molCharge_total
649,0.7647058823529411,0.6764705882352942,molVolume,nof_HBA,nof_Rings
651,0.7647058823529411,0.7058823529411765,molVolume,nof_HBA,nof_posCharge
652,0.8529411764705882,0.7058823529411765,molVolume,nof_HBA,nof_negCharge
653,0.7647058823529411,0.6764705882352942,molVolume,nof_HBA,a_heavy
654,0.7941176470588235,0.7058823529411765,molVolume,nof_HBA,C_R2
655,0.7647058823529411,0.7058823529411765,molVolume,nof_HBA,C_R1
656,0.7647058823529411,0.6764705882352942,molVolume,nof_HBA,C_R0
658,0.7941176470588235,0.6764705882352942,molVolume,nof_HBA,posCharge/Volume
660,0.7941176470588235,0.6764705882352942,molVolume,nof_HBA,nof_RotB
661,0.7647058823529411,0.6764705882352942,molVolume,nof_HBA,nof_Fragments
662,0.7941176470588235,0.7058823529411765,molVolume,nof_HBA,nof_PO4
663,0.7647058823529411,0.6764705882352942,molVolume,nof_HBA,nof_SO3H
665,0.7941176470588235,0.7058823529411765,molVolume,nof_HBA,nof_NH2
666,0.8823529411764706,0.6764705882352942,molVolume,nof_HBA,nof_COOH
670,0.7941176470588235,0.7352941176470589,molVolume,nof_HBD,nof_Rings
671,0.8529411764705882,0.7941176470588235,molVolume,nof_HBD,Complexity
679,0.7941176470588235,0.6764705882352942,molVolume,nof_HBD,posCharge/Volume
691,0.8235294117647058,0.7941176470588235,molVolume,molCharge_total,Complexity
706,0.8529411764705882,0.6764705882352942,molVolume,molCharge_total,nof_NH2
708,0.7647058823529411,0.7058823529411765,molVolume,molCharge_total,nof_OH
710,0.8235294117647058,0.7941176470588235,molVolume,nof_Rings,Complexity
711,0.7647058823529411,0.6764705882352942,molVolume,nof_Rings,nof_posCharge
712,0.7647058823529411,0.6470588235294118,molVolume,nof_Rings,nof_negCharge
713,0.7647058823529411,0.6764705882352942,molVolume,nof_Rings,a_heavy
716,0.7647058823529411,0.6470588235294118,molVolume,nof_Rings,C_R0
718,0.7941176470588235,0.6764705882352942,molVolume,nof_Rings,posCharge/Volume
719,0.7941176470588235,0.6764705882352942,molVolume,nof_Rings,negCharge/Volume
720,0.7647058823529411,0.6764705882352942,molVolume,nof_Rings,nof_RotB
721,0.7941176470588235,0.6470588235294118,molVolume,nof_Rings,nof_Fragments
722,0.7941176470588235,0.7058823529411765,molVolume,nof_Rings,nof_PO4
723,0.7941176470588235,0.6764705882352942,molVolume,nof_Rings,nof_SO3H
724,0.7941176470588235,0.6764705882352942,molVolume,nof_Rings,nof_SH
725,0.7647058823529411,0.7058823529411765,molVolume,nof_Rings,nof_NH2
726,0.7941176470588235,0.7058823529411765,molVolume,nof_Rings,nof_COOH
727,0.7647058823529411,0.7058823529411765,molVolume,nof_Rings,nof_OH
730,0.8235294117647058,0.7941176470588235,molVolume,Complexity,nof_negCharge
731,0.7647058823529411,0.7647058823529411,molVolume,Complexity,a_heavy
733,0.7647058823529411,0.7941176470588235,molVolume,Complexity,C_R1
734,0.7647058823529411,0.7647058823529411,molVolume,Complexity,C_R0
736,0.7941176470588235,0.7941176470588235,molVolume,Complexity,posCharge/Volume
737,0.7941176470588235,0.7941176470588235,molVolume,Complexity,negCharge/Volume
738,0.7647058823529411,0.7941176470588235,molVolume,Complexity,nof_RotB
740,0.7941176470588235,0.7941176470588235,molVolume,Complexity,nof_PO4
741,0.7941176470588235,0.7941176470588235,molVolume,Complexity,nof_SO3H
742,0.7941176470588235,0.7941176470588235,molVolume,Complexity,nof_SH
743,0.7647058823529411,0.7941176470588235,molVolume,Complexity,nof_NH2
744,0.8529411764705882,0.7941176470588235,molVolume,Complexity,nof_COOH
745,0.7941176470588235,0.7941176470588235,molVolume,Complexity,nof_OH
753,0.7647058823529411,0.6764705882352942,molVolume,nof_posCharge,posCharge/Volume
769,0.7941176470588235,0.6470588235294118,molVolume,nof_negCharge,posCharge/Volume
771,0.7647058823529411,0.6470588235294118,molVolume,nof_negCharge,nof_RotB
776,0.7647058823529411,0.6764705882352942,molVolume,nof_negCharge,nof_NH2
778,0.7647058823529411,0.7058823529411765,molVolume,nof_negCharge,nof_OH
798,0.8235294117647058,0.6764705882352942,molVolume,C_R2,posCharge/Volume
811,0.7647058823529411,0.6764705882352942,molVolume,C_R1,posCharge/Volume
813,0.7647058823529411,0.6764705882352942,molVolume,C_R1,nof_RotB
823,0.7647058823529411,0.6176470588235294,molVolume,C_R0,posCharge/Volume
825,0.7647058823529411,0.6176470588235294,molVolume,C_R0,nof_RotB
827,0.7647058823529411,0.6470588235294118,molVolume,C_R0,nof_PO4
828,0.7647058823529411,0.6470588235294118,molVolume,C_R0,nof_SO3H
845,0.7941176470588235,0.6764705882352942,molVolume,posCharge/Volume,negCharge/Volume
848,0.8235294117647058,0.6764705882352942,molVolume,posCharge/Volume,nof_PO4
849,0.8235294117647058,0.6764705882352942,molVolume,posCharge/Volume,nof_SO3H
850,0.7941176470588235,0.6764705882352942,molVolume,posCharge/Volume,nof_SH
852,0.7647058823529411,0.6764705882352942,molVolume,posCharge/Volume,nof_COOH
870,0.7647058823529411,0.6764705882352942,molVolume,nof_RotB,nof_OH
894,0.8235294117647058,0.7352941176470589,molVolume,nof_NH2,nof_COOH
897,0.7941176470588235,0.6764705882352942,molVolume,nof_COOH,nof_OH
909,0.7647058823529411,0.7058823529411765,molLogP,molLogS,Complexity
958,0.7647058823529411,0.6176470588235294,molLogP,molArea,nof_HBA
960,0.7647058823529411,0.6764705882352942,molLogP,molArea,molCharge_total
962,0.7941176470588235,0.8235294117647058,molLogP,molArea,Complexity
964,0.7647058823529411,0.6176470588235294,molLogP,molArea,nof_negCharge
978,0.7647058823529411,0.6764705882352942,molLogP,molArea,nof_COOH
991,0.7647058823529411,0.5882352941176471,molLogP,PSA/Area,C_R2
995,0.7941176470588235,0.5882352941176471,molLogP,PSA/Area,posCharge/Volume
1000,0.7647058823529411,0.6470588235294118,molLogP,PSA/Area,nof_SO3H
1001,0.7941176470588235,0.6176470588235294,molLogP,PSA/Area,nof_SH
1004,0.7941176470588235,0.6176470588235294,molLogP,PSA/Area,nof_OH
1060,0.7647058823529411,0.7352941176470589,molLogP,nof_HBA,C_R2
1072,0.7647058823529411,0.7058823529411765,molLogP,nof_HBA,nof_COOH
1093,0.7647058823529411,0.7058823529411765,molLogP,nof_HBD,nof_COOH
1107,0.7647058823529411,0.7647058823529411,molLogP,molCharge_total,nof_RotB
1177,0.7941176470588235,0.7352941176470589,molLogP,nof_negCharge,nof_RotB
1198,0.8235294117647058,0.6176470588235294,molLogP,a_heavy,nof_COOH
1204,0.7941176470588235,0.7352941176470589,molLogP,C_R2,posCharge/Volume
1208,0.7647058823529411,0.7058823529411765,molLogP,C_R2,nof_PO4
1212,0.7647058823529411,0.7058823529411765,molLogP,C_R2,nof_COOH
1213,0.7647058823529411,0.7058823529411765,molLogP,C_R2,nof_OH
1217,0.7941176470588235,0.7352941176470589,molLogP,C_R1,posCharge/Volume
1251,0.7941176470588235,0.7058823529411765,molLogP,posCharge/Volume,negCharge/Volume
1252,0.7647058823529411,0.7352941176470589,molLogP,posCharge/Volume,nof_RotB
1254,0.7647058823529411,0.7352941176470589,molLogP,posCharge/Volume,nof_PO4
1255,0.7941176470588235,0.7352941176470589,molLogP,posCharge/Volume,nof_SO3H
1256,0.7647058823529411,0.7352941176470589,molLogP,posCharge/Volume,nof_SH
1258,0.7647058823529411,0.6764705882352942,molLogP,posCharge/Volume,nof_COOH
1259,0.7941176470588235,0.7352941176470589,molLogP,posCharge/Volume,nof_OH
1289,0.7647058823529411,0.7058823529411765,molLogP,nof_PO4,nof_OH
1294,0.7647058823529411,0.7058823529411765,molLogP,nof_SO3H,nof_OH
1298,0.7647058823529411,0.7058823529411765,molLogP,nof_SH,nof_OH
1306,0.7647058823529411,0.6764705882352942,molLogS,molPSA,molArea
1312,0.8529411764705882,0.8235294117647058,molLogS,molPSA,molCharge_total
1313,0.7647058823529411,0.8235294117647058,molLogS,molPSA,nof_Rings
1314,0.7647058823529411,0.7352941176470589,molLogS,molPSA,Complexity
1316,0.8529411764705882,0.8235294117647058,molLogS,molPSA,nof_negCharge
1318,0.7941176470588235,0.8235294117647058,molLogS,molPSA,C_R2
1319,0.7647058823529411,0.8235294117647058,molLogS,molPSA,C_R1
1323,0.8235294117647058,0.8235294117647058,molLogS,molPSA,negCharge/Volume
1325,0.7941176470588235,0.8235294117647058,molLogS,molPSA,nof_Fragments
1330,0.7647058823529411,0.8235294117647058,molLogS,molPSA,nof_COOH
1336,0.8235294117647058,0.6176470588235294,molLogS,molArea,nof_HBA
1339,0.7647058823529411,0.5294117647058824,molLogS,molArea,nof_Rings
1340,0.9117647058823528,0.7647058823529411,molLogS,molArea,Complexity
1343,0.7941176470588235,0.5882352941176471,molLogS,molArea,a_heavy
1348,0.7941176470588235,0.5588235294117647,molLogS,molArea,posCharge/Volume
1354,0.7647058823529411,0.5588235294117647,molLogS,molArea,nof_SH
1362,0.8235294117647058,0.5882352941176471,molLogS,PSA/Area,nof_HBD
1363,0.7647058823529411,0.5882352941176471,molLogS,PSA/Area,molCharge_total
1365,0.7647058823529411,0.6470588235294118,molLogS,PSA/Area,Complexity
1367,0.7647058823529411,0.6176470588235294,molLogS,PSA/Area,nof_negCharge
1373,0.7647058823529411,0.6470588235294118,molLogS,PSA/Area,posCharge/Volume
1374,0.7647058823529411,0.7352941176470589,molLogS,PSA/Area,negCharge/Volume
1381,0.7941176470588235,0.6470588235294118,molLogS,PSA/Area,nof_COOH
1397,0.7941176470588235,0.6470588235294118,molLogS,nof_Atoms,posCharge/Volume
1431,0.7647058823529411,0.7058823529411765,molLogS,nof_HBA,nof_HBD
1436,0.7647058823529411,0.7058823529411765,molLogS,nof_HBA,nof_negCharge
1439,0.7941176470588235,0.7058823529411765,molLogS,nof_HBA,C_R1
1443,0.7647058823529411,0.7058823529411765,molLogS,nof_HBA,negCharge/Volume
1445,0.7647058823529411,0.7647058823529411,molLogS,nof_HBA,nof_Fragments
1450,0.7647058823529411,0.7058823529411765,molLogS,nof_HBA,nof_COOH
1455,0.7647058823529411,0.7941176470588235,molLogS,nof_HBD,Complexity
1463,0.7647058823529411,0.6764705882352942,molLogS,nof_HBD,posCharge/Volume
1475,0.7647058823529411,0.7941176470588235,molLogS,molCharge_total,Complexity
1497,0.7647058823529411,0.5882352941176471,molLogS,nof_Rings,a_heavy
1513,0.7647058823529411,0.7941176470588235,molLogS,Complexity,nof_posCharge
1514,0.7941176470588235,0.7941176470588235,molLogS,Complexity,nof_negCharge
1515,0.7941176470588235,0.7647058823529411,molLogS,Complexity,a_heavy
1517,0.7647058823529411,0.7941176470588235,molLogS,Complexity,C_R1
1520,0.7647058823529411,0.7941176470588235,molLogS,Complexity,posCharge/Volume
1524,0.7647058823529411,0.7941176470588235,molLogS,Complexity,nof_PO4
1525,0.8235294117647058,0.7941176470588235,molLogS,Complexity,nof_SO3H
1526,0.8235294117647058,0.7941176470588235,molLogS,Complexity,nof_SH
1529,0.7647058823529411,0.7941176470588235,molLogS,Complexity,nof_OH
1564,0.7647058823529411,0.5882352941176471,molLogS,a_heavy,C_R2
1570,0.7647058823529411,0.6470588235294118,molLogS,a_heavy,nof_RotB
1583,0.7647058823529411,0.7647058823529411,molLogS,C_R2,negCharge/Volume
1634,0.7647058823529411,0.5882352941176471,molLogS,posCharge/Volume,nof_SH
1639,0.7647058823529411,0.5588235294117647,molLogS,negCharge/Volume,nof_RotB
1689,0.8235294117647058,0.7058823529411765,molPSA,molArea,molCharge_total
1693,0.8235294117647058,0.7352941176470589,molPSA,molArea,nof_negCharge
1697,0.7941176470588235,0.7058823529411765,molPSA,molArea,C_R0
1707,0.7941176470588235,0.7352941176470589,molPSA,molArea,nof_COOH
1715,0.7647058823529411,0.6176470588235294,molPSA,PSA/Area,nof_Rings
1732,0.8235294117647058,0.6176470588235294,molPSA,PSA/Area,nof_COOH
1739,0.7647058823529411,0.6176470588235294,molPSA,nof_Atoms,nof_Rings
1751,0.7647058823529411,0.6470588235294118,molPSA,nof_Atoms,nof_Fragments
1753,0.7647058823529411,0.6176470588235294,molPSA,nof_Atoms,nof_SO3H
1769,0.7941176470588235,0.6176470588235294,molPSA,nof_Chirals,C_R0
1825,0.7941176470588235,0.5588235294117647,molPSA,molCharge_total,nof_Rings
1836,0.7941176470588235,0.7058823529411765,molPSA,molCharge_total,nof_RotB
1843,0.7647058823529411,0.4411764705882353,molPSA,molCharge_total,nof_OH
1847,0.7647058823529411,0.5588235294117647,molPSA,nof_Rings,nof_negCharge
1848,0.7647058823529411,0.7647058823529411,molPSA,nof_Rings,a_heavy
1855,0.7647058823529411,0.6764705882352942,molPSA,nof_Rings,nof_RotB
1856,0.7647058823529411,0.6470588235294118,molPSA,nof_Rings,nof_Fragments
1861,0.7647058823529411,0.5588235294117647,molPSA,nof_Rings,nof_COOH
1869,0.7941176470588235,0.7647058823529411,molPSA,Complexity,C_R0
1906,0.7647058823529411,0.6764705882352942,molPSA,nof_negCharge,nof_RotB
1917,0.7647058823529411,0.6176470588235294,molPSA,a_heavy,C_R0
1921,0.7941176470588235,0.7058823529411765,molPSA,a_heavy,nof_RotB
1977,0.7647058823529411,0.5,molPSA,C_sp3,nof_COOH
2032,0.7941176470588235,0.5588235294117647,molPSA,nof_COOH,nof_OH
2038,0.7941176470588235,0.7058823529411765,molArea,PSA/Area,nof_HBD
2039,0.7647058823529411,0.7058823529411765,molArea,PSA/Area,molCharge_total
2041,0.7647058823529411,0.7058823529411765,molArea,PSA/Area,Complexity
2043,0.7941176470588235,0.7058823529411765,molArea,PSA/Area,nof_negCharge
2045,0.7647058823529411,0.7058823529411765,molArea,PSA/Area,C_R2
2049,0.7941176470588235,0.7058823529411765,molArea,PSA/Area,posCharge/Volume
2050,0.7941176470588235,0.7058823529411765,molArea,PSA/Area,negCharge/Volume
2052,0.7647058823529411,0.7058823529411765,molArea,PSA/Area,nof_Fragments
2054,0.7941176470588235,0.7058823529411765,molArea,PSA/Area,nof_SO3H
2057,0.8529411764705882,0.7058823529411765,molArea,PSA/Area,nof_COOH
2058,0.7647058823529411,0.7058823529411765,molArea,PSA/Area,nof_OH
2059,0.7941176470588235,0.7058823529411765,molArea,PSA/Area,nof_acetyl
2061,0.7941176470588235,0.6470588235294118,molArea,nof_Atoms,nof_HBA
2064,0.7647058823529411,0.6470588235294118,molArea,nof_Atoms,nof_Rings
2065,0.7941176470588235,0.8529411764705882,molArea,nof_Atoms,Complexity
2067,0.7647058823529411,0.6470588235294118,molArea,nof_Atoms,nof_negCharge
2068,0.7941176470588235,0.8235294117647058,molArea,nof_Atoms,a_heavy
2069,0.7647058823529411,0.6470588235294118,molArea,nof_Atoms,C_R2
2070,0.7647058823529411,0.6764705882352942,molArea,nof_Atoms,C_R1
2084,0.8529411764705882,0.6764705882352942,molArea,nof_Chirals,nof_HBA
2087,0.7647058823529411,0.6176470588235294,molArea,nof_Chirals,nof_Rings
2088,0.8235294117647058,0.8529411764705882,molArea,nof_Chirals,Complexity
2091,0.7941176470588235,0.6764705882352942,molArea,nof_Chirals,a_heavy
2092,0.7941176470588235,0.6470588235294118,molArea,nof_Chirals,C_R2
2096,0.7647058823529411,0.6764705882352942,molArea,nof_Chirals,posCharge/Volume
2097,0.7941176470588235,0.7058823529411765,molArea,nof_Chirals,negCharge/Volume
2098,0.7647058823529411,0.6764705882352942,molArea,nof_Chirals,nof_RotB
2108,0.8529411764705882,0.7058823529411765,molArea,nof_HBA,molCharge_total
2109,0.7647058823529411,0.7352941176470589,molArea,nof_HBA,nof_Rings
2110,0.8235294117647058,0.8823529411764706,molArea,nof_HBA,Complexity
2112,0.8529411764705882,0.6764705882352942,molArea,nof_HBA,nof_negCharge
2113,0.7941176470588235,0.7058823529411765,molArea,nof_HBA,a_heavy
2114,0.7647058823529411,0.7352941176470589,molArea,nof_HBA,C_R2
2115,0.7941176470588235,0.7058823529411765,molArea,nof_HBA,C_R1
2116,0.7941176470588235,0.6764705882352942,molArea,nof_HBA,C_R0
2117,0.7647058823529411,0.7058823529411765,molArea,nof_HBA,C_sp3
2118,0.7941176470588235,0.6470588235294118,molArea,nof_HBA,posCharge/Volume
2119,0.7647058823529411,0.7352941176470589,molArea,nof_HBA,negCharge/Volume
2120,0.7647058823529411,0.7058823529411765,molArea,nof_HBA,nof_RotB
2121,0.7941176470588235,0.7058823529411765,molArea,nof_HBA,nof_Fragments
2122,0.8235294117647058,0.7058823529411765,molArea,nof_HBA,nof_PO4
2123,0.8235294117647058,0.7352941176470589,molArea,nof_HBA,nof_SO3H
2124,0.7941176470588235,0.7058823529411765,molArea,nof_HBA,nof_SH
2126,0.8529411764705882,0.7058823529411765,molArea,nof_HBA,nof_COOH
2127,0.7941176470588235,0.7352941176470589,molArea,nof_HBA,nof_OH
2131,0.8235294117647058,0.8529411764705882,molArea,nof_HBD,Complexity
2151,0.7941176470588235,0.8529411764705882,molArea,molCharge_total,Complexity
2152,0.7647058823529411,0.7058823529411765,molArea,molCharge_total,nof_posCharge
2154,0.7647058823529411,0.6764705882352942,molArea,molCharge_total,a_heavy
2159,0.7647058823529411,0.7647058823529411,molArea,molCharge_total,posCharge/Volume
2160,0.7647058823529411,0.6764705882352942,molArea,molCharge_total,negCharge/Volume
2163,0.7647058823529411,0.7058823529411765,molArea,molCharge_total,nof_PO4
2164,0.7647058823529411,0.7058823529411765,molArea,molCharge_total,nof_SO3H
2166,0.7647058823529411,0.7647058823529411,molArea,molCharge_total,nof_NH2
2167,0.7647058823529411,0.7058823529411765,molArea,molCharge_total,nof_COOH
2168,0.7647058823529411,0.7058823529411765,molArea,molCharge_total,nof_OH
2170,0.8235294117647058,0.8529411764705882,molArea,nof_Rings,Complexity
2173,0.7647058823529411,0.7058823529411765,molArea,nof_Rings,a_heavy
2179,0.7941176470588235,0.6764705882352942,molArea,nof_Rings,negCharge/Volume
2181,0.7647058823529411,0.6470588235294118,molArea,nof_Rings,nof_Fragments
2182,0.7647058823529411,0.7058823529411765,molArea,nof_Rings,nof_PO4
2183,0.7647058823529411,0.7058823529411765,molArea,nof_Rings,nof_SO3H
2184,0.7647058823529411,0.7058823529411765,molArea,nof_Rings,nof_SH
2185,0.7647058823529411,0.7647058823529411,molArea,nof_Rings,nof_NH2
2186,0.7647058823529411,0.7058823529411765,molArea,nof_Rings,nof_COOH
2189,0.7941176470588235,0.8529411764705882,molArea,Complexity,nof_posCharge
2190,0.8823529411764706,0.8529411764705882,molArea,Complexity,nof_negCharge
2191,0.8235294117647058,0.8529411764705882,molArea,Complexity,a_heavy
2192,0.8235294117647058,0.8529411764705882,molArea,Complexity,C_R2
2193,0.7941176470588235,0.8529411764705882,molArea,Complexity,C_R1
2194,0.7647058823529411,0.8529411764705882,molArea,Complexity,C_R0
2196,0.8529411764705882,0.8529411764705882,molArea,Complexity,posCharge/Volume
2197,0.7941176470588235,0.8529411764705882,molArea,Complexity,negCharge/Volume
2198,0.7941176470588235,0.8529411764705882,molArea,Complexity,nof_RotB
2199,0.7941176470588235,0.8529411764705882,molArea,Complexity,nof_Fragments
2200,0.8529411764705882,0.8529411764705882,molArea,Complexity,nof_PO4
2201,0.8529411764705882,0.8529411764705882,molArea,Complexity,nof_SO3H
2202,0.8529411764705882,0.8529411764705882,molArea,Complexity,nof_SH
2203,0.7647058823529411,0.8529411764705882,molArea,Complexity,nof_NH2
2204,0.8823529411764706,0.8529411764705882,molArea,Complexity,nof_COOH
2205,0.8529411764705882,0.8529411764705882,molArea,Complexity,nof_OH
2207,0.7647058823529411,0.7058823529411765,molArea,nof_posCharge,nof_negCharge
2214,0.7647058823529411,0.6764705882352942,molArea,nof_posCharge,negCharge/Volume
2224,0.7647058823529411,0.6764705882352942,molArea,nof_negCharge,a_heavy
2225,0.7647058823529411,0.7647058823529411,molArea,nof_negCharge,C_R2
2227,0.7647058823529411,0.6470588235294118,molArea,nof_negCharge,C_R0
2229,0.8235294117647058,0.7647058823529411,molArea,nof_negCharge,posCharge/Volume
2230,0.7647058823529411,0.6764705882352942,molArea,nof_negCharge,negCharge/Volume
2232,0.7647058823529411,0.6470588235294118,molArea,nof_negCharge,nof_Fragments
2233,0.7941176470588235,0.7058823529411765,molArea,nof_negCharge,nof_PO4
2234,0.7941176470588235,0.7058823529411765,molArea,nof_negCharge,nof_SO3H
2235,0.7941176470588235,0.7058823529411765,molArea,nof_negCharge,nof_SH
2236,0.7647058823529411,0.7647058823529411,molArea,nof_negCharge,nof_NH2
2237,0.7647058823529411,0.7058823529411765,molArea,nof_negCharge,nof_COOH
2244,0.7647058823529411,0.7058823529411765,molArea,a_heavy,posCharge/Volume
2247,0.7647058823529411,0.7941176470588235,molArea,a_heavy,nof_Fragments
2248,0.7647058823529411,0.7058823529411765,molArea,a_heavy,nof_PO4
2250,0.7647058823529411,0.7058823529411765,molArea,a_heavy,nof_SH
2253,0.7647058823529411,0.7058823529411765,molArea,a_heavy,nof_OH
2258,0.7941176470588235,0.7647058823529411,molArea,C_R2,posCharge/Volume
2259,0.7647058823529411,0.6764705882352942,molArea,C_R2,negCharge/Volume
2266,0.7941176470588235,0.7647058823529411,molArea,C_R2,nof_COOH
2305,0.8823529411764706,0.6764705882352942,molArea,posCharge/Volume,negCharge/Volume
2308,0.7647058823529411,0.7647058823529411,molArea,posCharge/Volume,nof_PO4
2309,0.7647058823529411,0.7647058823529411,molArea,posCharge/Volume,nof_SO3H
2310,0.7941176470588235,0.7647058823529411,molArea,posCharge/Volume,nof_SH
2312,0.8529411764705882,0.7647058823529411,molArea,posCharge/Volume,nof_COOH
2313,0.7941176470588235,0.7647058823529411,molArea,posCharge/Volume,nof_OH
2315,0.7647058823529411,0.6764705882352942,molArea,negCharge/Volume,nof_RotB
2317,0.8235294117647058,0.6764705882352942,molArea,negCharge/Volume,nof_PO4
2318,0.7941176470588235,0.6764705882352942,molArea,negCharge/Volume,nof_SO3H
2319,0.7647058823529411,0.6764705882352942,molArea,negCharge/Volume,nof_SH
2342,0.7647058823529411,0.7647058823529411,molArea,nof_PO4,nof_COOH
2347,0.7647058823529411,0.7647058823529411,molArea,nof_SO3H,nof_COOH
2351,0.7647058823529411,0.7647058823529411,molArea,nof_SH,nof_COOH
2354,0.7941176470588235,0.7647058823529411,molArea,nof_NH2,nof_COOH
2357,0.7647058823529411,0.7647058823529411,molArea,nof_COOH,nof_OH
2364,0.8235294117647058,0.7058823529411765,PSA/Area,nof_Atoms,nof_Rings
2426,0.7941176470588235,0.7058823529411765,PSA/Area,nof_HBA,nof_COOH
2432,0.7647058823529411,0.6470588235294118,PSA/Area,nof_HBD,nof_posCharge
2434,0.7647058823529411,0.6470588235294118,PSA/Area,nof_HBD,a_heavy
2439,0.7647058823529411,0.6764705882352942,PSA/Area,nof_HBD,posCharge/Volume
2450,0.8529411764705882,0.6176470588235294,PSA/Area,molCharge_total,nof_Rings
2453,0.7647058823529411,0.6470588235294118,PSA/Area,molCharge_total,nof_negCharge
2466,0.8235294117647058,0.6764705882352942,PSA/Area,molCharge_total,nof_NH2
2467,0.7941176470588235,0.6470588235294118,PSA/Area,molCharge_total,nof_COOH
2471,0.8529411764705882,0.6764705882352942,PSA/Area,nof_Rings,nof_posCharge
2472,0.8823529411764706,0.6470588235294118,PSA/Area,nof_Rings,nof_negCharge
2473,0.7941176470588235,0.6470588235294118,PSA/Area,nof_Rings,a_heavy
2474,0.7941176470588235,0.6764705882352942,PSA/Area,nof_Rings,C_R2
2478,0.7941176470588235,0.6470588235294118,PSA/Area,nof_Rings,posCharge/Volume
2481,0.8529411764705882,0.7058823529411765,PSA/Area,nof_Rings,nof_Fragments
2482,0.8235294117647058,0.6764705882352942,PSA/Area,nof_Rings,nof_PO4
2483,0.7647058823529411,0.6470588235294118,PSA/Area,nof_Rings,nof_SO3H
2484,0.7647058823529411,0.6470588235294118,PSA/Area,nof_Rings,nof_SH
2486,0.8235294117647058,0.7058823529411765,PSA/Area,nof_Rings,nof_COOH
2487,0.7941176470588235,0.6470588235294118,PSA/Area,nof_Rings,nof_OH
2490,0.7647058823529411,0.6764705882352942,PSA/Area,Complexity,nof_negCharge
2504,0.7941176470588235,0.6470588235294118,PSA/Area,Complexity,nof_COOH
2507,0.7647058823529411,0.6764705882352942,PSA/Area,nof_posCharge,nof_negCharge
2524,0.7941176470588235,0.6470588235294118,PSA/Area,nof_negCharge,a_heavy
2529,0.7941176470588235,0.6470588235294118,PSA/Area,nof_negCharge,posCharge/Volume
2531,0.7941176470588235,0.6176470588235294,PSA/Area,nof_negCharge,nof_RotB
2532,0.8235294117647058,0.6764705882352942,PSA/Area,nof_negCharge,nof_Fragments
2533,0.7647058823529411,0.6764705882352942,PSA/Area,nof_negCharge,nof_PO4
2535,0.7647058823529411,0.6764705882352942,PSA/Area,nof_negCharge,nof_SH
2536,0.7941176470588235,0.6470588235294118,PSA/Area,nof_negCharge,nof_NH2
2537,0.7941176470588235,0.6470588235294118,PSA/Area,nof_negCharge,nof_COOH
2539,0.7647058823529411,0.6470588235294118,PSA/Area,nof_negCharge,nof_acetyl
2540,0.7647058823529411,0.6470588235294118,PSA/Area,a_heavy,C_R2
2548,0.7647058823529411,0.6470588235294118,PSA/Area,a_heavy,nof_PO4
2549,0.7647058823529411,0.6470588235294118,PSA/Area,a_heavy,nof_SO3H
2552,0.8529411764705882,0.6470588235294118,PSA/Area,a_heavy,nof_COOH
2560,0.7647058823529411,0.6176470588235294,PSA/Area,C_R2,nof_RotB
2586,0.7647058823529411,0.7058823529411765,PSA/Area,C_R0,nof_Fragments
2591,0.7647058823529411,0.6764705882352942,PSA/Area,C_R0,nof_COOH
2594,0.7647058823529411,0.6764705882352942,PSA/Area,C_sp3,posCharge/Volume
2601,0.7647058823529411,0.6764705882352942,PSA/Area,C_sp3,nof_NH2
2606,0.7647058823529411,0.6176470588235294,PSA/Area,posCharge/Volume,nof_RotB
2629,0.7941176470588235,0.6470588235294118,PSA/Area,nof_RotB,nof_COOH
2642,0.7647058823529411,0.7058823529411765,PSA/Area,nof_PO4,nof_COOH
2644,0.7647058823529411,0.6764705882352942,PSA/Area,nof_PO4,nof_acetyl
2651,0.7647058823529411,0.7058823529411765,PSA/Area,nof_SH,nof_COOH
2654,0.7647058823529411,0.7058823529411765,PSA/Area,nof_NH2,nof_COOH
2656,0.7647058823529411,0.6764705882352942,PSA/Area,nof_NH2,nof_acetyl
2659,0.7647058823529411,0.6764705882352942,PSA/Area,nof_OH,nof_acetyl
2702,0.7647058823529411,0.5588235294117647,nof_Atoms,nof_HBA,nof_COOH
2730,0.7647058823529411,0.7647058823529411,nof_Atoms,molCharge_total,a_heavy
2735,0.7941176470588235,0.5588235294117647,nof_Atoms,molCharge_total,posCharge/Volume
2746,0.8235294117647058,0.6470588235294118,nof_Atoms,nof_Rings,Complexity
2747,0.7941176470588235,0.5882352941176471,nof_Atoms,nof_Rings,nof_posCharge
2749,0.7941176470588235,0.8235294117647058,nof_Atoms,nof_Rings,a_heavy
2756,0.7647058823529411,0.7058823529411765,nof_Atoms,nof_Rings,nof_RotB
2757,0.7647058823529411,0.5882352941176471,nof_Atoms,nof_Rings,nof_Fragments
2758,0.7941176470588235,0.5882352941176471,nof_Atoms,nof_Rings,nof_PO4
2759,0.7941176470588235,0.5882352941176471,nof_Atoms,nof_Rings,nof_SO3H
2760,0.7941176470588235,0.5882352941176471,nof_Atoms,nof_Rings,nof_SH
2763,0.7647058823529411,0.5882352941176471,nof_Atoms,nof_Rings,nof_OH
2770,0.7647058823529411,0.5588235294117647,nof_Atoms,Complexity,C_R0
2805,0.7941176470588235,0.5588235294117647,nof_Atoms,nof_negCharge,posCharge/Volume
2822,0.7647058823529411,0.7058823529411765,nof_Atoms,a_heavy,nof_RotB
2882,0.7647058823529411,0.7058823529411765,nof_Atoms,posCharge/Volume,nof_RotB
2968,0.7647058823529411,0.6176470588235294,nof_Chirals,nof_HBD,posCharge/Volume
3002,0.7647058823529411,0.6470588235294118,nof_Chirals,nof_Rings,a_heavy
3009,0.7647058823529411,0.6764705882352942,nof_Chirals,nof_Rings,nof_RotB
3020,0.7647058823529411,0.7941176470588235,nof_Chirals,Complexity,a_heavy
3073,0.7647058823529411,0.6470588235294118,nof_Chirals,a_heavy,posCharge/Volume
3077,0.7647058823529411,0.7058823529411765,nof_Chirals,a_heavy,nof_PO4
3078,0.7647058823529411,0.7058823529411765,nof_Chirals,a_heavy,nof_SO3H
3079,0.7647058823529411,0.7058823529411765,nof_Chirals,a_heavy,nof_SH
3112,0.7941176470588235,0.7352941176470589,nof_Chirals,C_R0,posCharge/Volume
3140,0.7647058823529411,0.7058823529411765,nof_Chirals,posCharge/Volume,nof_NH2
3194,0.7647058823529411,0.6764705882352942,nof_HBA,nof_HBD,a_heavy
3206,0.7647058823529411,0.4411764705882353,nof_HBA,nof_HBD,nof_NH2
3236,0.7647058823529411,0.7058823529411765,nof_HBA,nof_Rings,C_R0
3240,0.7941176470588235,0.7058823529411765,nof_HBA,nof_Rings,nof_RotB
3246,0.7941176470588235,0.6470588235294118,nof_HBA,nof_Rings,nof_COOH
3251,0.7647058823529411,0.8529411764705882,nof_HBA,Complexity,a_heavy
3254,0.7647058823529411,0.5882352941176471,nof_HBA,Complexity,C_R0
3258,0.7647058823529411,0.7058823529411765,nof_HBA,Complexity,nof_RotB
3264,0.7647058823529411,0.6764705882352942,nof_HBA,Complexity,nof_COOH
3284,0.7941176470588235,0.6764705882352942,nof_HBA,nof_negCharge,a_heavy
3291,0.7647058823529411,0.6764705882352942,nof_HBA,nof_negCharge,nof_RotB
3297,0.7941176470588235,0.5294117647058824,nof_HBA,nof_negCharge,nof_COOH
3302,0.7941176470588235,0.6176470588235294,nof_HBA,a_heavy,C_R0
3306,0.8235294117647058,0.6176470588235294,nof_HBA,a_heavy,nof_RotB
3311,0.7941176470588235,0.6176470588235294,nof_HBA,a_heavy,nof_NH2
3312,0.8529411764705882,0.6764705882352942,nof_HBA,a_heavy,nof_COOH
3351,0.7647058823529411,0.7647058823529411,nof_HBA,C_R0,nof_COOH
3362,0.8529411764705882,0.4705882352941176,nof_HBA,C_sp3,nof_COOH
3372,0.7647058823529411,0.4705882352941176,nof_HBA,posCharge/Volume,nof_COOH
3375,0.7941176470588235,0.6470588235294118,nof_HBA,negCharge/Volume,nof_RotB
3389,0.8235294117647058,0.6470588235294118,nof_HBA,nof_RotB,nof_COOH
3417,0.7647058823529411,0.6176470588235294,nof_HBA,nof_COOH,nof_OH
3451,0.7647058823529411,0.5294117647058824,nof_HBD,nof_Rings,nof_Fragments
3517,0.7647058823529411,0.7352941176470589,nof_HBD,a_heavy,nof_Fragments
3521,0.7647058823529411,0.6176470588235294,nof_HBD,a_heavy,nof_NH2
3575,0.7941176470588235,0.6470588235294118,nof_HBD,posCharge/Volume,negCharge/Volume
3581,0.7647058823529411,0.7352941176470589,nof_HBD,posCharge/Volume,nof_NH2
3651,0.8235294117647058,0.7941176470588235,molCharge_total,Complexity,a_heavy
3704,0.7647058823529411,0.6176470588235294,molCharge_total,a_heavy,posCharge/Volume
3706,0.7647058823529411,0.5588235294117647,molCharge_total,a_heavy,nof_RotB
3711,0.7647058823529411,0.6470588235294118,molCharge_total,a_heavy,nof_NH2
3766,0.7941176470588235,0.5294117647058824,molCharge_total,posCharge/Volume,nof_RotB
3767,0.7647058823529411,0.5588235294117647,molCharge_total,posCharge/Volume,nof_Fragments
3790,0.7941176470588235,0.5588235294117647,molCharge_total,nof_RotB,nof_OH
3822,0.8529411764705882,0.8529411764705882,nof_Rings,Complexity,a_heavy
3829,0.8235294117647058,0.7352941176470589,nof_Rings,Complexity,nof_RotB
3830,0.8529411764705882,0.6764705882352942,nof_Rings,Complexity,nof_Fragments
3839,0.7647058823529411,0.6764705882352942,nof_Rings,nof_posCharge,a_heavy
3844,0.7647058823529411,0.6176470588235294,nof_Rings,nof_posCharge,posCharge/Volume
3847,0.7941176470588235,0.5882352941176471,nof_Rings,nof_posCharge,nof_Fragments
3862,0.7647058823529411,0.6764705882352942,nof_Rings,nof_negCharge,nof_RotB
3871,0.7941176470588235,0.7058823529411765,nof_Rings,a_heavy,C_R2
3873,0.7647058823529411,0.5588235294117647,nof_Rings,a_heavy,C_R0
3875,0.7941176470588235,0.7352941176470589,nof_Rings,a_heavy,posCharge/Volume
3876,0.7647058823529411,0.6176470588235294,nof_Rings,a_heavy,negCharge/Volume
3877,0.7647058823529411,0.7058823529411765,nof_Rings,a_heavy,nof_RotB
3878,0.8235294117647058,0.7647058823529411,nof_Rings,a_heavy,nof_Fragments
3879,0.7941176470588235,0.7058823529411765,nof_Rings,a_heavy,nof_PO4
3880,0.7941176470588235,0.7058823529411765,nof_Rings,a_heavy,nof_SO3H
3881,0.7941176470588235,0.7058823529411765,nof_Rings,a_heavy,nof_SH
3882,0.7647058823529411,0.7647058823529411,nof_Rings,a_heavy,nof_NH2
3883,0.7647058823529411,0.7058823529411765,nof_Rings,a_heavy,nof_COOH
3884,0.7647058823529411,0.7352941176470589,nof_Rings,a_heavy,nof_OH
3885,0.7647058823529411,0.7058823529411765,nof_Rings,a_heavy,nof_acetyl
3889,0.8235294117647058,0.6470588235294118,nof_Rings,C_R2,posCharge/Volume
3914,0.7941176470588235,0.6470588235294118,nof_Rings,C_R0,posCharge/Volume
3920,0.7647058823529411,0.7058823529411765,nof_Rings,C_R0,nof_SH
3937,0.7941176470588235,0.7058823529411765,nof_Rings,posCharge/Volume,nof_RotB
3938,0.7647058823529411,0.5882352941176471,nof_Rings,posCharge/Volume,nof_Fragments
3939,0.7941176470588235,0.6470588235294118,nof_Rings,posCharge/Volume,nof_PO4
3940,0.8235294117647058,0.6470588235294118,nof_Rings,posCharge/Volume,nof_SO3H
3941,0.8235294117647058,0.6470588235294118,nof_Rings,posCharge/Volume,nof_SH
3944,0.7647058823529411,0.6470588235294118,nof_Rings,posCharge/Volume,nof_OH
3946,0.7941176470588235,0.7647058823529411,nof_Rings,negCharge/Volume,nof_RotB
3955,0.7647058823529411,0.7058823529411765,nof_Rings,nof_RotB,nof_Fragments
3963,0.7941176470588235,0.5882352941176471,nof_Rings,nof_Fragments,nof_PO4
3964,0.7941176470588235,0.5882352941176471,nof_Rings,nof_Fragments,nof_SO3H
3965,0.7941176470588235,0.5882352941176471,nof_Rings,nof_Fragments,nof_SH
3968,0.7647058823529411,0.5882352941176471,nof_Rings,nof_Fragments,nof_OH
3999,0.7941176470588235,0.6470588235294118,Complexity,nof_posCharge,nof_RotB
4008,0.8529411764705882,0.7941176470588235,Complexity,nof_negCharge,a_heavy
4015,0.7941176470588235,0.6470588235294118,Complexity,nof_negCharge,nof_RotB
4017,0.7647058823529411,0.6764705882352942,Complexity,nof_negCharge,nof_PO4
4024,0.7647058823529411,0.7941176470588235,Complexity,a_heavy,C_R2
4025,0.7647058823529411,0.7941176470588235,Complexity,a_heavy,C_R1
4026,0.7941176470588235,0.7058823529411765,Complexity,a_heavy,C_R0
4028,0.7647058823529411,0.7941176470588235,Complexity,a_heavy,posCharge/Volume
4030,0.7941176470588235,0.7647058823529411,Complexity,a_heavy,nof_RotB
4032,0.7647058823529411,0.7941176470588235,Complexity,a_heavy,nof_PO4
4033,0.7647058823529411,0.7941176470588235,Complexity,a_heavy,nof_SO3H
4034,0.7647058823529411,0.7941176470588235,Complexity,a_heavy,nof_SH
4036,0.8529411764705882,0.7941176470588235,Complexity,a_heavy,nof_COOH
4037,0.7647058823529411,0.7941176470588235,Complexity,a_heavy,nof_OH
4044,0.7647058823529411,0.6470588235294118,Complexity,C_R2,nof_RotB
4070,0.7647058823529411,0.5588235294117647,Complexity,C_R0,nof_Fragments
4090,0.7647058823529411,0.6470588235294118,Complexity,posCharge/Volume,nof_RotB
4109,0.7941176470588235,0.6470588235294118,Complexity,nof_RotB,nof_PO4
4110,0.7941176470588235,0.6470588235294118,Complexity,nof_RotB,nof_SO3H
4111,0.7647058823529411,0.6470588235294118,Complexity,nof_RotB,nof_SH
4162,0.7647058823529411,0.5294117647058824,nof_posCharge,a_heavy,C_R0
4164,0.7647058823529411,0.6764705882352942,nof_posCharge,a_heavy,posCharge/Volume
4203,0.8235294117647058,0.7058823529411765,nof_posCharge,C_R0,posCharge/Volume
4235,0.7941176470588235,0.7647058823529411,nof_posCharge,negCharge/Volume,nof_RotB
4282,0.7647058823529411,0.5588235294117647,nof_negCharge,a_heavy,C_R0
4284,0.7647058823529411,0.6470588235294118,nof_negCharge,a_heavy,posCharge/Volume
4286,0.7941176470588235,0.6176470588235294,nof_negCharge,a_heavy,nof_RotB
4291,0.7647058823529411,0.6764705882352942,nof_negCharge,a_heavy,nof_NH2
4323,0.7647058823529411,0.6176470588235294,nof_negCharge,C_R0,posCharge/Volume
4346,0.8235294117647058,0.5294117647058824,nof_negCharge,posCharge/Volume,nof_RotB
4347,0.7647058823529411,0.5294117647058824,nof_negCharge,posCharge/Volume,nof_Fragments
4370,0.7647058823529411,0.5588235294117647,nof_negCharge,nof_RotB,nof_OH
4401,0.7941176470588235,0.5882352941176471,a_heavy,C_R2,C_R0
4403,0.7941176470588235,0.6470588235294118,a_heavy,C_R2,posCharge/Volume
4405,0.7647058823529411,0.6176470588235294,a_heavy,C_R2,nof_RotB
4411,0.7647058823529411,0.6764705882352942,a_heavy,C_R2,nof_COOH
4428,0.7941176470588235,0.5588235294117647,a_heavy,C_R0,posCharge/Volume
4429,0.7647058823529411,0.5294117647058824,a_heavy,C_R0,negCharge/Volume
4432,0.7941176470588235,0.5294117647058824,a_heavy,C_R0,nof_PO4
4433,0.7941176470588235,0.5294117647058824,a_heavy,C_R0,nof_SO3H
4434,0.7647058823529411,0.5294117647058824,a_heavy,C_R0,nof_SH
4450,0.7647058823529411,0.6470588235294118,a_heavy,posCharge/Volume,negCharge/Volume
4451,0.7647058823529411,0.6470588235294118,a_heavy,posCharge/Volume,nof_RotB
4453,0.7941176470588235,0.6470588235294118,a_heavy,posCharge/Volume,nof_PO4
4454,0.7647058823529411,0.6764705882352942,a_heavy,posCharge/Volume,nof_SO3H
4455,0.7647058823529411,0.6764705882352942,a_heavy,posCharge/Volume,nof_SH
4457,0.8529411764705882,0.6470588235294118,a_heavy,posCharge/Volume,nof_COOH
4458,0.7941176470588235,0.5882352941176471,a_heavy,posCharge/Volume,nof_OH
4470,0.7941176470588235,0.6176470588235294,a_heavy,nof_RotB,nof_PO4
4472,0.7647058823529411,0.6176470588235294,a_heavy,nof_RotB,nof_SH
4474,0.7647058823529411,0.6176470588235294,a_heavy,nof_RotB,nof_COOH
4476,0.7647058823529411,0.6176470588235294,a_heavy,nof_RotB,nof_acetyl
4481,0.7647058823529411,0.7352941176470589,a_heavy,nof_Fragments,nof_COOH
4499,0.8235294117647058,0.7941176470588235,a_heavy,nof_NH2,nof_COOH
4502,0.7647058823529411,0.5882352941176471,a_heavy,nof_COOH,nof_OH
4507,0.7647058823529411,0.7647058823529411,C_R2,C_R1,posCharge/Volume
4519,0.8823529411764706,0.7058823529411765,C_R2,C_R0,posCharge/Volume
4523,0.7647058823529411,0.7058823529411765,C_R2,C_R0,nof_PO4
4524,0.7647058823529411,0.7058823529411765,C_R2,C_R0,nof_SO3H
4525,0.7647058823529411,0.7058823529411765,C_R2,C_R0,nof_SH
4528,0.7647058823529411,0.7058823529411765,C_R2,C_R0,nof_OH
4541,0.7647058823529411,0.6470588235294118,C_R2,posCharge/Volume,negCharge/Volume
4542,0.8529411764705882,0.6176470588235294,C_R2,posCharge/Volume,nof_RotB
4562,0.7647058823529411,0.6176470588235294,C_R2,nof_RotB,nof_SO3H
4620,0.7647058823529411,0.6764705882352942,C_R1,posCharge/Volume,nof_RotB
4622,0.7647058823529411,0.7647058823529411,C_R1,posCharge/Volume,nof_PO4
4623,0.7647058823529411,0.7647058823529411,C_R1,posCharge/Volume,nof_SO3H
4624,0.7647058823529411,0.7647058823529411,C_R1,posCharge/Volume,nof_SH
4629,0.7647058823529411,0.7352941176470589,C_R1,negCharge/Volume,nof_RotB
4688,0.8823529411764706,0.7058823529411765,C_R0,posCharge/Volume,nof_PO4
4689,0.8529411764705882,0.7058823529411765,C_R0,posCharge/Volume,nof_SO3H
4690,0.8823529411764706,0.7058823529411765,C_R0,posCharge/Volume,nof_SH
4691,0.7647058823529411,0.6176470588235294,C_R0,posCharge/Volume,nof_NH2
4692,0.8235294117647058,0.7058823529411765,C_R0,posCharge/Volume,nof_COOH
4693,0.8235294117647058,0.7058823529411765,C_R0,posCharge/Volume,nof_OH
4740,0.7941176470588235,0.38235294117647056,C_sp3,posCharge/Volume,negCharge/Volume
4747,0.7647058823529411,0.6470588235294118,C_sp3,posCharge/Volume,nof_COOH
4795,0.7941176470588235,0.6470588235294118,posCharge/Volume,negCharge/Volume,nof_RotB
4797,0.7647058823529411,0.6470588235294118,posCharge/Volume,negCharge/Volume,nof_PO4
4798,0.8235294117647058,0.6470588235294118,posCharge/Volume,negCharge/Volume,nof_SO3H
4799,0.7647058823529411,0.6470588235294118,posCharge/Volume,negCharge/Volume,nof_SH
4805,0.8529411764705882,0.6176470588235294,posCharge/Volume,nof_RotB,nof_PO4
4806,0.8235294117647058,0.6176470588235294,posCharge/Volume,nof_RotB,nof_SO3H
4807,0.8529411764705882,0.6176470588235294,posCharge/Volume,nof_RotB,nof_SH
4809,0.8235294117647058,0.6176470588235294,posCharge/Volume,nof_RotB,nof_COOH
4826,0.7647058823529411,0.7352941176470589,posCharge/Volume,nof_SO3H,nof_NH2
4841,0.7647058823529411,0.7352941176470589,negCharge/Volume,nof_RotB,nof_PO4
4842,0.7941176470588235,0.7058823529411765,negCharge/Volume,nof_RotB,nof_SO3H
4843,0.7647058823529411,0.7647058823529411,negCharge/Volume,nof_RotB,nof_SH
4846,0.7647058823529411,0.7352941176470589,negCharge/Volume,nof_RotB,nof_OH
4934,0.7647058823529411,0.8235294117647058,nof_PO4,nof_NH2,nof_COOH
4944,0.7647058823529411,0.8235294117647058,nof_SO3H,nof_NH2,nof_COOH
4950,0.7647058823529411,0.8235294117647058,nof_SH,nof_NH2,nof_COOH
4957,0.7941176470588235,0.8235294117647058,nof_NH2,nof_COOH,nof_acetyl
